Index,ACP,ADP,AHP,AIP,CPP,AGP,DDP,DeP,HeP,NuP,UmP,BiP,AMP
1,0.3579068,0.92446595,0.74305403,0.49754488,0.08212959,0.6756611,0.07566041,0.00030315167,0.00086584815,4.5137647e-05,0.040977594,1.418683e-05,0.277
2,0.6981875,0.9607678,0.72650594,0.43136463,0.73955536,0.1800514,0.14481407,0.03025409,0.08863377,0.99995196,0.04848652,0.28585017,0.604
3,0.5993758,0.93529516,0.99811673,0.4311758,0.9846193,0.44479743,0.017352136,0.0046592946,0.007258186,0.9999498,0.00046382516,0.0014362507,0.971
4,0.35251468,0.76229554,0.993306,0.4446541,0.9657223,0.12612504,0.057078842,0.00027140524,8.81203e-05,0.00257544,0.0050790366,0.0008864567,0.9
5,0.47567973,0.92931247,0.9954768,0.5252684,0.056531593,0.16894794,0.057104368,0.68786496,0.1191265,0.0053051123,0.053238515,3.3617684e-07,0.636
6,0.62495875,0.24651693,0.92786866,0.41829973,0.013969425,0.10649586,0.0026543457,0.00071136927,0.0037379144,0.99995077,0.26333895,0.0002824105,0.97
7,0.73128295,0.09501681,0.14010167,0.3970075,0.013778079,0.6912777,0.0016937805,0.8955066,4.5820198e-05,5.133533e-05,0.03295221,0.04254915,0.96
8,0.2305503,0.47840452,0.74181676,0.4584315,0.013223351,0.42229763,0.0023110139,0.00030445593,0.006367178,4.508366e-05,0.26550257,1.00809575e-05,0.502
9,0.82057637,0.97946703,0.99380684,0.44620606,0.9946331,0.6765702,0.022345,0.000556377,0.0005653395,0.99718106,0.21720265,0.00030611726,0.324
10,0.60396844,0.9431727,0.52989995,0.39891833,0.016175076,0.5305828,0.015237527,0.0005726931,0.00027340453,0.015170423,0.69168365,0.0021860693,0.97
11,0.50837404,0.9470623,0.92109376,0.45341885,0.019545635,0.74562603,0.03078834,0.00028506614,4.2139445e-07,0.9999461,4.9686546e-06,0.12005333,0.849
12,0.39415008,0.91614664,0.13655303,0.45683894,0.015411847,0.35569552,0.005145612,0.9602392,0.0030103906,0.99992037,0.0033623786,0.013787205,0.917
13,0.5394159,0.41696846,0.5891614,0.41402563,0.0044430993,0.33010828,0.005948111,0.863928,0.0025809447,0.00075825374,0.111806914,0.008202425,0.899
14,0.5545617,0.39328983,0.16281708,0.46926284,0.008786353,0.24565585,0.0016888533,0.0008019243,0.037742965,4.5304583e-05,0.9703432,0.24102569,0.961
15,0.5360887,0.51751953,0.14732687,0.4434869,0.01363563,0.3470612,0.02109728,0.00029718905,0.14632279,4.559293e-05,0.7955332,0.000777941,0.324
16,0.76525074,0.96012187,0.9512553,0.4735431,0.007360709,0.27839348,0.00035314454,0.0012236009,0.005770198,0.99960726,0.25555223,2.5304819e-06,0.98
17,0.5643868,0.90406716,0.42916062,0.45589206,0.027914356,0.31601724,0.3960966,0.0003849183,0.00024882154,6.9993876e-05,0.9551287,0.91653913,0.849
18,0.63320494,0.33606613,0.988326,0.48398596,0.010117848,0.16275884,0.002828796,0.00052342634,0.0013973276,0.012913919,0.026199477,7.689837e-05,0.982
19,0.43619335,0.11485247,0.08030024,0.43538043,0.029293004,0.702658,0.002448421,0.99422956,2.844921e-09,0.99994874,2.7320995e-05,3.911922e-07,0.855
20,0.84109837,0.25366598,0.76277757,0.44621372,0.017985746,0.5403247,0.012217687,0.00027251214,0.00023637505,4.5084173e-05,0.7727768,0.00015938308,0.341
21,0.34643993,0.8917487,0.99418145,0.44568816,0.36241832,0.5478543,0.006165041,0.9980392,0.00811991,0.71647763,0.024102738,7.1860077e-06,0.722
22,0.42732018,0.9363411,0.9962282,0.45570555,0.07145149,0.1387753,0.13858424,0.0020348267,0.023386769,0.9999101,0.004656679,8.37592e-07,0.978
23,0.32401857,0.93546623,0.41670257,0.48788518,0.006845797,0.16304336,0.009722396,0.0022391544,0.06500512,4.8697813e-05,0.15134943,0.018657956,0.855
24,0.6900909,0.121561445,0.95959175,0.43549034,0.0079736225,0.37056464,0.0004376501,0.006746194,0.8614193,4.8906728e-05,0.011447776,0.061199524,0.27
25,0.61456275,0.041280057,0.74346554,0.415349,0.04491586,0.061578605,0.049990173,0.0011814912,6.558571e-09,0.00016703921,0.99400985,0.8712364,0.722
26,0.19574265,0.4714277,0.23124932,0.46751928,0.010897228,0.472055,0.0019185991,0.00034446054,0.024703799,4.5088258e-05,0.27788785,2.039142e-05,0.984
27,0.6897276,0.98046964,0.9944121,0.43570313,0.9920099,0.5882895,0.01923345,0.00032365703,0.0008354978,0.29065916,0.057094697,0.0002011702,0.96
28,0.8010523,0.9287289,0.7406109,0.40396476,0.4372399,0.6041733,0.010975042,0.00025732175,0.00032193706,5.0883475e-05,0.04740303,0.7295128,0.928
29,0.50837404,0.9470623,0.92109376,0.45341885,0.019545635,0.74562603,0.03078834,0.00028506614,4.2139445e-07,0.9999461,4.9686546e-06,0.12005333,0.341
30,0.39415008,0.91614664,0.13655303,0.45683894,0.015411847,0.35569552,0.005145612,0.9602392,0.0030103906,0.99992037,0.0033623786,0.013787205,0.645
31,0.5394159,0.41696846,0.5891614,0.41402563,0.0044430993,0.33010828,0.005948111,0.863928,0.0025809447,0.00075825374,0.111806914,0.008202425,0.921
32,0.3579068,0.92446595,0.74305403,0.49754488,0.08212959,0.6756611,0.07566041,0.00030315167,0.00086584815,4.5137647e-05,0.040977594,1.418683e-05,0.719
33,0.6981875,0.9607678,0.72650594,0.43136463,0.73955536,0.1800514,0.14481407,0.03025409,0.08863377,0.99995196,0.04848652,0.28585017,0.21
34,0.5993758,0.93529516,0.99811673,0.4311758,0.9846193,0.44479743,0.017352136,0.0046592946,0.007258186,0.9999498,0.00046382516,0.0014362507,0.821
35,0.35251468,0.76229554,0.993306,0.4446541,0.9657223,0.12612504,0.057078842,0.00027140524,8.81203e-05,0.00257544,0.0050790366,0.0008864567,0.663
36,0.47567973,0.92931247,0.9954768,0.5252684,0.056531593,0.16894794,0.057104368,0.68786496,0.1191265,0.0053051123,0.053238515,3.3617684e-07,0.967
37,0.62495875,0.24651693,0.92786866,0.41829973,0.013969425,0.10649586,0.0026543457,0.00071136927,0.0037379144,0.99995077,0.26333895,0.0002824105,0.178
38,0.73128295,0.09501681,0.14010167,0.3970075,0.013778079,0.6912777,0.0016937805,0.8955066,4.5820198e-05,5.133533e-05,0.03295221,0.04254915,0.343
39,0.15519391,0.23095849,0.05355098,0.4610705,0.34812263,0.5466816,0.02318054,0.00031368164,0.0002756623,4.5148627e-05,0.83492714,0.0040641716,0.501
40,0.41719076,0.9513647,0.88289547,0.44349918,0.9729769,0.117459014,0.56014866,0.0004604841,0.0007786056,0.992214,0.11147465,0.006866834,0.931
41,0.73024184,0.9420092,0.9355835,0.40456638,0.07091665,0.48680413,0.010197054,0.000270275,0.000117188014,0.8959977,0.0072485073,8.000816e-06,0.967
42,0.44436797,0.9750191,0.51060855,0.47698092,0.08591719,0.17812808,0.004466898,0.0015389682,0.00018326048,4.8075588e-05,0.16842091,0.068383954,0.985
43,0.55541086,0.9265704,0.5790126,0.44683707,0.6433561,0.13257635,0.012418563,0.01384654,0.35431066,0.0004660497,0.74792266,0.15395346,0.858
44,0.80431324,0.55134225,0.9461207,0.4328757,0.11161433,0.6602295,0.010238334,0.0003862567,1.0880496e-05,0.98173803,0.0026945125,1.1324555e-06,0.776
45,0.2414288,0.39684072,0.35087973,0.48135492,0.34640417,0.17693529,0.042962097,0.00027812138,0.0005407994,4.5090066e-05,0.008536994,8.924491e-06,0.887
46,0.6269552,0.96590215,0.9582241,0.4808255,0.12039592,0.5251558,0.031310167,0.9988462,0.33494538,0.99958855,0.18857847,0.9905255,0.983
47,0.87992615,0.97268087,0.98590904,0.42636567,0.3403716,0.817643,0.02026802,0.00035467904,4.2601252e-05,0.005635134,0.5179799,1.0922477e-05,0.989
48,0.6546884,0.369228,0.92860293,0.41992638,0.014342645,0.24567191,0.0038559407,0.00025520806,0.0021349906,4.5224337e-05,0.8731354,0.00084299565,0.983
49,0.36472234,0.9479074,0.9982243,0.40746772,0.49276555,0.6300057,0.005977547,0.000606176,4.997025e-05,0.9996263,0.033516854,0.8465162,0.982
50,0.56555134,0.87111914,0.695417,0.45692644,0.18353797,0.5672006,0.5389233,0.00027897517,1.0806743e-05,4.5204586e-05,0.0060589723,6.7494733e-07,0.991
51,0.6258592,0.13380152,0.034101047,0.442584,0.012018414,0.092388906,0.009931991,0.00024501042,0.00066284684,4.5173994e-05,0.06161562,0.00033202357,0.883
52,0.38778117,0.8998417,0.99535984,0.40554276,0.0148013225,0.22976923,0.013128294,0.005052267,0.11529385,0.9934494,0.00011029731,8.288441e-07,0.475
53,0.42913127,0.21031843,0.9960341,0.46029958,0.0031625605,0.097454175,0.011192613,0.00047244082,0.04456318,0.000101814614,0.025450893,0.0035022316,0.677
54,0.8136559,0.112144336,0.86458343,0.43798813,0.017387481,0.50309247,0.0097724395,0.0004163994,3.0553496e-05,0.00056649465,0.7934205,0.95326954,0.98
55,0.51895064,0.58379525,0.9816907,0.47247794,0.051493544,0.14303304,0.12886433,0.00025021585,0.17994769,0.89713734,0.0016499,6.211458e-07,0.883
56,0.46018726,0.9077809,0.9678665,0.49704492,0.028630715,0.14969948,0.24823602,0.0004887664,0.004665639,0.9999515,0.0016154498,0.0027059936,0.977
57,0.46850327,0.9275892,0.10587503,0.4815734,0.83554333,0.14676419,0.0020506685,0.00025357938,2.5813754e-06,5.2892727e-05,0.097905695,0.011882455,0.971
58,0.36641383,0.96522343,0.9924379,0.4969438,0.7311407,0.30491883,0.5390138,0.0010124762,0.005078114,0.9999182,0.00036748318,8.719087e-06,0.994
59,0.7587066,0.80770427,0.90625393,0.4760558,0.6595128,0.55921525,0.06538765,0.023548312,0.00020275696,0.9999522,0.9891971,0.024998948,0.859
60,0.686038,0.1944701,0.809419,0.38025013,0.009987823,0.14048696,0.0007098128,0.12110135,2.9875417e-07,0.99984455,0.99566466,0.9999224,0.039
61,0.51895064,0.58379525,0.9816907,0.47247794,0.051493544,0.14303304,0.12886433,0.00025021585,0.17994769,0.89713734,0.0016499,6.211458e-07,0.88
62,0.46018726,0.9077809,0.9678665,0.49704492,0.028630715,0.14969948,0.24823602,0.0004887664,0.004665639,0.9999515,0.0016154498,0.0027059936,0.962
63,0.46850327,0.9275892,0.10587503,0.4815734,0.83554333,0.14676419,0.0020506685,0.00025357938,2.5813754e-06,5.2892727e-05,0.097905695,0.011882455,0.942
64,0.36641383,0.96522343,0.9924379,0.4969438,0.7311407,0.30491883,0.5390138,0.0010124762,0.005078114,0.9999182,0.00036748318,8.719087e-06,0.992
65,0.7587066,0.80770427,0.90625393,0.4760558,0.6595128,0.55921525,0.06538765,0.023548312,0.00020275696,0.9999522,0.9891971,0.024998948,0.928
66,0.686038,0.1944701,0.809419,0.38025013,0.009987823,0.14048696,0.0007098128,0.12110135,2.9875417e-07,0.99984455,0.99566466,0.9999224,0.983
67,0.759606,0.61502916,0.45849922,0.42069137,0.08114806,0.6433331,0.0055731214,0.001250864,0.0015766587,4.5360262e-05,0.69309443,4.1245085e-06,0.918
68,0.74636173,0.9588619,0.964079,0.47726163,0.0027689254,0.2077317,0.0010372422,0.00045557748,0.00012357355,0.00039491165,0.4540324,0.04416367,0.015
69,0.56199086,0.9616354,0.98821646,0.47328582,0.8389812,0.15719417,0.019552074,0.00091507303,0.24294826,0.0051703644,0.99197805,0.021547196,0.014
70,0.3436256,0.9171211,0.9948025,0.4404218,0.8701898,0.09196322,0.01317454,0.0002844469,0.0027376788,0.99990654,0.22943425,4.470724e-05,0.983
71,0.7862196,0.9345337,0.9953577,0.3997938,0.4408886,0.2252073,0.043959983,0.0013528153,0.00018851308,0.033789452,0.00017327529,1.0845191e-05,0.873
72,0.65036094,0.8791466,0.99737775,0.4433714,0.022219077,0.3148387,0.00046924347,0.00031338332,0.022214036,0.99973327,0.09195784,2.676479e-05,0.016
73,0.5116769,0.9782777,0.99494725,0.46994066,0.58843094,0.25159395,0.19276732,0.03804538,0.008540199,0.99989295,3.452622e-05,2.6840902e-07,0.014
74,0.57722867,0.061222885,0.63854855,0.42866436,0.007320217,0.56933033,0.004995717,0.99848914,0.0032206408,4.7474932e-05,0.55216473,0.90664953,0.995
75,0.75743496,0.14659663,0.27397305,0.4503374,0.13618219,0.8206849,0.0061827535,0.08215197,3.2844696e-07,0.99982506,0.9162412,0.005917124,0.973
76,0.32181755,0.9042774,0.12231347,0.47955698,0.01540405,0.6021121,0.008151501,0.0011146994,0.036699392,4.5027115e-05,0.011762607,0.000154954,0.55
77,0.42442453,0.9746148,0.97681594,0.42141068,0.0038487364,0.5591844,0.00085213094,0.83796376,0.00086623884,4.5706114e-05,0.91406053,0.80690217,0.965
78,0.8650168,0.9615106,0.96867484,0.4651697,0.19332014,0.05270445,0.70111305,0.00037456828,5.7417154e-05,0.99990356,0.018785784,0.013303268,0.743
79,0.90607333,0.97969604,0.9935266,0.4697861,0.018039968,0.36950716,0.0116266245,0.000312348,1.0603355e-05,0.00019808937,0.47638255,0.093207985,0.475
80,0.7846998,0.42940155,0.044244267,0.47538805,0.010608673,0.12969862,0.00038947983,0.0004024014,0.00022843873,8.2946084e-05,0.12336627,0.9997818,0.687
81,0.70234835,0.8693001,0.27240703,0.48818636,0.95346564,0.15695985,0.008072294,0.00025998286,0.0028017075,4.6198533e-05,0.27596185,0.20054893,0.951
82,0.5172915,0.8363227,0.92450553,0.46101168,0.009858245,0.27600867,0.0027536938,0.00026468566,0.000120921795,0.9998274,0.054839633,0.00046158847,0.855
83,0.59268355,0.09659651,0.9428805,0.43716532,0.19563714,0.24388681,0.16926019,0.0002699657,3.244157e-06,0.99966156,0.98878866,0.00047561195,0.938
84,0.4812786,0.3474484,0.08660742,0.42594758,0.19275783,0.72509384,0.17392814,0.0005970149,2.4180496e-05,4.5055163e-05,0.64997536,4.497805e-07,0.995
85,0.4542703,0.9441818,0.28687236,0.46778825,0.9789098,0.15230957,0.2736584,0.00053689553,0.06744498,0.32477945,0.14821917,0.23481673,0.33
86,0.20790136,0.7444085,0.95606524,0.41794994,0.020431798,0.48989978,0.008345279,0.2878356,0.00014702465,0.99644023,0.0027383324,3.8438678e-08,0.925
87,0.18579653,0.46817976,0.7475166,0.47862437,0.1559783,0.090307645,0.065424584,0.9914369,0.04217858,0.9999503,0.05883903,0.9995055,0.424
88,0.70432884,0.6055552,0.98973656,0.39270264,0.9815512,0.18101285,0.011576255,0.99262565,0.008432492,0.9999522,0.0003531725,2.7861931e-06,0.867
89,0.75154907,0.30601704,0.015904458,0.47378927,0.0060554957,0.4837482,0.015485951,0.0003419047,0.0008828885,4.9028422e-05,0.9969324,0.8554709,0.439
90,0.63561726,0.9278067,0.6557151,0.4724872,0.07318175,0.16381633,0.0061139837,0.0038104684,0.13484871,0.0002274904,0.91999507,0.5298909,0.964
91,0.57593787,0.9688071,0.9971232,0.5144859,0.98102957,0.17753968,0.90636057,0.00024632044,0.020467546,0.9343227,0.03398578,0.00016438848,0.482
92,0.64460504,0.9827252,0.99231356,0.5007589,0.52487856,0.15707126,0.16323254,0.00030020738,0.00039209935,0.99994946,0.44714776,0.00052285934,0.416
93,0.7079634,0.94205546,0.21745914,0.47435588,0.08942499,0.66383415,0.29284155,0.049602017,0.0021769747,0.99995124,2.6597798e-05,0.9974554,0.972
94,0.6008258,0.9715399,0.9664016,0.4689341,0.006345545,0.21295294,0.0038523744,0.00041681898,0.00435913,4.7192858e-05,0.9446091,0.43145373,0.628
95,0.5411771,0.15439884,0.68507785,0.45613673,0.17203799,0.77967006,0.02578054,0.00053602597,3.818151e-06,4.652424e-05,0.07949148,4.924923e-07,0.416
96,0.6022879,0.115986146,0.16044222,0.48492953,0.021365367,0.63014203,0.05513386,0.00037163333,2.120864e-05,0.999946,0.99688077,1.958392e-05,0.972
97,0.69105417,0.29265648,0.13389279,0.42366382,0.016029013,0.4799881,0.021318106,0.00026112035,0.00014497113,4.5234734e-05,0.69091237,4.462863e-06,0.667
98,0.6323984,0.44326192,0.67919284,0.487007,0.06656045,0.2483867,0.48799622,0.00034249274,0.001191129,0.9413913,0.10754052,0.019326089,0.494
99,0.40650705,0.9564995,0.053858075,0.5020625,0.98875904,0.22368056,0.04112787,0.00067854475,0.00014589276,0.99622214,0.0030212326,0.15446539,0.972
100,0.6336502,0.92412347,0.95486975,0.38795653,0.00220556,0.14513174,0.0020231265,0.20585623,0.009923574,4.992505e-05,0.032356087,0.00014173197,0.628
101,0.7353686,0.812794,0.8106461,0.4508262,0.004510542,0.15294819,0.12650423,0.001215513,0.0013286124,0.9999449,6.937449e-05,2.084175e-07,0.313
102,0.65068316,0.98464566,0.9798639,0.44462848,0.970041,0.45379835,0.046049535,0.9978783,0.44374853,4.9075996e-05,0.9978532,0.00016928044,0.988
103,0.78866524,0.8854768,0.9974962,0.45286703,0.20475113,0.23537831,0.005004433,0.00041655323,0.0007452083,0.00276004,0.818051,0.95394087,0.802
104,0.81257284,0.84468764,0.9606786,0.421791,0.021273518,0.31375217,0.0111288745,0.00028188137,0.003839661,7.195139e-05,0.0010503888,0.123890035,0.876
105,0.65643,0.91743004,0.9915038,0.49161693,0.38159198,0.39102086,0.028720424,0.92382735,0.0064420053,0.9514928,0.0058422284,5.8788602e-05,0.988
106,0.59067833,0.9694299,0.9974746,0.4515524,0.7787848,0.20927559,0.002792938,0.000389182,0.14960128,0.9998963,0.22542469,0.00010694945,0.978
107,0.523245,0.60875654,0.988736,0.4407413,0.14097327,0.5657613,0.0028628868,0.018906372,0.021545775,4.9463757e-05,0.24119778,0.17280817,0.986
108,0.65027237,0.38874412,0.9854702,0.44794852,0.006689187,0.25480637,0.0063465973,0.013071997,0.0015587683,0.9921504,0.9320179,0.035172507,0.981
109,0.70598316,0.11172045,0.07376925,0.43754447,0.005260246,0.25015026,0.00077202485,0.0003268462,0.007099365,4.516482e-05,0.900754,0.007305029,0.985
110,0.9341617,0.9315472,0.99222964,0.4660574,0.3241668,0.07812112,0.009013773,0.9703287,0.23389186,0.00015104612,0.034795806,4.3055934e-07,0.373
111,0.8410376,0.95443225,0.9784893,0.38709474,0.17305999,0.1706217,0.012734033,0.0038770572,0.00053317705,0.17212297,0.4941655,3.6629932e-05,0.988
112,0.53935444,0.98259914,0.88684344,0.49343342,0.91450816,0.47837883,0.0031265349,0.00039458842,0.6690231,0.00014368862,0.286895,8.801743e-05,0.802
113,0.55510193,0.83568627,0.077076204,0.47570962,0.014430203,0.097437754,0.08352768,0.00029276902,0.06538538,0.007729516,0.21858054,0.88201016,0.773
114,0.50471175,0.64157254,0.2577609,0.43992907,0.0046060774,0.18705153,0.0036627895,0.0002996749,0.24175309,6.062191e-05,0.11387737,1.900585e-05,0.661
115,0.72089684,0.67437536,0.8456867,0.46272847,0.005359802,0.87020606,0.0037695265,0.00029696728,0.00093304086,4.6895464e-05,0.9887355,0.99410665,0.957
116,0.42112458,0.863902,0.9725801,0.46586463,0.0023977733,0.15764275,0.0053755934,0.0117170485,1.238475e-05,0.9999515,0.98771286,0.99882597,0.965
117,0.83489466,0.54895806,0.9403583,0.45755163,0.023541285,0.11343229,0.122388676,0.00025306008,0.039925806,0.9999517,0.5614668,0.99993193,0.951
118,0.7205886,0.84304833,0.91499394,0.48176578,0.63353676,0.14844915,0.53813416,0.00033651554,0.31565425,0.71783036,0.6005128,0.99546045,0.626
119,0.47651833,0.95863825,0.89569753,0.4786234,0.017720645,0.17434762,0.017945794,0.0019104596,2.7963943e-05,0.9994362,0.031380102,0.01547465,0.977
120,0.3609403,0.66780335,0.8941015,0.4654703,0.093945585,0.079860166,0.11721145,0.0006698428,0.0008549776,0.9999523,0.043558873,9.041065e-05,0.978
121,0.61150926,0.5330648,0.44159755,0.4795482,0.34410584,0.13755949,0.28295952,0.78992355,0.9569112,0.9999521,0.0015478396,0.857045,0.956
122,0.5531894,0.04178077,0.10508062,0.45853922,0.0066846292,0.8781335,0.00022555546,0.0007526809,0.009739852,4.6506673e-05,0.740131,3.0888947e-05,0.21
123,0.27105802,0.5571306,0.58610654,0.43547803,0.009259641,0.33358538,0.0016729373,0.00025765735,0.0013500764,4.508813e-05,0.030607264,8.662026e-06,0.58
124,0.23989604,0.8603525,0.90977895,0.4302977,0.008529438,0.2689146,0.003215211,0.52709734,0.9517592,4.5503366e-05,0.008723132,0.05593073,0.99
125,0.6066194,0.547734,0.39892933,0.44807273,0.026188238,0.21770956,0.0010016551,0.0006560589,0.0061563463,8.954133e-05,0.6193936,0.09061164,0.868
126,0.83154535,0.9674792,0.9976943,0.4670558,0.8949049,0.19100246,0.5675786,0.00026832035,0.004763912,0.99995136,0.00020956594,0.00019967582,0.415
127,0.70351815,0.89613855,0.9823093,0.4023581,0.32686076,0.22606438,0.030966772,0.0005014782,7.1293465e-07,0.00021012557,0.08379529,0.33022776,0.659
128,0.807491,0.96249753,0.9633542,0.41232026,0.033377524,0.25116336,0.00288137,0.0012233352,7.4344876e-05,0.98952776,0.013946115,0.002270084,0.94
129,0.70192266,0.8292514,0.97521544,0.4288111,0.19932948,0.3185143,0.22730285,0.0005928783,0.0005575896,0.9662537,0.911446,0.8381496,0.432
130,0.7110567,0.4900698,0.57215923,0.47898698,0.0115869315,0.43224657,0.0045685526,0.00031940846,5.3951528e-05,0.7950656,0.003754691,2.580015e-05,0.97
131,0.8355712,0.41090137,0.95918596,0.39733282,0.008595662,0.17784828,0.0010933408,0.0002476143,3.660381e-05,4.5838857e-05,0.2784097,0.0001338811,0.962
132,0.73255813,0.40406373,0.25751022,0.45734832,0.00344465,0.13826463,0.00079687644,0.00037871787,8.3650484e-05,7.7987635e-05,0.017579708,0.99996245,0.922
133,0.8158291,0.4444299,0.8188068,0.39618424,0.002369084,0.15680139,0.0012313619,0.00031311333,1.5584479e-07,4.7145357e-05,0.18395285,0.7799431,0.63
134,0.8220511,0.93821204,0.9872579,0.45411226,0.039781988,0.12462097,0.024438234,0.00078340556,0.01772297,0.999948,0.96347755,0.3809357,0.97
135,0.8904465,0.87459534,0.86924374,0.39603516,0.0055261925,0.2017498,0.003232778,0.00026777294,0.15942727,0.032903858,0.7931957,0.9999398,0.962
136,0.79346764,0.96619415,0.99535996,0.49661136,0.9725433,0.08010888,0.64187247,0.00024630706,0.056815207,6.505633e-05,0.15945904,0.0018350343,0.88
137,0.703607,0.98339266,0.99756026,0.4030257,0.10710153,0.18160419,0.041095484,0.00025269866,1.8077093e-05,0.99994516,0.041246723,2.1847996e-05,0.985
138,0.32179865,0.9344449,0.9956008,0.46329948,0.58305484,0.3540802,0.31108642,0.0002983351,8.3561994e-05,0.99986863,0.001789178,8.924306e-05,0.94
139,0.45478556,0.9827381,0.44395754,0.476395,0.19430156,0.25460213,0.1017797,0.23085003,0.9983443,0.99978846,0.024261955,0.99871516,0.93
140,0.7730557,0.56276155,0.5278459,0.42180678,0.04252255,0.2839213,0.0013843488,0.00030632367,0.0065800836,0.99994993,0.0037692827,0.007004263,0.7
141,0.6360152,0.72247875,0.6599001,0.44059026,0.02992963,0.11793053,0.029834582,0.0004491632,0.000108728826,0.9999523,0.65789187,0.99999976,0.937
142,0.47066635,0.40237075,0.7191275,0.41786066,0.9663294,0.10327313,0.094683245,0.0007857517,0.06412806,0.99994946,0.00044171332,0.00042431327,0.945
143,0.32181755,0.9042774,0.12231347,0.47955698,0.01540405,0.6021121,0.008151501,0.0011146994,0.036699392,4.5027115e-05,0.011762607,0.000154954,0.859
144,0.42442453,0.9746148,0.97681594,0.42141068,0.0038487364,0.5591844,0.00085213094,0.83796376,0.00086623884,4.5706114e-05,0.91406053,0.80690217,0.989
145,0.8650168,0.9615106,0.96867484,0.4651697,0.19332014,0.05270445,0.70111305,0.00037456828,5.7417154e-05,0.99990356,0.018785784,0.013303268,0.991
146,0.90607333,0.97969604,0.9935266,0.4697861,0.018039968,0.36950716,0.0116266245,0.000312348,1.0603355e-05,0.00019808937,0.47638255,0.093207985,0.986
147,0.7846998,0.42940155,0.044244267,0.47538805,0.010608673,0.12969862,0.00038947983,0.0004024014,0.00022843873,8.2946084e-05,0.12336627,0.9997818,0.949
148,0.70234835,0.8693001,0.27240703,0.48818636,0.95346564,0.15695985,0.008072294,0.00025998286,0.0028017075,4.6198533e-05,0.27596185,0.20054893,0.91
149,0.5172915,0.8363227,0.92450553,0.46101168,0.009858245,0.27600867,0.0027536938,0.00026468566,0.000120921795,0.9998274,0.054839633,0.00046158847,0.853
150,0.59268355,0.09659651,0.9428805,0.43716532,0.19563714,0.24388681,0.16926019,0.0002699657,3.244157e-06,0.99966156,0.98878866,0.00047561195,0.946
151,0.51305664,0.70202446,0.8131573,0.4519204,0.028893074,0.1413494,0.024711976,0.00024415273,2.1540895e-05,4.5725432e-05,0.25388274,7.8443874e-05,0.578
152,0.66075766,0.96152794,0.964306,0.3989515,0.3674952,0.37273392,0.0851174,0.0005394935,0.00018791492,0.996997,0.011019457,1.7600629e-06,0.944
153,0.6472363,0.98321277,0.94028354,0.47305167,0.47511733,0.34908107,0.047779135,0.0006075595,0.004342211,0.99994075,3.6509755e-05,0.012008856,0.987
154,0.6560031,0.96095556,0.9953176,0.4340013,0.04893263,0.16300769,0.016308894,0.00033072167,2.580175e-05,0.99987507,0.8410695,0.9792793,0.123
155,0.5897144,0.39448774,0.9947178,0.40604272,0.062903725,0.48590332,0.0032951948,0.00238546,9.525201e-05,0.99995196,0.27507794,0.97470134,0.122
156,0.31468675,0.88931257,0.9869639,0.44522765,0.9673409,0.110188104,0.0031635137,0.99968815,0.003494248,0.99994755,2.0151956e-05,2.3858706e-07,0.907
157,0.6690919,0.8330291,0.99275863,0.42032194,0.6270101,0.37913156,0.038451247,0.9869386,0.00027138402,0.99994147,0.14867222,0.00018702136,0.97
158,0.8411172,0.6136364,0.52551866,0.43128026,0.0025763712,0.35640585,0.012391444,0.00029654743,5.6899233e-05,0.9998945,0.4975244,0.947623,0.971
159,0.56462073,0.8321984,0.9930862,0.46375477,0.0583362,0.23274861,0.0034761156,0.00030625303,0.0005640951,4.5059503e-05,0.05039014,8.812008e-07,0.791
160,0.78444195,0.8667066,0.928447,0.4459018,0.15554363,0.39476806,0.060754005,0.00024479232,0.00015209451,0.00014935982,0.09255409,0.0007889374,0.907
161,0.46233246,0.67779213,0.16814013,0.44344962,0.7451265,0.31926107,0.0017151852,0.00028586958,0.00091214734,0.99989283,0.9938437,0.97548693,0.97
162,0.518735,0.8650023,0.76250076,0.46236342,0.0031042648,0.16723152,0.00028869067,0.8434322,0.31247365,0.0011803152,0.0014507585,0.0036704317,0.971
163,0.5331723,0.95555496,0.036877528,0.45239317,0.00718699,0.44123676,0.0023064164,0.99920696,0.2933826,4.570228e-05,0.3860888,0.013620124,0.948
164,0.64989334,0.93623716,0.8912544,0.49850252,0.006185376,0.7583659,0.022148037,0.9712315,0.09710927,0.9983626,0.008796828,0.00021337363,0.96
165,0.6832251,0.1444668,0.47418904,0.37611005,0.010010697,0.17998303,0.0041389414,0.0006078606,2.0620591e-08,0.96398973,0.9847221,6.679374e-05,0.979
166,0.22484232,0.20429325,0.46289688,0.4533027,0.86451226,0.096766874,0.1121744,0.0002628641,0.037165917,4.5366534e-05,6.131301e-05,9.9604796e-09,0.351
167,0.45959857,0.97258437,0.99724627,0.47614735,0.325438,0.44480473,0.0064079277,0.009534654,0.044584706,0.002645748,5.920981e-07,6.103568e-05,0.944
168,0.5942741,0.9563389,0.97166246,0.48387456,0.012880676,0.2298931,0.0014154426,0.0012624189,0.09378445,0.9998733,0.998293,0.999998,0.863
169,0.6923723,0.6296429,0.8584557,0.46565607,0.5460009,0.18002154,0.016707381,0.0006333665,0.0030050257,0.0011313657,0.16057684,0.99993134,0.873
170,0.2551491,0.110814385,0.0052098427,0.46285918,0.012344929,0.16793105,0.001319937,0.00027732702,0.00051112997,4.5131535e-05,0.0060968455,1.2482172e-06,0.975
171,0.39673823,0.91454774,0.80696404,0.47288558,0.8410154,0.079827674,0.55804896,0.00035325182,0.00136408,5.839057e-05,3.5305642e-05,4.9626453e-07,0.97
172,0.6890133,0.88674766,0.6893271,0.4711147,0.017372636,0.2972121,0.0012441054,0.00036034622,0.004090559,0.00011615248,0.6966738,0.9990324,0.903
173,0.45943445,0.52705944,0.9732862,0.47224888,0.0075796945,0.7473529,0.047173858,0.0006707087,0.00032898108,0.00023888085,0.10989607,0.5760504,0.988
174,0.2918721,0.39844087,0.21394007,0.4540309,0.10823051,0.071190774,0.070431754,0.000262803,0.040823985,4.6891397e-05,0.00018800113,4.0436042e-08,0.971
175,0.5044307,0.93657,0.9056643,0.42134723,0.0041745636,0.10198126,0.0077241748,0.32457578,0.0027178999,0.9999503,0.026427943,0.0004213676,0.791
176,0.4955826,0.91864866,0.21161671,0.47154197,0.045405183,0.34754276,0.0017809692,0.00044853834,0.002198599,0.003146534,0.0060765175,7.183005e-05,0.85
177,0.6480117,0.21307921,0.7762473,0.45675674,0.0036549792,0.14733104,0.006943223,0.00028654767,9.235699e-05,0.99994195,0.04538181,0.00040082328,0.609
178,0.6182732,0.068763986,0.8010212,0.45594484,0.0051886765,0.26003358,0.01654734,0.07744625,0.00013996908,0.503043,0.96091485,0.975525,0.975
179,0.40959385,0.5794736,0.07652898,0.44761693,0.020191662,0.0798417,0.025472865,0.00025655326,7.150638e-05,0.16675714,0.0083365785,3.1208663e-06,0.97
180,0.57590157,0.9276109,0.9642664,0.40402043,0.0032744235,0.38556585,0.003601542,0.0022100012,0.4174693,5.658631e-05,0.044316836,0.000101858415,0.252
181,0.5173358,0.9390005,0.16443571,0.47537324,0.027755152,0.1740265,0.0024785814,0.00033356485,0.10759172,0.0022188406,0.3962393,0.8914806,0.987
182,0.62933785,0.60650295,0.15417807,0.4385276,0.0048715095,0.27581903,0.0015821906,0.98472273,0.07991705,0.06679409,0.5404817,0.08471014,0.026
183,0.41720662,0.0901868,0.88855743,0.4509609,0.80249476,0.092738576,0.43106732,0.00027894723,0.12151288,0.0047720396,5.5904e-05,1.6992918e-07,0.122
184,0.44121101,0.5792283,0.75231564,0.44616145,0.04874416,0.2884494,0.005718172,0.00029077815,5.1316388e-06,4.5154397e-05,0.33457714,7.769493e-06,0.674
185,0.42670444,0.8992321,0.05221435,0.3925839,0.3548153,0.112825595,0.0373505,0.000258686,5.8925667e-05,6.0736656e-05,0.0005216646,2.4658195e-06,0.979
186,0.35322198,0.91438824,0.9179046,0.5383691,0.26593992,0.291115,0.007833258,0.0002634746,0.0062674196,0.00020707477,0.12693149,0.89853925,0.862
187,0.36870214,0.38658947,0.1255659,0.45142254,0.012999146,0.22084272,0.007880191,0.999561,0.5395846,4.6893812e-05,0.4315622,0.7486358,0.975
188,0.28242198,0.22262189,0.47378415,0.48602384,0.0042019547,0.7389435,0.032873843,0.004884817,0.7396171,5.0748466e-05,0.88701046,0.99992406,
189,0.22484232,0.20429325,0.46289688,0.4533027,0.86451226,0.096766874,0.1121744,0.0002628641,0.037165917,4.5366534e-05,6.131301e-05,9.9604796e-09,
190,0.4382983,0.96772176,0.9974342,0.47614735,0.325438,0.44480473,0.0064079277,0.009534654,0.044584706,0.002645748,5.920981e-07,6.103568e-05,
191,0.41698384,0.8820978,0.7993627,0.4819233,0.007896675,0.24622051,0.0012224539,0.00033919408,0.19900201,0.00017434423,0.99285734,0.99999166,
192,0.595788,0.46877328,0.64220023,0.47633955,0.92699033,0.26200485,0.79221874,0.00025859821,0.0025862297,0.00013203481,0.055600297,0.99990153,
193,0.64981073,0.083683416,0.14560479,0.42300847,0.004725879,0.68848956,0.24433725,0.000511448,1.5381646e-06,0.99993694,0.56503737,0.00021280069,
194,0.22484232,0.20429325,0.46289688,0.4533027,0.86451226,0.096766874,0.1121744,0.0002628641,0.037165917,4.5366534e-05,6.131301e-05,9.9604796e-09,
195,0.40448663,0.9654879,0.9969651,0.47614735,0.325438,0.44480473,0.0064079277,0.009534654,0.044584706,0.002645748,5.920981e-07,6.103568e-05,
196,0.47019204,0.90336114,0.8395889,0.49877194,0.02442168,0.36391369,0.0017648258,0.00031626227,0.34170735,5.114052e-05,0.846431,0.9999839,
197,0.6397047,0.5268022,0.8090568,0.46713638,0.88172996,0.16681677,0.7355265,0.00044936236,0.0003424862,0.0003834208,0.016805578,0.9157532,
198,0.65613925,0.16184309,0.28285804,0.36798602,0.023521662,0.15795235,0.011039342,0.090584636,1.3548757e-10,0.9603845,0.22070931,0.994142,
199,0.15212241,0.6437944,0.006551379,0.4847409,0.010358718,0.29589674,0.03743983,0.0004942557,0.10010615,0.9998925,0.0021110936,2.8595618e-08,
200,0.4410956,0.7425449,0.05503996,0.48603413,0.022838762,0.08440079,0.028116722,0.009938933,0.0041350443,6.150163e-05,0.00085537025,0.000367503,
201,0.41380048,0.82701,0.11140304,0.45458707,0.018921467,0.13239434,0.0014318982,0.00089435955,0.17168537,5.4106196e-05,0.71193916,0.9999962,
202,0.66964316,0.9689344,0.9473545,0.4089169,0.20681308,0.21070261,0.010122635,0.0013538941,0.0017220892,0.9999491,0.0071785776,0.011330627,
203,0.6562286,0.7425771,0.6200899,0.4212542,0.006950539,0.074390374,0.0037073393,0.00025244366,8.107101e-05,0.99961996,0.018039627,0.012329542,
204,0.655487,0.8939623,0.572205,0.5004287,0.13896398,0.7674118,0.01510783,0.0010102836,0.4625394,0.023630189,0.29612157,0.084120445,
205,0.6832251,0.1444668,0.47418904,0.37611005,0.010010697,0.17998303,0.0041389414,0.0006078606,2.0620591e-08,0.96398973,0.9847221,6.679374e-05,
206,0.31901115,0.5826864,0.37626132,0.45527482,0.09078758,0.26792255,0.028246138,0.0003489459,3.511894e-05,4.554448e-05,0.9293687,1.10619285e-05,
207,0.7001588,0.832154,0.80085325,0.4135329,0.23183167,0.0847642,0.051796265,0.0021420014,0.00019599157,0.9999523,0.006847934,0.002117088,
208,0.63202804,0.8855893,0.9755029,0.52906203,0.0048309388,0.29234332,0.0020783076,0.00028080362,0.004114706,0.0020332567,0.6589613,0.9887149,
209,0.46545288,0.103248715,0.007952592,0.43155512,0.01945014,0.11711042,0.0013138014,0.0003119397,3.3723554e-05,4.535819e-05,0.0031162407,9.195541e-09,
210,0.3595928,0.8543246,0.010724134,0.44196057,0.01432393,0.15529707,0.0011182358,0.15897782,0.15051779,4.971283e-05,0.0014951149,1.3716817e-06,
211,0.7067791,0.24937198,0.7732342,0.4376706,0.0033016785,0.23600987,0.003557769,0.99876523,0.053390794,0.9995467,0.99185175,0.9854106,
212,0.56124717,0.9777419,0.97358024,0.45310953,0.9593851,0.14375922,0.019713452,0.003181989,0.0144074885,0.0014560194,0.67785114,0.00034043682,
213,0.5226303,0.26293147,0.011733321,0.382091,0.004060766,0.14500873,0.0012790328,0.0077396566,6.3838374e-06,4.585822e-05,0.011825211,0.0016666664,
214,0.37142235,0.05256927,0.60098296,0.44164032,0.0048717293,0.13028437,0.03901059,0.0012708864,0.0012174654,0.999951,0.12107734,0.99611205,
215,0.47821498,0.0674032,0.27339232,0.43912837,0.006105896,0.77546924,0.009961495,0.081597924,3.8283655e-05,0.99994516,0.7529547,0.99999607,
216,0.1635775,0.09336627,0.03710609,0.46524915,0.73472345,0.27516842,0.0038051214,0.01405288,0.019737206,4.5122368e-05,0.0019775887,1.8793944e-05,
217,0.38125965,0.8877175,0.07541618,0.44275925,0.01135311,0.52394867,0.0020742686,0.99905986,0.1728674,4.8966605e-05,0.2806331,0.6348903,
218,0.71465313,0.89181536,0.97494715,0.426446,0.0038837846,0.55155534,0.0013794033,0.00066456065,0.0005617448,5.5894518e-05,0.87494403,2.1075188e-05,
219,0.39906666,0.49529773,0.04041837,0.48158512,0.0024299982,0.23805033,0.0030799548,0.9471842,0.019270746,0.0059338026,0.013944973,0.027786063,
220,0.28807884,0.59282357,0.33361888,0.4202172,0.334493,0.11125658,0.0003282439,0.021010695,0.00038771614,0.9994332,0.36030585,1.3167843e-06,
221,0.43280146,0.13168888,0.9379049,0.42874655,0.008176734,0.07424551,0.00671921,0.00028219545,3.4140255e-06,7.449184e-05,0.9279101,3.309016e-06,
222,0.66963947,0.030716412,0.007923663,0.4007958,0.0062065874,0.43255454,0.00040093221,0.99937975,1.3769686e-07,5.1649255e-05,0.114344634,1.40140655e-05,
223,0.4148624,0.8861765,0.028517948,0.43562564,0.01167062,0.725088,0.001994201,0.00036121553,0.0006403597,4.5545825e-05,0.28731918,1.19388815e-05,
224,0.43268225,0.97623116,0.40462753,0.43505713,0.009149442,0.25330353,0.00077402935,0.9541109,0.3947794,4.532848e-05,0.90405405,0.7180823,
225,0.7703532,0.9763401,0.98265886,0.39791876,0.51094544,0.39669383,0.030486263,0.0008140672,0.07051411,0.9999429,0.48846996,0.08035659,
226,0.61058587,0.5711512,0.2899878,0.482361,0.03861546,0.50389665,0.0017509109,0.9961283,0.00031409372,5.7227415e-05,0.10112275,0.0044301967,
227,0.5719798,0.36056244,0.048097298,0.4475578,0.046815246,0.18436296,0.00494893,0.0003964393,0.00017840938,0.9999188,0.00017249589,1.1661036e-06,
228,0.52027065,0.8072552,0.035960287,0.41762584,0.0056082383,0.047094576,0.0034756418,0.0010349044,0.0118890405,0.99994624,0.0075247763,0.00015812712,
229,0.77986974,0.14759578,0.014862874,0.4406309,0.43266898,0.34994859,0.0016892118,0.00055906817,9.0348834e-07,0.999951,0.12369534,0.00024710537,
230,0.23356852,0.14008337,0.91455114,0.45323122,0.41879818,0.36233634,0.0069860886,0.0007783704,0.0247631,5.9554877e-05,0.57883245,0.0012709716,
231,0.34868953,0.9535022,0.97122496,0.48420453,0.090145566,0.35915634,0.0070686266,0.9973475,0.76622856,5.0671337e-05,0.25919828,0.024561638,
232,0.40048468,0.8878324,0.8142822,0.43443096,0.7241905,0.14663386,0.10925385,0.06814153,0.0577495,0.7216743,0.6477302,0.9762758,
233,0.34357384,0.46363553,0.9414996,0.4174,0.0049121184,0.1380399,0.0022027348,0.98816466,0.00053043524,0.999931,8.1815e-06,3.579414e-09,
234,0.75444824,0.945875,0.72419524,0.40599284,0.018528255,0.19739704,0.0075850156,0.00154954,2.337373e-07,0.9999504,0.1749368,0.7771875,
235,0.3135246,0.5700325,0.8968233,0.4373866,0.15015535,0.33183077,0.31711113,0.99918395,0.048778962,0.99995136,0.0005159486,3.9244023e-07,
236,0.46763256,0.49324244,0.23755614,0.4943131,0.8171511,0.76992726,0.058858316,0.00043976182,0.00064352766,0.999907,9.537971e-07,1.062061e-07,
237,0.29403418,0.51091725,0.12421501,0.4781541,0.013431932,0.21491009,0.009424815,0.0004943951,0.0017470255,0.00027818343,0.0028564755,1.101042e-05,
238,0.29374936,0.9218763,0.048525132,0.48634169,0.056205254,0.19895029,0.37588623,0.0005650147,0.5195686,4.5557073e-05,0.96272314,0.36717418,
239,0.66275513,0.970511,0.99801135,0.49158922,0.9744232,0.55391496,0.95752615,0.00039541136,0.0004281925,0.99983394,0.012291052,6.474724e-05,
240,0.6074754,0.94278294,0.9951326,0.43527168,0.0722532,0.11332179,0.011429971,0.00033481792,0.00039509637,0.9999465,0.57846177,0.0022730865,
241,0.3680395,0.7868426,0.051996816,0.41202718,0.054057363,0.26863638,0.031117331,0.0012278196,5.2950512e-05,0.99994826,0.04470791,7.9722944e-05,
242,0.41491294,0.038972534,0.373746,0.4509922,0.26300323,0.060271453,0.5804133,0.1441798,0.071423136,0.99995065,0.008424373,0.0001413546,
243,0.63381565,0.044270992,0.059442442,0.46597087,0.0529541,0.112143554,0.001451782,0.025563033,3.3045766e-05,4.8804555e-05,0.00042040026,6.708909e-08,
244,0.3579068,0.92446595,0.74305403,0.49754488,0.08212959,0.6756611,0.07566041,0.00030315167,0.00086584815,4.5137647e-05,0.040977594,1.418683e-05,
245,0.6981875,0.9607678,0.72650594,0.43136463,0.73955536,0.1800514,0.14481407,0.03025409,0.08863377,0.99995196,0.04848652,0.28585017,
246,0.5993758,0.93529516,0.99811673,0.4311758,0.9846193,0.44479743,0.017352136,0.0046592946,0.007258186,0.9999498,0.00046382516,0.0014362507,
247,0.35251468,0.76229554,0.993306,0.4446541,0.9657223,0.12612504,0.057078842,0.00027140524,8.81203e-05,0.00257544,0.0050790366,0.0008864567,
248,0.47567973,0.92931247,0.9954768,0.5252684,0.056531593,0.16894794,0.057104368,0.68786496,0.1191265,0.0053051123,0.053238515,3.3617684e-07,
249,0.62495875,0.24651693,0.92786866,0.41829973,0.013969425,0.10649586,0.0026543457,0.00071136927,0.0037379144,0.99995077,0.26333895,0.0002824105,
250,0.73128295,0.09501681,0.14010167,0.3970075,0.013778079,0.6912777,0.0016937805,0.8955066,4.5820198e-05,5.133533e-05,0.03295221,0.04254915,
251,0.4247102,0.9312189,0.95354426,0.47712773,0.18210039,0.4331988,0.08313257,0.0002883625,0.009918346,4.5461813e-05,0.18257082,5.179226e-06,
252,0.4492278,0.8416473,0.39116308,0.41445392,0.00738669,0.5772572,0.010533906,0.7123914,1.1219926e-05,0.99995065,0.15622069,0.8226108,
253,0.3506304,0.91282797,0.08916209,0.42681736,0.93524563,0.23992333,0.0012845503,0.998235,0.58150536,0.9999516,0.020380812,1.3271766e-05,
254,0.75445515,0.98219717,0.9840338,0.44371605,0.3946991,0.19341695,0.0649568,0.6083802,0.0024308285,0.99994314,0.08736111,0.0008236368,
255,0.7236278,0.8533927,0.8928024,0.4601713,0.15858671,0.37944207,0.0029741686,0.022158056,0.07994574,8.585087e-05,0.056318022,1.9855679e-05,
256,0.48745605,0.802734,0.7456652,0.4730123,0.34317318,0.18730864,0.002242103,0.8970025,0.0090824105,4.5458302e-05,0.0015761259,0.0004529309,
257,0.7404076,0.03247758,0.13860743,0.37060928,0.0049709664,0.08954915,0.0004373294,0.051947445,1.797446e-07,4.6981855e-05,0.9970788,0.0026913136,
258,0.42861915,0.7556743,0.9125823,0.487058,0.7684109,0.19563295,0.019062705,0.0003546667,0.17238086,4.656752e-05,0.0016884763,0.00010616593,
259,0.44660375,0.9417124,0.92455053,0.46761936,0.9727121,0.5884219,0.26962608,0.11754048,0.0033535345,0.99906045,0.9295973,0.99861646,
260,0.47418395,0.49713063,0.9044718,0.44894162,0.016200926,0.6090596,0.00042967615,0.99843866,0.18133762,0.7472623,0.022351258,0.007342979,
261,0.2480572,0.79763806,0.33614302,0.4347923,0.0024360963,0.30053738,0.0027907065,0.00039457824,0.51856625,4.7996564e-05,0.925308,0.00032520972,
262,0.7916583,0.6292889,0.065247275,0.48516467,0.022159413,0.57834095,0.0004952552,0.273832,0.006159647,4.5865658e-05,0.060490355,6.4425017e-06,
263,0.56981003,0.106517054,0.75738585,0.40045118,0.01061942,0.42319238,0.08690951,0.010408525,2.3909638e-07,0.00011070182,0.9624421,0.999874,
264,0.33401453,0.68034214,0.018454667,0.45717964,0.0075886776,0.27778405,0.0026060666,0.00038854568,0.06975211,4.507029e-05,0.93742055,9.146136e-07,
265,0.6710724,0.92531693,0.9821983,0.43996266,0.018797623,0.6102758,0.0013083471,0.98601574,0.32194558,5.208506e-05,0.012026129,0.0027726342,
266,0.40718868,0.9435744,0.24130644,0.4380702,0.00322757,0.20183177,0.0009970684,0.4466918,7.78639e-06,0.999951,0.023050725,0.006942516,
267,0.70543456,0.93472767,0.015928553,0.4515762,0.9922478,0.39307386,0.51050335,0.10711864,0.00024801315,6.8350935e-05,0.4337113,0.0020048479,
268,0.23455688,0.2640034,0.013395988,0.43178222,0.34680706,0.08826483,0.10126856,0.0009061568,0.0010017729,0.9999523,0.019936558,4.6148027e-05,
269,0.50629073,0.54029614,0.03386069,0.43744117,0.8672694,0.15571815,0.0038373491,0.9995278,4.8190566e-05,5.18877e-05,0.00019940356,2.2111232e-08,
270,0.28086713,0.3864099,0.8489145,0.40377042,0.21863876,0.16104099,0.017068421,0.0004302432,5.9970163e-05,5.2876992e-05,0.0024134503,0.9547156,
271,0.5466832,0.15518571,0.9002892,0.49773636,0.0036898137,0.11313982,0.0027975314,0.00042550717,0.0010501847,4.6558416e-05,0.014598841,2.0611546e-08,
272,0.68504167,0.07824497,0.008862559,0.43120727,0.005058395,0.82293516,0.010775577,0.0011376819,1.3105944e-05,5.6130073e-05,0.47433296,0.016775915,
273,0.07730748,0.39461806,0.87203574,0.42927742,0.3386919,0.08481765,0.01049123,0.00032797304,0.0017109058,5.0450984e-05,0.7889584,0.00018862796,
274,0.5794777,0.86661893,0.32387143,0.4650682,0.5818838,0.194872,0.027765056,0.00040840835,0.0023228554,0.9999496,0.0016939,0.014219758,
275,0.40958992,0.06364312,0.034493856,0.4076858,0.0035867367,0.13690546,0.0010552463,0.00030115593,5.449438e-07,0.00010829795,0.17878452,0.0062752585,
276,0.5948737,0.9720062,0.8045934,0.4757993,0.927717,0.26631755,0.0036347518,0.03569638,0.048056826,0.99990773,0.054550674,0.00060200546,
277,0.73660654,0.782359,0.9824233,0.41380963,0.13553524,0.27154112,0.0033194462,0.00027401908,1.5924307e-06,7.9021986e-05,0.00012620303,5.163848e-06,
278,0.588782,0.35204622,0.7492245,0.43165663,0.013236941,0.1461846,0.0013242963,0.00033997497,0.002248765,0.9994301,0.14556146,0.0007905486,
279,0.4287355,0.38459072,0.026704937,0.45010954,0.06961366,0.07253855,0.02258388,0.0839215,0.15606797,4.5544e-05,0.0037580032,4.2039996e-05,
280,0.56631017,0.2262665,0.00888411,0.4154034,0.009124094,0.14298084,0.0005619175,0.0002702013,5.4232273e-06,4.559184e-05,0.1030722,2.4031116e-05,
281,0.4653269,0.6176941,0.9173491,0.40438712,0.044156898,0.112463854,0.0031273495,0.0006420938,0.0002638899,0.9998982,0.13003157,0.005021972,
282,0.67182493,0.08481025,0.20367806,0.39997682,0.009368393,0.06816831,0.0042583705,0.6666298,6.705825e-08,0.9995622,0.013884689,0.5272818,
283,0.2897713,0.59612876,0.02376763,0.47730386,0.0750211,0.35751575,0.005389381,0.0012627917,0.00014012987,4.5056797e-05,0.23674333,3.098884e-06,
284,0.37424845,0.96154994,0.7898861,0.4786129,0.9505317,0.51185954,0.00053395337,0.7859174,0.98581576,4.5363853e-05,0.04697669,0.0001439146,
285,0.45701176,0.5890547,0.9201343,0.4608067,0.017351469,0.100775026,0.0047383904,0.00083588954,9.837043e-06,0.99991405,0.004424505,4.2127765e-05,
286,0.38387927,0.27009892,0.43512622,0.44836903,0.072601594,0.11196393,0.0020000127,0.00034993017,9.1536583e-07,0.0020497893,1.12221305e-05,8.695778e-08,
287,0.6822549,0.088040866,0.21187043,0.4038236,0.008662262,0.15303363,0.0016057258,0.00031235782,0.00011878876,4.7797967e-05,0.03515471,2.6838296e-09,
288,0.50906223,0.017513331,0.1074658,0.37360704,0.04280037,0.24313898,0.00039482323,0.002460602,1.1284849e-06,4.7411682e-05,0.02797873,0.00024066008,
289,0.19424094,0.27726424,0.9731574,0.4666269,0.1359936,0.5441444,0.012357604,0.00035642553,7.0324036e-06,0.9999474,1.5708673e-06,0.44850203,
290,0.39908862,0.8715321,0.8246898,0.46502116,0.105420515,0.33580744,0.024562385,0.00032050078,0.00024005554,4.553045e-05,0.112242036,1.29750415e-05,
291,0.5736728,0.9182185,0.9835526,0.46875244,0.50685185,0.16974148,0.048462942,0.00073166576,0.019267078,6.707932e-05,0.9670716,0.7837771,
292,0.52338696,0.6131672,0.98447835,0.42851973,0.1420079,0.087021485,0.0020041028,0.0011502003,0.00010184385,8.394687e-05,0.0048198947,2.5645943e-09,
293,0.5570953,0.42835614,0.8067907,0.41798535,0.011693494,0.16065696,0.0032193842,0.037276007,0.3641427,0.00189316,0.58544785,1.6597643e-05,
294,0.7338507,0.054679792,0.9656641,0.44516352,0.003196779,0.15819892,0.019661486,0.00034308864,0.045870613,4.6915906e-05,0.022212856,2.9433244e-05,
295,0.47937128,0.17758717,0.07717254,0.42471203,0.0026247806,0.28764358,0.0022912594,0.9992132,0.0038920303,0.9998528,0.31378952,2.8877291e-06,
296,0.47207677,0.058455497,0.0472269,0.42923683,0.005518546,0.24111426,0.0043720338,0.00026158683,3.2040473e-06,4.517356e-05,0.7130147,0.00014810034,
297,0.6071802,0.6786593,0.010673361,0.48448244,0.008628379,0.44236508,0.0011535155,0.12895593,0.0035711417,0.9987079,0.004190804,0.070598006,
298,0.6728975,0.8441515,0.0074920924,0.39748,0.9018647,0.1769596,0.0016258446,0.00038422854,5.259559e-07,8.004433e-05,0.0010628313,6.8227005e-06,
299,0.6656039,0.851649,0.044348117,0.4529519,0.03597651,0.10435686,0.046113066,0.00040688735,4.0203832e-07,0.000250011,0.0006563922,2.895152e-06,
300,0.6626059,0.8453722,0.4241908,0.42942533,0.0041482328,0.11256656,0.0072366237,0.00024843987,7.636458e-08,7.132353e-05,0.1520865,0.0027975102,
301,0.7262107,0.27742872,0.036237765,0.36121112,0.1264343,0.104734555,0.0003349498,0.00032985667,5.924e-05,0.9904564,0.0014305946,2.8907378e-08,
302,0.5195144,0.071670756,0.006401701,0.35954544,0.008922619,0.12779167,0.0030287665,0.0013400569,0.0010983355,4.7223202e-05,0.0038211842,8.473159e-08,
303,0.44676527,0.47000164,0.01127634,0.3997837,0.019937448,0.15647933,0.004885809,0.30996388,9.7017855e-06,5.4365835e-05,0.0062088785,1.0558956e-05,
304,0.43071142,0.20147364,0.44567165,0.43296033,0.95598775,0.11084504,0.05632173,0.00040898286,3.8555325e-07,4.5751032e-05,0.079837255,3.3147232e-06,
305,0.3850531,0.9145796,0.9528163,0.41021678,0.030996224,0.33403644,0.0029452567,0.00040063515,4.399229e-05,5.03059e-05,0.4633255,7.070534e-07,
306,0.69568574,0.96554625,0.99306524,0.4303342,0.048264768,0.2841455,0.004763342,0.0016191101,0.00012701904,0.9999472,0.0010110572,3.5559378e-09,
307,0.6689215,0.95780975,0.99687636,0.47550607,0.01870436,0.6909165,0.0020464475,0.0007783122,0.007047823,0.9999521,0.016972607,1.8362234e-05,
308,0.6142029,0.80992305,0.9973506,0.4605609,0.08848974,0.12388662,0.057518307,0.004412993,0.00011497524,0.9999498,0.40545738,0.029064264,
309,0.413106,0.08357761,0.9929501,0.41275352,0.0048896405,0.1804894,0.006197344,0.0008893891,3.7642833e-06,4.637682e-05,0.013966811,0.0017768287,
310,0.6407839,0.04336367,0.14814223,0.41864184,0.0050751013,0.5102341,0.00049141096,0.9967619,8.130973e-07,0.99969566,0.9555883,0.008450268,
311,0.4300274,0.38215438,0.05766129,0.45732632,0.012856592,0.23295696,0.12956138,0.00030826312,0.008052932,4.6444005e-05,0.8202203,0.0046072053,
312,0.43192214,0.93108183,0.81389356,0.4904179,0.98504305,0.4818417,0.0030972254,0.10615137,0.50699973,0.00014299524,0.0019797375,5.27438e-06,
313,0.5612115,0.9790775,0.9916855,0.46528992,0.77836394,0.38674146,0.0014909166,0.008499457,0.3809341,0.96918017,1.6289865e-06,4.471118e-08,
314,0.46584806,0.9591351,0.98005086,0.4550676,0.9910328,0.3911579,0.23490717,0.00054081075,0.6619669,0.0027558592,0.011798361,0.7280989,
315,0.45736194,0.4285788,0.9583339,0.46360758,0.78698313,0.098932944,0.19488166,0.00068695267,0.008211141,0.99957913,0.00015520153,2.2577346e-06,
316,0.61526024,0.097635195,0.069242336,0.3610314,0.0031339494,0.6598088,0.0011737132,0.89976376,1.1765828e-06,0.9998709,0.94126445,0.951426,
317,0.37055925,0.88810366,0.39289588,0.43266824,0.021384198,0.32136485,0.029777914,0.0003844524,0.00011500562,4.5358618e-05,0.7072375,9.2806895e-06,
318,0.3698204,0.9352669,0.77738607,0.43170738,0.9872448,0.19724214,0.20489517,0.0014679912,0.0014296827,7.7345656e-05,0.76103425,0.2448896,
319,0.4893604,0.97287637,0.7241187,0.4367152,0.009523638,0.11943758,0.0009710334,0.2181364,0.91811264,4.5730532e-05,0.00045467922,1.6979423e-06,
320,0.5887733,0.96025145,0.025094017,0.42873865,0.9671587,0.8641192,0.65515375,0.00027547157,0.0013573355,0.10562967,6.40575e-05,0.025525,
321,0.6255785,0.4458624,0.6881988,0.4225879,0.68668514,0.15204549,0.0025733,0.0012409119,0.3048363,5.0264996e-05,0.001477817,2.4319224e-10,
322,0.5493188,0.036247104,0.112206355,0.3674539,0.01794276,0.5683319,0.03727063,0.0016003919,1.8600854e-08,0.9997539,0.3735168,0.00029035623,
323,0.38205642,0.89077556,0.47980207,0.47548425,0.008314139,0.3788993,0.1527278,0.00042890312,0.0040330524,4.540103e-05,0.9979334,0.99997985,
324,0.64659584,0.96996474,0.9740165,0.46515006,0.15698494,0.09431522,0.0028205425,0.0007144153,0.00078346604,0.00022262553,0.23483206,4.0470848e-05,
325,0.6525032,0.75062895,0.989356,0.42040685,0.51749825,0.19106832,0.0014980548,0.10923968,0.0009257332,0.9999516,0.039798867,1.723854e-07,
326,0.39456195,0.783673,0.8335852,0.4446133,0.013880953,0.1279104,0.0028792133,0.3383533,0.6152397,0.0023145964,0.38419324,0.04485142,
327,0.7857801,0.1191852,0.76636326,0.4600362,0.0738522,0.68872553,0.0007719275,0.25696656,1.1222761e-05,5.414775e-05,0.013800847,5.044898e-07,
328,0.57986784,0.103038155,0.058043808,0.43350825,0.036717873,0.44095212,0.0006589872,0.9932654,2.2175175e-08,0.99995196,0.0043401686,2.8354916e-07,
329,0.7282521,0.35088155,0.8619273,0.4408008,0.035549097,0.17023382,0.012890994,0.0002994373,0.00031980855,7.281711e-05,0.20149079,7.92211e-05,
330,0.56920063,0.8007821,0.3058219,0.43502095,0.019131673,0.47546768,0.0021564397,0.9660683,9.892776e-05,0.99988556,0.706449,0.9875771,
331,0.6640068,0.9725804,0.98023784,0.5235442,0.63536143,0.5463187,0.004473268,0.007621708,0.10875078,4.9320428e-05,0.07583291,0.0015545232,
332,0.5301787,0.6608599,0.20226848,0.45700198,0.020628063,0.41669297,0.0010111135,0.9952277,0.47833768,0.0003513165,0.06738624,0.43649596,
333,0.4712335,0.07761146,0.07285193,0.42601246,0.019439328,0.083997935,0.0033836642,0.0010904283,1.2769506e-06,0.28758737,0.16258591,0.000568142,
334,0.75196326,0.3295496,0.088796444,0.3926393,0.010389579,0.067706056,0.0048185275,0.0003494957,6.670668e-08,0.018840395,0.05383949,0.32068074,
335,0.67731124,0.28886828,0.16054158,0.3812186,0.009020479,0.08355893,0.0059697097,0.00027148987,8.920689e-08,0.9998969,0.120089956,0.967124,
336,0.59600735,0.29766983,0.07236512,0.38109165,0.013057621,0.07837248,0.013931218,0.0004411181,6.31117e-08,0.9999201,0.28799063,0.99999964,
337,0.59813935,0.10996086,0.5695258,0.37629667,0.020612862,0.061690353,0.009824428,0.0017231307,2.820216e-08,0.15676086,0.597121,0.9997868,
338,0.637464,0.0823582,0.33645248,0.35839072,0.0047419625,0.05291884,0.0007209685,0.7209475,4.9234408e-11,8.1e-05,0.48332238,0.0001693221,
339,0.32924414,0.117089026,0.07185669,0.45168057,0.009275771,0.16674,0.010025769,0.00025431372,0.00035525873,4.543841e-05,0.04703695,3.979126e-05,
340,0.6309131,0.9180439,0.92907673,0.44677863,0.9238085,0.28804567,0.9029751,0.00032071414,0.5812721,0.99990726,7.869982e-05,0.0003132501,
341,0.6189562,0.7046036,0.9611567,0.47920993,0.0020516738,0.08285932,0.00086170615,0.8651462,1.6743299e-05,0.9999486,0.3863138,1.3917593e-06,
342,0.72145337,0.95847666,0.99439186,0.40171582,0.9613539,0.13355336,0.0076291705,0.00028289072,6.8646645e-05,0.99995184,0.01673796,2.6586983e-07,
343,0.68469906,0.81898075,0.38350818,0.45887762,0.211827,0.17860293,0.043646872,0.00078045117,0.9562397,0.99994636,0.09224434,0.18788534,
344,0.43021116,0.19814041,0.3334613,0.4219406,0.025506588,0.13811004,0.00036003476,0.020647954,9.271118e-05,8.5681575e-05,0.10942486,1.4088863e-06,
345,0.35798928,0.3671155,0.0346872,0.42269477,0.012136127,0.55004984,0.00019529166,0.00040902337,0.000855345,4.5582237e-05,0.15663294,2.3768007e-06,
346,0.1914152,0.91287386,0.21140091,0.4636991,0.98233354,0.25229764,0.8836374,0.0012326315,0.0036736624,0.99994826,0.0038003344,4.261133e-05,
347,0.4429933,0.9688548,0.97956586,0.4720376,0.028430732,0.13543817,0.119481504,0.33012336,5.145649e-05,9.513363e-05,8.470605e-05,2.051481e-05,
348,0.3347418,0.92778635,0.92707926,0.46965346,0.059612133,0.1638725,0.033236414,0.00031953456,0.0010599191,0.0031468556,6.4197964e-05,9.271994e-06,
349,0.4658671,0.6772773,0.059400856,0.43050992,0.012243074,0.2040099,0.015219858,0.031249195,0.0006969164,4.60158e-05,0.9500837,0.7225811,
350,0.6241405,0.13235785,0.45402393,0.48088413,0.64457595,0.8762202,0.31244856,0.0004724447,0.0031507218,0.9995408,0.4410614,0.08229128,
351,0.623642,0.81354946,0.012033711,0.4550489,0.08624175,0.44819003,0.016711747,0.0011043956,0.00049794675,4.5225934e-05,0.5531762,3.4315974e-05,
352,0.48309714,0.9380895,0.072842725,0.47723848,0.06416684,0.583038,0.0009953955,0.8476612,0.91306835,8.6934444e-05,0.15949036,0.00020207741,
353,0.5020651,0.8541905,0.9182963,0.47705632,0.5004328,0.12240076,0.033586666,0.012331599,0.0007411897,0.99992645,0.00029628715,4.1026464e-08,
354,0.5306096,0.35308647,0.550942,0.45690364,0.018700527,0.14083166,0.0116767315,0.00067752245,0.0027317253,0.9999434,0.021522202,0.4321262,
355,0.65846324,0.41783223,0.9585473,0.4659097,0.95698565,0.08868295,0.009131339,0.003660996,0.9423737,0.9996835,0.006409103,1.2525803e-05,
356,0.41674912,0.10255415,0.1927872,0.46038383,0.0066403165,0.58487076,0.0035578131,0.97025406,0.62376505,0.000102699814,0.004695358,0.004122839,
357,0.5545617,0.39328983,0.16281708,0.46926284,0.008786353,0.24565585,0.0016888533,0.0008019243,0.037742965,4.5304583e-05,0.9703432,0.24102569,
358,0.5360887,0.51751953,0.14732687,0.4434869,0.01363563,0.3470612,0.02109728,0.00029718905,0.14632279,4.559293e-05,0.7955332,0.000777941,
359,0.76525074,0.96012187,0.9512553,0.4735431,0.007360709,0.27839348,0.00035314454,0.0012236009,0.005770198,0.99960726,0.25555223,2.5304819e-06,
360,0.5643868,0.90406716,0.42916062,0.45589206,0.027914356,0.31601724,0.3960966,0.0003849183,0.00024882154,6.9993876e-05,0.9551287,0.91653913,
361,0.63320494,0.33606613,0.988326,0.48398596,0.010117848,0.16275884,0.002828796,0.00052342634,0.0013973276,0.012913919,0.026199477,7.689837e-05,
362,0.43619335,0.11485247,0.08030024,0.43538043,0.029293004,0.702658,0.002448421,0.99422956,2.844921e-09,0.99994874,2.7320995e-05,3.911922e-07,
363,0.38068524,0.89580995,0.36715856,0.4482372,0.029445756,0.19769654,0.07166418,0.00030167322,0.0013836187,5.5997054e-05,0.0043690517,9.043589e-09,
364,0.69451,0.956996,0.32020172,0.45406315,0.25459483,0.48158374,0.004891446,0.001897264,1.9535737e-06,0.009700123,0.0013140116,1.30571525e-05,
365,0.50723964,0.95691633,0.97537607,0.38571775,0.030348524,0.44651634,0.022977483,0.026621586,3.6411355e-05,0.029631991,0.086260125,0.0051098517,
366,0.495082,0.9158458,0.77934146,0.39366668,0.095363244,0.13379155,0.088887945,0.00032798774,1.6078279e-06,0.9999474,0.013014922,7.928e-06,
367,0.61894935,0.9571785,0.99475217,0.3731305,0.786603,0.16455428,0.0010494161,0.00067820307,2.49078e-06,0.999884,0.020112256,2.8945172e-08,
368,0.51450455,0.98169005,0.99745077,0.4138263,0.9697346,0.3102509,0.047948338,0.14019847,0.0026312296,0.99995005,0.1639695,7.167391e-05,
369,0.49089086,0.96566755,0.9684876,0.38042864,0.081233196,0.5536994,0.020624287,0.94316125,0.0003966563,0.025252916,0.99858034,0.9999994,
370,0.37023377,0.48159298,0.0034175536,0.4494704,0.06496062,0.13255584,0.00042681082,0.00036497295,0.0020329142,4.5321176e-05,0.11582638,3.0353956e-08,
371,0.5291436,0.82702893,0.54429436,0.42451552,0.0052737715,0.6141826,0.008271993,0.0003227785,2.7592787e-05,5.7357505e-05,0.18033199,0.012430861,
372,0.4632989,0.6414133,0.013580157,0.44160894,0.010023621,0.1204438,0.0067688464,0.0011933895,0.67983776,0.9999447,0.19744538,0.47736618,
373,0.3039681,0.9086543,0.9464765,0.4043137,0.9684313,0.0768103,0.40264392,0.0033655537,0.066821575,0.99928206,4.625474e-05,8.389742e-07,
374,0.23432751,0.9663744,0.96226877,0.4497452,0.22712888,0.11445255,0.88558066,0.0006228565,0.7623034,0.99994946,2.6343392e-05,7.51332e-05,
375,0.60896325,0.26096162,0.94968766,0.4639296,0.46027127,0.05223751,0.678629,0.0007107086,0.0102841165,0.00021961934,4.2846725e-05,3.3079873e-06,
376,0.575955,0.03824057,0.1598588,0.4122991,0.005335785,0.08454225,0.0036137274,0.0019017798,1.0724994e-08,0.9996543,0.04617322,1.4347831e-06,
377,0.44318503,0.9438473,0.98721075,0.39964616,0.09953266,0.21904755,0.0015619135,0.0005071442,0.000968266,0.9962373,0.18649468,2.7179915e-06,
378,0.56018573,0.9644038,0.80174637,0.45539623,0.017392354,0.7732033,0.0037540956,0.002940122,0.032533903,0.0001149645,0.15850337,7.4812335e-05,
379,0.5045175,0.81011343,0.81753355,0.42982423,0.009369986,0.13155906,0.00039260692,0.9904083,0.0024234913,8.32414e-05,0.6396864,0.2586296,
380,0.76049066,0.13559294,0.014310311,0.44159028,0.002946412,0.11304782,0.030039946,0.0063504595,5.850487e-06,0.00025847496,0.6327294,0.76360875,
381,0.7602991,0.3680117,0.13218954,0.423671,0.037784733,0.16101049,0.046970874,0.00033623623,3.8929033e-05,6.3234205e-05,0.00890751,5.0782916e-07,
382,0.6927922,0.35808054,0.08322567,0.4065717,0.022939222,0.15615965,0.0018144336,0.00025498235,1.0985885e-06,0.99991226,0.23554698,3.8655762e-07,
383,0.52011424,0.51216567,0.020066215,0.39513105,0.0048805843,0.08708329,0.0032952747,0.015326232,1.6506817e-06,7.030842e-05,0.054249827,6.113594e-06,
384,0.19593199,0.14074837,0.0673073,0.43424222,0.49560264,0.77440846,0.16558729,0.00091908855,3.2582575e-05,8.235207e-05,0.00012430179,0.93789196,
385,0.45951173,0.08048517,0.014713813,0.4084039,0.048172146,0.12262873,0.0005010102,0.0004651634,0.00014534638,5.197015e-05,0.07920782,9.373555e-07,
386,0.52817327,0.12552819,0.49325696,0.39124373,0.00248973,0.14549607,0.00125575,0.00032718573,0.0014731326,4.531098e-05,0.0061996025,7.040363e-05,
387,0.6736457,0.9552361,0.9832772,0.45420605,0.5848025,0.10797587,0.035308953,0.00039502032,6.349809e-05,6.954067e-05,0.38677895,8.750742e-05,
388,0.66914916,0.1457773,0.9389549,0.39501804,0.030436179,0.12328056,0.00060876453,0.010454716,0.0005786325,0.99993765,0.005308271,7.1572285e-06,
389,0.71022266,0.100007124,0.06773228,0.4642416,0.059639733,0.094758086,0.0023167424,0.00044199912,1.8374723e-05,5.1710318e-05,0.01237314,4.4695742e-08,
390,0.4148624,0.8861765,0.028517948,0.43562564,0.01167062,0.725088,0.001994201,0.00036121553,0.0006403597,4.5545825e-05,0.28731918,1.19388815e-05,
391,0.43268225,0.97623116,0.40462753,0.43505713,0.009149442,0.25330353,0.00077402935,0.9541109,0.3947794,4.532848e-05,0.90405405,0.7180823,
392,0.7703532,0.9763401,0.98265886,0.39791876,0.51094544,0.39669383,0.030486263,0.0008140672,0.07051411,0.9999429,0.48846996,0.08035659,
393,0.61058587,0.5711512,0.2899878,0.482361,0.03861546,0.50389665,0.0017509109,0.9961283,0.00031409372,5.7227415e-05,0.10112275,0.0044301967,
394,0.5719798,0.36056244,0.048097298,0.4475578,0.046815246,0.18436296,0.00494893,0.0003964393,0.00017840938,0.9999188,0.00017249589,1.1661036e-06,
395,0.52027065,0.8072552,0.035960287,0.41762584,0.0056082383,0.047094576,0.0034756418,0.0010349044,0.0118890405,0.99994624,0.0075247763,0.00015812712,
396,0.77986974,0.14759578,0.014862874,0.4406309,0.43266898,0.34994859,0.0016892118,0.00055906817,9.0348834e-07,0.999951,0.12369534,0.00024710537,
397,0.3579068,0.92446595,0.74305403,0.49754488,0.08212959,0.6756611,0.07566041,0.00030315167,0.00086584815,4.5137647e-05,0.040977594,1.418683e-05,
398,0.6981875,0.9607678,0.72650594,0.43136463,0.73955536,0.1800514,0.14481407,0.03025409,0.08863377,0.99995196,0.04848652,0.28585017,
399,0.5993758,0.93529516,0.99811673,0.4311758,0.9846193,0.44479743,0.017352136,0.0046592946,0.007258186,0.9999498,0.00046382516,0.0014362507,
400,0.35251468,0.76229554,0.993306,0.4446541,0.9657223,0.12612504,0.057078842,0.00027140524,8.81203e-05,0.00257544,0.0050790366,0.0008864567,
401,0.47567973,0.92931247,0.9954768,0.5252684,0.056531593,0.16894794,0.057104368,0.68786496,0.1191265,0.0053051123,0.053238515,3.3617684e-07,
402,0.62495875,0.24651693,0.92786866,0.41829973,0.013969425,0.10649586,0.0026543457,0.00071136927,0.0037379144,0.99995077,0.26333895,0.0002824105,
403,0.73128295,0.09501681,0.14010167,0.3970075,0.013778079,0.6912777,0.0016937805,0.8955066,4.5820198e-05,5.133533e-05,0.03295221,0.04254915,
404,0.4247102,0.9312189,0.95354426,0.47712773,0.18210039,0.4331988,0.08313257,0.0002883625,0.009918346,4.5461813e-05,0.18257082,5.179226e-06,
405,0.4492278,0.8416473,0.39116308,0.41445392,0.00738669,0.5772572,0.010533906,0.7123914,1.1219926e-05,0.99995065,0.15622069,0.8226108,
406,0.3506304,0.91282797,0.08916209,0.42681736,0.93524563,0.23992333,0.0012845503,0.998235,0.58150536,0.9999516,0.020380812,1.3271766e-05,
407,0.75445515,0.98219717,0.9840338,0.44371605,0.3946991,0.19341695,0.0649568,0.6083802,0.0024308285,0.99994314,0.08736111,0.0008236368,
408,0.7236278,0.8533927,0.8928024,0.4601713,0.15858671,0.37944207,0.0029741686,0.022158056,0.07994574,8.585087e-05,0.056318022,1.9855679e-05,
409,0.48745605,0.802734,0.7456652,0.4730123,0.34317318,0.18730864,0.002242103,0.8970025,0.0090824105,4.5458302e-05,0.0015761259,0.0004529309,
410,0.7404076,0.03247758,0.13860743,0.37060928,0.0049709664,0.08954915,0.0004373294,0.051947445,1.797446e-07,4.6981855e-05,0.9970788,0.0026913136,
411,0.498848,0.16797356,0.0027477096,0.42998755,0.010337051,0.43245775,0.0021247477,0.00056814065,0.0006982224,4.636979e-05,0.31703463,0.013219139,
412,0.28515804,0.9229724,0.9875474,0.39919475,0.0027668406,0.3175467,0.0023118486,0.0003392345,0.0055026785,0.0005827906,0.01568893,0.07535412,
413,0.3134907,0.88183427,0.019720487,0.4763422,0.010951284,0.2372798,0.35817233,0.00094854896,0.9686809,0.00045040122,0.27106532,0.52784723,
414,0.32279637,0.9490872,0.021706237,0.42615452,0.53906643,0.046722855,0.18521662,0.0002811154,0.0008386947,0.9997693,7.468303e-05,1.2085338e-06,
415,0.7622258,0.9840276,0.9958652,0.45135963,0.989879,0.17056163,0.72403127,0.000261738,0.00014002928,0.9999442,1.7023856e-05,9.141856e-05,
416,0.5545911,0.49511433,0.97887325,0.39571273,0.017768586,0.15380359,0.007575402,0.0002731273,0.00018418086,0.9999522,0.026036376,0.017447094,
417,0.68795377,0.76785564,0.9869675,0.4949529,0.96966624,0.20594645,0.9100033,0.00053099165,0.040574066,0.99994445,6.546314e-05,0.00019140466,
418,0.6088306,0.20240164,0.5660783,0.4507537,0.009359131,0.8175364,0.005796436,0.40125147,5.5198456e-07,0.8358905,0.010345055,0.0002857268,
419,0.2897713,0.59612876,0.02376763,0.47730386,0.0750211,0.35751575,0.005389381,0.0012627917,0.00014012987,4.5056797e-05,0.23674333,3.098884e-06,
420,0.37424845,0.96154994,0.7898861,0.4786129,0.9505317,0.51185954,0.00053395337,0.7859174,0.98581576,4.5363853e-05,0.04697669,0.0001439146,
421,0.45701176,0.5890547,0.9201343,0.4608067,0.017351469,0.100775026,0.0047383904,0.00083588954,9.837043e-06,0.99991405,0.004424505,4.2127765e-05,
422,0.38387927,0.27009892,0.43512622,0.44836903,0.072601594,0.11196393,0.0020000127,0.00034993017,9.1536583e-07,0.0020497893,1.12221305e-05,8.695778e-08,
423,0.6822549,0.088040866,0.21187043,0.4038236,0.008662262,0.15303363,0.0016057258,0.00031235782,0.00011878876,4.7797967e-05,0.03515471,2.6838296e-09,
424,0.50906223,0.017513331,0.1074658,0.37360704,0.04280037,0.24313898,0.00039482323,0.002460602,1.1284849e-06,4.7411682e-05,0.02797873,0.00024066008,
425,0.19424094,0.27726424,0.9731574,0.4666269,0.1359936,0.5441444,0.012357604,0.00035642553,7.0324036e-06,0.9999474,1.5708673e-06,0.44850203,
426,0.6723106,0.32980382,0.0038971675,0.41948178,0.01110915,0.33454835,0.00041914915,0.00096118683,1.8716444e-08,4.5109762e-05,0.5961485,1.202478e-07,
427,0.84889895,0.45187858,0.8951731,0.38637474,0.062529884,0.21708727,0.0005677371,0.0048915665,9.262696e-09,0.014965267,0.029434122,2.2573413e-05,
428,0.62919146,0.8679778,0.9921406,0.3922651,0.003905591,0.53474426,0.0019022677,0.0003948951,5.7844838e-05,0.7174485,0.19091585,8.328357e-06,
429,0.3152761,0.95602065,0.9874079,0.42710975,0.10374302,0.58420527,0.034326255,0.5946087,0.0037974005,0.0036205638,0.005314123,0.0003266241,
430,0.5317278,0.8592509,0.64809686,0.44609416,0.08490491,0.2967142,0.43337426,0.00029234367,4.305493e-06,0.3921959,0.001395642,5.5871707e-05,
431,0.51096797,0.81532604,0.20843302,0.41532767,0.04440925,0.10409102,0.0013510835,0.0002940575,1.6351269e-05,0.99993634,0.15298524,0.043848306,
432,0.44316757,0.0679554,0.0067203185,0.39309284,0.025873577,0.085377134,0.00054395886,0.0031750363,5.312663e-08,0.967788,0.0007383153,8.959072e-08,
433,0.8140996,0.04456574,0.008523097,0.3917813,0.014001743,0.09350273,3.5809117e-05,0.0005473551,1.597435e-07,4.5934776e-05,0.5754319,4.0666796e-06,
434,0.32924414,0.117089026,0.07185669,0.45168057,0.009275771,0.16674,0.010025769,0.00025431372,0.00035525873,4.543841e-05,0.04703695,3.979126e-05,
435,0.6309131,0.9180439,0.92907673,0.44677863,0.9238085,0.28804567,0.9029751,0.00032071414,0.5812721,0.99990726,7.869982e-05,0.0003132501,
436,0.6189562,0.7046036,0.9611567,0.47920993,0.0020516738,0.08285932,0.00086170615,0.8651462,1.6743299e-05,0.9999486,0.3863138,1.3917593e-06,
437,0.72145337,0.95847666,0.99439186,0.40171582,0.9613539,0.13355336,0.0076291705,0.00028289072,6.8646645e-05,0.99995184,0.01673796,2.6586983e-07,
438,0.68469906,0.81898075,0.38350818,0.45887762,0.211827,0.17860293,0.043646872,0.00078045117,0.9562397,0.99994636,0.09224434,0.18788534,
439,0.43021116,0.19814041,0.3334613,0.4219406,0.025506588,0.13811004,0.00036003476,0.020647954,9.271118e-05,8.5681575e-05,0.10942486,1.4088863e-06,
440,0.15519391,0.23095849,0.05355098,0.4610705,0.34812263,0.5466816,0.02318054,0.00031368164,0.0002756623,4.5148627e-05,0.83492714,0.0040641716,
441,0.41719076,0.9513647,0.88289547,0.44349918,0.9729769,0.117459014,0.56014866,0.0004604841,0.0007786056,0.992214,0.11147465,0.006866834,
442,0.73024184,0.9420092,0.9355835,0.40456638,0.07091665,0.48680413,0.010197054,0.000270275,0.000117188014,0.8959977,0.0072485073,8.000816e-06,
443,0.44436797,0.9750191,0.51060855,0.47698092,0.08591719,0.17812808,0.004466898,0.0015389682,0.00018326048,4.8075588e-05,0.16842091,0.068383954,
444,0.55541086,0.9265704,0.5790126,0.44683707,0.6433561,0.13257635,0.012418563,0.01384654,0.35431066,0.0004660497,0.74792266,0.15395346,
445,0.80431324,0.55134225,0.9461207,0.4328757,0.11161433,0.6602295,0.010238334,0.0003862567,1.0880496e-05,0.98173803,0.0026945125,1.1324555e-06,
446,0.623642,0.81354946,0.012033711,0.4550489,0.08624175,0.44819003,0.016711747,0.0011043956,0.00049794675,4.5225934e-05,0.5531762,3.4315974e-05,
447,0.48309714,0.9380895,0.072842725,0.47723848,0.06416684,0.583038,0.0009953955,0.8476612,0.91306835,8.6934444e-05,0.15949036,0.00020207741,
448,0.5020651,0.8541905,0.9182963,0.47705632,0.5004328,0.12240076,0.033586666,0.012331599,0.0007411897,0.99992645,0.00029628715,4.1026464e-08,
449,0.5306096,0.35308647,0.550942,0.45690364,0.018700527,0.14083166,0.0116767315,0.00067752245,0.0027317253,0.9999434,0.021522202,0.4321262,
450,0.65846324,0.41783223,0.9585473,0.4659097,0.95698565,0.08868295,0.009131339,0.003660996,0.9423737,0.9996835,0.006409103,1.2525803e-05,
451,0.41674912,0.10255415,0.1927872,0.46038383,0.0066403165,0.58487076,0.0035578131,0.97025406,0.62376505,0.000102699814,0.004695358,0.004122839,
452,0.44318503,0.9438473,0.98721075,0.39964616,0.09953266,0.21904755,0.0015619135,0.0005071442,0.000968266,0.9962373,0.18649468,2.7179915e-06,
453,0.56018573,0.9644038,0.80174637,0.45539623,0.017392354,0.7732033,0.0037540956,0.002940122,0.032533903,0.0001149645,0.15850337,7.4812335e-05,
454,0.5045175,0.81011343,0.81753355,0.42982423,0.009369986,0.13155906,0.00039260692,0.9904083,0.0024234913,8.32414e-05,0.6396864,0.2586296,
455,0.76049066,0.13559294,0.014310311,0.44159028,0.002946412,0.11304782,0.030039946,0.0063504595,5.850487e-06,0.00025847496,0.6327294,0.76360875,
456,0.7602991,0.3680117,0.13218954,0.423671,0.037784733,0.16101049,0.046970874,0.00033623623,3.8929033e-05,6.3234205e-05,0.00890751,5.0782916e-07,
457,0.6927922,0.35808054,0.08322567,0.4065717,0.022939222,0.15615965,0.0018144336,0.00025498235,1.0985885e-06,0.99991226,0.23554698,3.8655762e-07,
458,0.52011424,0.51216567,0.020066215,0.39513105,0.0048805843,0.08708329,0.0032952747,0.015326232,1.6506817e-06,7.030842e-05,0.054249827,6.113594e-06,
459,0.19593199,0.14074837,0.0673073,0.43424222,0.49560264,0.77440846,0.16558729,0.00091908855,3.2582575e-05,8.235207e-05,0.00012430179,0.93789196,
460,0.45951173,0.08048517,0.014713813,0.4084039,0.048172146,0.12262873,0.0005010102,0.0004651634,0.00014534638,5.197015e-05,0.07920782,9.373555e-07,
461,0.52817327,0.12552819,0.49325696,0.39124373,0.00248973,0.14549607,0.00125575,0.00032718573,0.0014731326,4.531098e-05,0.0061996025,7.040363e-05,
462,0.6736457,0.9552361,0.9832772,0.45420605,0.5848025,0.10797587,0.035308953,0.00039502032,6.349809e-05,6.954067e-05,0.38677895,8.750742e-05,
463,0.66914916,0.1457773,0.9389549,0.39501804,0.030436179,0.12328056,0.00060876453,0.010454716,0.0005786325,0.99993765,0.005308271,7.1572285e-06,
464,0.71022266,0.100007124,0.06773228,0.4642416,0.059639733,0.094758086,0.0023167424,0.00044199912,1.8374723e-05,5.1710318e-05,0.01237314,4.4695742e-08,
465,0.2795746,0.13384794,0.6576502,0.40491974,0.007804892,0.3587629,0.00032493702,0.00025960858,0.0064963773,0.00018322327,0.6923735,0.032344107,
466,0.5795873,0.7011528,0.7639986,0.4330172,0.027583908,0.25273076,0.0034678255,0.0003246509,0.001669596,4.717599e-05,0.0019457836,3.2996108e-05,
467,0.32793456,0.7486584,0.9660274,0.46073502,0.0063015004,0.711995,0.001863423,0.99926716,0.12746328,4.5422985e-05,0.0014462611,0.00019948534,
468,0.5857908,0.10925144,0.037461318,0.44591746,0.08122541,0.06050772,0.00031557318,0.008991286,0.005531575,0.93344295,0.015655594,0.0009217827,
469,0.7163212,0.45456353,0.86577445,0.48545218,0.3430221,0.12476705,0.18855369,0.00034609667,0.0026378739,0.008525923,0.018217806,0.033285707,
470,0.5250699,0.042512305,0.59987974,0.43905106,0.006969591,0.37201443,0.0019476801,0.9958175,0.00075463287,0.0017110484,0.043520983,0.40107596,
471,0.5379512,0.7639408,0.68692183,0.45241246,0.03199027,0.3446302,0.0005247699,0.000355923,0.0006386397,4.5058045e-05,0.033094484,2.6888452e-07,
472,0.5371596,0.9490651,0.97117764,0.3992563,0.13057679,0.4832378,0.92706686,0.014480439,0.0023986162,0.9999523,0.5869903,0.98243505,
473,0.25363466,0.96052414,0.78885925,0.45220172,0.0036027285,0.26196215,0.009382719,0.01748852,0.02354637,7.286031e-05,0.00027977265,2.9235021e-05,
474,0.46949512,0.44095612,0.30251044,0.42037207,0.8875237,0.7713559,0.22189948,0.0006371023,4.266549e-05,0.9999523,5.3576532e-05,0.0004970041,
475,0.45488772,0.056630768,0.41259193,0.3980623,0.009372394,0.11246802,0.0030194449,0.0006123319,0.0040421225,0.99979717,0.0007289741,5.2347296e-08,
476,0.6338127,0.11860727,0.027136588,0.45252335,0.0029576637,0.63939947,0.0028801824,0.81898755,2.972157e-05,0.9975963,0.9958221,0.54887646,
477,0.65746474,0.3106588,0.021241175,0.44517803,0.0163482,0.20846388,0.010333038,0.0007270236,0.0002526688,4.517115e-05,0.06726316,0.001073896,
478,0.57191366,0.97053075,0.07520923,0.41906422,0.0122651225,0.39766082,0.0011828685,0.5938744,0.12772274,4.8616148e-05,0.99599034,0.99993837,
479,0.6083001,0.95520854,0.9950793,0.4567663,0.031069545,0.5314745,0.0201668,0.00034919233,0.0003597171,4.5860455e-05,0.06376394,0.15860035,
480,0.3613662,0.8868176,0.98629004,0.49327087,0.92279834,0.16143599,0.36422738,0.00026836127,0.0016706572,0.9486125,0.009916581,3.6048856e-05,
481,0.56317,0.72561544,0.41130492,0.41062889,0.13564941,0.2312531,0.03298191,0.00034279487,0.0008964126,5.473466e-05,0.022996496,0.00014417914,
482,0.55115956,0.6998753,0.0137933735,0.39963767,0.011896427,0.37639856,0.01653997,0.0011840707,0.00010741551,0.9999455,0.00033358106,2.9695207e-06,
483,0.54781926,0.047052704,0.45931125,0.4400777,0.08943825,0.14764842,0.28233492,0.00784713,0.00085001835,0.000116117706,0.4882173,0.0011786608,
484,0.5415604,0.05466582,0.10751513,0.47253662,0.017963003,0.11795509,0.0028420906,0.0043463833,6.9688854e-06,4.859205e-05,3.361942e-05,8.411423e-08,
485,0.2659626,0.6977148,0.19953045,0.43591332,0.035127,0.20583698,0.121588856,0.00025605818,0.0030017789,4.537264e-05,0.26568934,1.51903e-06,
486,0.42074978,0.9647108,0.9911472,0.47592142,0.7043607,0.1310727,0.1813895,0.00024943007,3.956287e-05,0.9302348,0.031071423,2.8170254e-05,
487,0.48822495,0.9121926,0.8563897,0.46069407,0.9939275,0.16851497,0.33559883,0.7939924,0.010108502,0.008591352,0.9123399,0.041675672,
488,0.46196786,0.9664083,0.9744746,0.49346066,0.73321813,0.14929608,0.007980622,0.24707307,0.17670244,5.5596396e-05,0.9999856,0.0026917895,
489,0.55258733,0.8145531,0.97872686,0.46570995,0.028439898,0.13104315,0.2016129,0.00034327514,0.0014312753,0.9999443,0.644604,3.9983433e-06,
490,0.59743,0.8603345,0.87544805,0.48011193,0.53086436,0.17853871,0.003560223,0.00031050717,0.0037040964,4.5396613e-05,0.027630957,0.006606515,
491,0.6449484,0.24383374,0.49634078,0.40416676,0.45102254,0.09502441,0.0100216,0.00047213808,4.2720207e-05,0.99995136,0.0050477698,0.004195553,
492,0.5628948,0.17145859,0.4485794,0.37565324,0.13953258,0.090295896,0.0013518383,0.9069488,8.807848e-09,0.012136229,0.97657835,0.99991894,
493,0.66079175,0.34154335,0.026602477,0.4911025,0.011410859,0.19257331,0.0073446967,0.00031666053,0.008071355,4.5334833e-05,0.99559057,0.24320552,
494,0.5256448,0.92626995,0.046869833,0.45841762,0.6683437,0.6575423,0.0020619377,0.10833951,0.276098,6.556485e-05,0.36890236,0.04046641,
495,0.6346447,0.19277893,0.14225666,0.45739335,0.021219218,0.47543448,0.0007584098,0.79932463,0.35634694,4.54258e-05,0.2661127,0.52090967,
496,0.4512013,0.57453156,0.71714556,0.43873024,0.0041021337,0.10540918,0.0063914787,0.0014983367,0.002670447,4.632347e-05,0.00632957,2.1951726e-07,
497,0.37888828,0.86309636,0.24849719,0.44852754,0.16698954,0.3426415,0.0052302578,0.31410053,0.25861713,0.999946,0.025920352,0.7990763,
498,0.55269146,0.05487863,0.5367855,0.41758734,0.5638297,0.22253577,0.0021350689,0.0003562428,0.018144865,0.01753039,0.0093779825,0.1348521,
499,0.7579669,0.15026309,0.97965676,0.43315533,0.36818576,0.14460585,0.013182106,0.070521966,0.065570496,0.99994695,0.0013191616,3.1134054e-08,
500,0.6111274,0.7000363,0.76764363,0.4605445,0.054529257,0.187618,0.009091423,0.0007906865,0.0016855611,4.5625857e-05,0.028488459,1.3654483e-06,
501,0.8259736,0.8908094,0.947251,0.42146993,0.01884223,0.15919614,0.018049696,0.00032215845,0.0006667684,0.9992207,0.07331418,0.0004886183,
502,0.50849104,0.9631969,0.22997692,0.49886996,0.9690976,0.21461628,0.80905604,0.17731448,0.038288888,0.0011288256,0.0005485603,0.02034767,
503,0.4880446,0.563796,0.36459908,0.4548451,0.023029435,0.05948691,0.003681028,0.00030535884,0.075318515,4.515276e-05,0.04809088,0.00038492953,
504,0.5909611,0.57717556,0.54184157,0.48301992,0.16017132,0.16127166,0.001223292,0.9996456,0.9740611,4.5539527e-05,0.83901906,0.016298303,
505,0.78690875,0.09313202,0.6997618,0.41426682,0.011496639,0.5548189,0.00063356606,0.8836733,2.7250531e-05,0.1199639,0.9394872,0.0010053378,
506,0.53642887,0.8030619,0.9493822,0.45378512,0.26071247,0.8025542,0.026761971,0.00040863015,0.0039895144,4.6163877e-05,0.004335837,9.732152e-06,
507,0.45831424,0.9482726,0.75835854,0.38402155,0.016790614,0.287305,0.0034235108,0.0009864564,0.0016562436,4.5796824e-05,0.0012674412,0.83013815,
508,0.5949134,0.94655704,0.94978905,0.43473175,0.61709744,0.22583243,0.019895019,0.004408755,0.00028616,0.994433,0.0029831976,5.080635e-06,
509,0.5140143,0.86005276,0.9893106,0.44972476,0.89949775,0.54369295,0.36749476,0.00029174422,0.00013414101,0.9579767,0.00017468569,1.5469572e-05,
510,0.61970305,0.09090879,0.9288244,0.40517887,0.091026396,0.11116739,0.012918935,0.5557658,0.0029019366,0.9999485,0.00021546938,0.00013561425,
511,0.5779043,0.1359688,0.3317927,0.38353392,0.01782883,0.15482953,0.007680641,0.030866457,3.933235e-09,0.00043168827,0.45019975,0.9933246,
512,0.6821895,0.9266209,0.9890009,0.4435233,0.02380646,0.56261003,0.010073621,0.00036168727,0.0015125877,4.5331984e-05,0.01936113,2.2121785e-07,
513,0.7684285,0.90039515,0.98406106,0.4175067,0.12665802,0.78650945,0.0016314378,0.0025058768,0.0024917736,0.99995196,0.12732702,0.02102057,
514,0.61783075,0.958752,0.9821644,0.43487418,0.09971381,0.13472137,0.0047434033,0.0012834338,0.00038670437,0.99994266,0.14989984,0.010395591,
515,0.59029067,0.6936676,0.9110348,0.4121014,0.6387472,0.22617055,0.008373264,0.0012016292,0.00010506596,0.00012779367,0.014889631,1.206842e-05,
516,0.68625396,0.91053146,0.9129509,0.5046157,0.9885097,0.53827167,0.73072946,0.0003144068,0.004316212,5.3865875e-05,0.929178,0.0062307334,
517,0.5404267,0.8224298,0.95862764,0.442216,0.539169,0.5915513,0.0061098705,0.00095169654,4.0095645e-05,0.00014995376,0.08061542,0.0010433557,
518,0.23908606,0.90544564,0.050592303,0.48466003,0.056227285,0.4437384,0.001596682,0.00030332137,0.071246475,4.5488574e-05,0.04021767,4.8840016e-06,
519,0.70694155,0.98289907,0.9049511,0.4622494,0.1365873,0.5617329,0.009886865,0.00031735294,8.2306535e-05,5.6230794e-05,0.27672157,5.454952e-05,
520,0.4816151,0.909184,0.6493554,0.4407606,0.0061877123,0.58776844,0.009002655,0.0022421565,0.75700384,0.00012971851,0.019809008,1.1536965e-07,
521,0.5280257,0.23320547,0.4128477,0.429814,0.019030971,0.26013377,0.0017368392,0.016356468,0.92191976,5.660838e-05,0.09200457,0.74383366,
522,0.6544477,0.66468614,0.9922287,0.48679718,0.20167962,0.09755265,0.0070439265,0.0598068,0.9425184,0.9999521,0.035328846,1.4142602e-06,
523,0.65613925,0.16184309,0.28285804,0.36798602,0.023521662,0.15795235,0.011039342,0.090584636,1.3548757e-10,0.9603845,0.22070931,0.994142,
524,0.19134483,0.33973178,0.20977093,0.43247172,0.17591782,0.22954844,0.8401823,0.00035756224,9.7705066e-05,4.601742e-05,0.5968067,1.3042442e-05,
525,0.6426452,0.96643627,0.88120306,0.45265755,0.0049622497,0.4190423,0.009897003,0.0006144014,0.012264555,6.837949e-05,0.09315277,0.00080381206,
526,0.89709526,0.8854242,0.8636758,0.44978562,0.0059873215,0.19403942,0.0044057,0.16844526,0.00078803836,0.7915403,0.012763021,0.00523302,
527,0.8590818,0.3258953,0.7599479,0.40608695,0.004425266,0.13151321,0.0006888342,0.0002956889,0.00044754657,0.99994767,0.7539679,0.99708694,
528,0.3831895,0.8735308,0.17665704,0.43766424,0.005575104,0.115722306,0.006120408,0.00035971435,1.3280754e-06,0.00055869314,0.7849775,0.99369377,
529,0.33149236,0.916031,0.99703634,0.37761998,0.8761609,0.106515385,0.19972366,0.0002598582,0.0009546198,0.93659014,0.9548047,6.639057e-06,
530,0.32258433,0.44168353,0.097611964,0.43798465,0.04071389,0.46947387,0.013296965,0.00029254443,6.7263034e-05,0.999931,0.40361974,0.9982382,
531,0.27253985,0.4645852,0.114926875,0.41745102,0.9962452,0.14706787,0.61071646,0.00043980288,9.3071794e-05,6.656153e-05,0.00013589165,1.5058927e-06,
532,0.49256566,0.87070155,0.40558055,0.44768324,0.9945186,0.43313345,0.055061407,0.0003833117,4.310065e-05,0.0023660914,0.29119927,0.00026097026,
533,0.5221569,0.19888015,0.006862546,0.4177388,0.0072691273,0.17666556,0.0003542195,0.012721474,0.00021674215,5.242451e-05,0.0932639,7.6167606e-07,
534,0.207363,0.61146265,0.96657056,0.39495012,0.007400824,0.22715242,0.015681583,0.00055397174,5.9715134e-05,9.6345575e-05,9.153003e-06,4.4598193e-05,
535,0.5245398,0.07723403,0.19723247,0.44159833,0.027360654,0.16049813,0.014173185,0.00027941278,0.0071523143,4.643072e-05,0.022273503,3.6797363e-07,
536,0.5300696,0.053423557,0.27721193,0.4671571,0.008540195,0.3386811,0.005754959,0.0006703668,0.00011867487,4.540778e-05,0.19994456,0.0021704775,
537,0.2795746,0.13384794,0.6576502,0.40491974,0.007804892,0.3587629,0.00032493702,0.00025960858,0.0064963773,0.00018322327,0.6923735,0.032344107,
538,0.5795873,0.7011528,0.7639986,0.4330172,0.027583908,0.25273076,0.0034678255,0.0003246509,0.001669596,4.717599e-05,0.0019457836,3.2996108e-05,
539,0.32793456,0.7486584,0.9660274,0.46073502,0.0063015004,0.711995,0.001863423,0.99926716,0.12746328,4.5422985e-05,0.0014462611,0.00019948534,
540,0.5363378,0.15861207,0.099700674,0.44591746,0.08122541,0.06050772,0.00031557318,0.008991286,0.005531575,0.93344295,0.015655594,0.0009217827,
541,0.6572518,0.33564696,0.9599137,0.47946957,0.87416863,0.14123999,0.024837282,0.0002539079,5.669228e-05,0.0013593212,0.017340245,0.49343777,
542,0.39876968,0.1817429,0.97014076,0.35705107,0.016829522,0.3238782,0.001047444,0.83751297,6.1358963e-07,0.9999497,0.40394577,1.0783211e-07,
543,0.5518367,0.5666294,0.12401097,0.48283803,0.008003532,0.46353075,0.023447864,0.00049389043,0.008390826,4.5139455e-05,0.04380798,4.9686238e-05,
544,0.783525,0.9801207,0.77168125,0.41732255,0.054955922,0.3620379,0.007038502,0.0011204376,0.0023224917,5.298405e-05,0.6479945,0.0064781676,
545,0.7900472,0.897364,0.6683187,0.4218977,0.00517086,0.37853643,0.25808942,0.008247479,0.000106731015,0.8467566,0.085373506,0.0010841767,
546,0.56706965,0.872872,0.29125762,0.41531882,0.007008532,0.47805643,0.022458017,0.0020363466,1.25378965e-05,0.9999492,0.002684425,0.00027087555,
547,0.9170457,0.93326783,0.9769189,0.4655866,0.971713,0.4733346,0.56213135,0.00030195693,0.00016271343,0.9916136,0.011544103,4.4468707e-05,
548,0.2127575,0.041759226,0.2963577,0.44359967,0.007870683,0.14661337,0.0008725197,0.80542094,4.2496406e-05,0.17270468,0.27222615,4.324484e-06,
549,0.43739492,0.8851858,0.70065147,0.46496373,0.07324024,0.46948668,0.26608774,0.00025938393,9.284752e-05,4.529512e-05,0.003729521,1.8681103e-06,
550,0.41770795,0.9732722,0.8230266,0.45681664,0.5961129,0.829443,0.050091323,0.00085009413,0.001783106,5.3781907e-05,0.46126845,0.3408724,
551,0.40897417,0.57968134,0.44240567,0.38917923,0.28259358,0.100997254,0.0042540235,0.0009397729,7.6274155e-05,0.0005334752,0.038780972,1.4636244e-09,
552,0.39578497,0.28323284,0.33235043,0.40431082,0.056428496,0.04980552,0.03925512,0.001270294,1.4077029e-06,0.99994123,0.930226,1.0,
553,0.52820635,0.7169566,0.21103536,0.39882946,0.053614616,0.046832737,0.042515416,0.0004990251,5.6109116e-06,0.9998888,0.8900309,1.0,
554,0.49439713,0.56663996,0.07641067,0.4061925,0.7460403,0.08981357,0.03779773,0.0005365236,3.0535734e-06,0.99972194,0.021065408,0.0088163335,
555,0.45290047,0.9675794,0.27636433,0.49790636,0.51892406,0.18111835,0.37272295,0.16144237,0.0015256833,0.99992514,0.00086236,0.9412465,
556,0.47878465,0.8837668,0.03235199,0.38891327,0.00395226,0.22775875,0.0079852445,0.0009092687,0.0006620753,0.9998301,0.012205764,3.90236e-06,
557,0.31950775,0.9355195,0.38680995,0.441356,0.96440005,0.12705283,0.06585215,0.00039543986,4.5118068e-06,0.99949884,0.012795734,1.1723989e-05,
558,0.59397703,0.9118078,0.080002874,0.40016726,0.0718791,0.22782749,0.03227742,0.0003307696,1.2804351e-05,0.99986243,0.0069007855,3.1901473e-06,
559,0.6339709,0.7233656,0.13983281,0.42504355,0.0388163,0.10904218,0.038407724,0.0003442286,0.0022773847,6.919068e-05,0.0003634759,0.0006848801,
560,0.47030592,0.72573316,0.9007492,0.42971846,0.11770049,0.5087719,0.2756303,0.000934731,0.0030784225,0.09112643,0.03931153,0.0004886469,
561,0.5779043,0.1359688,0.3317927,0.38353392,0.01782883,0.15482953,0.007680641,0.030866457,3.933235e-09,0.00043168827,0.45019975,0.9933246,
562,0.38625675,0.6912813,0.98495525,0.50658673,0.042080127,0.339049,0.016674967,0.00025468107,0.25581905,0.99994195,0.011134376,8.665526e-07,
563,0.72693974,0.9191317,0.9979966,0.4127931,0.88461846,0.11089733,0.11295149,0.002593937,0.076678805,0.99983037,0.9463328,0.4049283,
564,0.44742584,0.97263634,0.9965837,0.48050785,0.028815297,0.2782049,0.014708277,0.0005872723,0.0010553804,0.98961335,0.7839564,0.0008630019,
565,0.76447123,0.9759243,0.9165957,0.45603803,0.97942644,0.1891136,0.07785895,0.00028710472,0.0028198573,0.9999429,0.6940463,0.00070785143,
566,0.7627025,0.9216079,0.2067113,0.41734102,0.006020334,0.14173557,0.0011942709,0.00051832077,5.1604366e-06,0.00011183305,0.2372754,1.3808891e-06,
567,0.44374824,0.9102117,0.9389929,0.42826843,0.78651893,0.109224565,0.0097378325,0.00050490303,0.00013928354,0.9992021,0.11407048,0.020986646,
568,0.55693007,0.57689387,0.38464233,0.4659798,0.054738656,0.42054045,0.0006899425,0.97588545,0.6057095,6.1770355e-05,0.80462706,0.999858,
569,0.5478227,0.81668997,0.23740838,0.49659455,0.2247813,0.56012225,0.01354702,0.00063503266,0.14725268,0.00042330733,0.16555107,0.15456548,
570,0.6047485,0.9410976,0.44495857,0.41590247,0.0139873335,0.14377034,0.089758776,0.00042140472,0.0005391424,8.455659e-05,0.18374456,1.0993172e-05,
571,0.65638906,0.42950627,0.9729364,0.47020933,0.9330353,0.16101685,0.047506753,0.00037716428,0.005186912,0.99994993,0.0005684074,0.01313974,
572,0.7787986,0.07357404,0.110385925,0.40755454,0.059962638,0.6271289,0.000997281,0.0012219149,1.2546018e-07,0.0011018316,0.7747591,8.114967e-05,
573,0.09516526,0.13800912,0.009060965,0.46464917,0.12261718,0.26980925,0.08137861,0.00027407735,0.010417134,4.516964e-05,0.0031310874,8.501247e-06,
574,0.4995211,0.8442069,0.7184751,0.41825047,0.15781373,0.121549256,0.07942263,0.00025178815,0.0146077685,5.4298893e-05,0.0027025794,0.011199708,
575,0.5538344,0.94864714,0.97212166,0.48929143,0.007788001,0.084821574,0.063665114,0.20343816,0.049508147,8.9713205e-05,0.66693306,0.9957694,
576,0.551429,0.8180394,0.4543585,0.3962608,0.025294024,0.15911822,0.013634065,0.00080810825,7.980577e-05,0.99967813,0.013349588,0.0002632052,
577,0.5733292,0.42443934,0.049276568,0.43646255,0.2576386,0.06892979,0.014317589,0.00035304073,0.86215854,4.596089e-05,0.11821377,1.1577067e-06,
578,0.20889717,0.2623226,0.004592915,0.43427578,0.0066932915,0.13859594,0.0025399982,0.98485965,0.002044127,7.002966e-05,0.0039958213,7.0634023e-06,
579,0.36408344,0.54277956,0.7201927,0.4088078,0.0043356665,0.11929993,0.008889187,0.000263601,0.00020525079,0.5943384,0.06296188,2.7481897e-06,
580,0.63263756,0.12553361,0.674983,0.40831262,0.019497586,0.5892426,0.029266583,0.00069626083,4.795144e-07,7.292342e-05,0.9604939,0.0028459015,
