Index,symbol,Sequences,DeP
1,1_1,MRSILSLCLS,0.00030315167
2,1_2,STWSNGLLSA,0.03025409
3,1_3,IPSMVTCSRL,0.0046592946
4,1_4,DSPFTTKTNN,0.00027140524
5,1_5,PQQQIKFKFM,0.68786496
6,1_6,IMLSFQCGQF,0.00071136927
7,1_7,VSISCSK,0.8955066
8,2_1,MDMKKVTCAL,0.00030445593
9,2_2,LIAAASMSAA,0.000556377
10,2_3,VAAAEAPAPS,0.0005726931
11,2_4,PGPGPSSGAS,0.00028506614
12,2_5,APLVGSLIGA,0.9602392
13,2_6,SVLSFFALFQ,0.863928
14,3_1,MLKGVMLKGV,0.0008019243
15,3_2,MLSNLSTIIY,0.00029718905
16,3_3,EFAIMCPVLL,0.0012236009
17,3_4,SECSLKLLLR,0.0003849183
18,3_5,LQIKESGNCY,0.00052342634
19,3_6,CTTMF,0.99422956
20,4_1,MKQETTSDGS,0.00027251214
21,4_2,GTMVLRKCVL,0.9980392
22,4_3,LFWNQRQRCT,0.0020348267
23,4_4,RWVLFFEGVG,0.0022391544
24,4_5,INFVIIFALI,0.006746194
25,4_6,RG,0.0011814912
26,5_1,MDMKKITCAL,0.00034446054
27,5_2,LIAATSVSAA,0.00032365703
28,5_3,VAATEVPASA,0.00025732175
29,5_4,PGPGPSSGAS,0.00028506614
30,5_5,APLVGSLIGA,0.9602392
31,5_6,SVLSFFALFQ,0.863928
32,6_1,MRSILSLCLS,0.00030315167
33,6_2,STWSNGLLSA,0.03025409
34,6_3,IPSMVTCSRL,0.0046592946
35,6_4,DSPFTTKTNN,0.00027140524
36,6_5,PQQQIKFKFM,0.68786496
37,6_6,IMLSFQCGQF,0.00071136927
38,6_7,VSISCSK,0.8955066
39,7_1,MDKANKLSAG,0.00031368164
40,7_2,AGEKATKSRS,0.0004604841
41,7_3,HGSTALFVAV,0.000270275
42,7_4,DYAFLLAFAG,0.0015389682
43,7_5,FLAYLVGSRI,0.01384654
44,7_6,LPSAAGSA,0.0003862567
45,8_1,MTKCQKRASI,0.00027812138
46,8_2,QGLWLLSMVL,0.9988462
47,8_3,LASSSLVCAS,0.00035467904
48,8_4,MAVDGQTKED,0.00025520806
49,8_5,INATSVTSMN,0.000606176
50,8_6,MTRSSSASYN,0.00027897517
51,8_7,MTGGGGELNR,0.00024501042
52,8_8,GPCVVRSGFY,0.005052267
53,8_9,WCQNIGYPTM,0.00047244082
54,8_10,SECLKNCES,0.0004163994
55,9_1,MRAQRIMERV,0.00025021585
56,9_2,QEEQRRWYGV,0.0004887664
57,9_3,KEPGQTNCCS,0.00025357938
58,9_4,ARRTSRICLF,0.0010124762
59,9_5,QSMALLASPQ,0.023548312
60,9_6,GI,0.12110135
61,10_1,MRAQRIMERV,0.00025021585
62,10_2,QEEQRRWYGV,0.0004887664
63,10_3,KEPGQTNCCS,0.00025357938
64,10_4,ARRTSRICLF,0.0010124762
65,10_5,QSMALLASPQ,0.023548312
66,10_6,GI,0.12110135
67,11_1,MASNISPSAF,0.001250864
68,11_2,DKEQIFGMAE,0.00045557748
69,11_3,KEMEYRVELF,0.00091507303
70,11_4,NKMTQTCFNK,0.0002844469
71,11_5,CVDNRYKESE,0.0013528153
72,11_6,LNMGENSCID,0.00031338332
73,11_7,RCVSKYWHVT,0.03804538
74,11_8,NLIGQLLGSG,0.99848914
75,11_9,KPAM,0.08215197
76,12_1,MSKITVLFFT,0.0011146994
77,12_2,VLFLCCMITH,0.83796376
78,12_3,STRPQPAFHK,0.00037456828
79,12_4,ESLVSTLHQD,0.000312348
80,12_5,AEEVDESCEG,0.0004024014
81,12_6,IKEEECLIRR,0.00025998286
82,12_7,TLTAHIDYIY,0.00026468566
83,12_8,TQKHNNP,0.0002699657
84,13_1,MASSSYSNSP,0.0005970149
85,13_2,YDACKFLRRK,0.00053689553
86,13_3,CMLDCIFSPY,0.2878356
87,13_4,FPPKEPQKFT,0.9914369
88,13_5,NVHKIFRASF,0.99262565
89,14_1,MLLLDFVHPK,0.0003419047
90,14_2,LILQKLVEHL,0.0038104684
91,14_3,LKRIEANLRR,0.00024632044
92,14_4,ELYYWHAYYD,0.00030020738
93,14_5,RRLPPGITAL,0.049602017
94,14_6,LKLEEFVAKF,0.00041681898
95,14_7,MSMCRKNSGS,0.00053602597
96,14_8,RKYV,0.00037163333
97,15_1,MDSSGARRAD,0.00026112035
98,15_2,LRAKAKAMAE,0.00034249274
99,15_3,KPRVLLAACG,0.00067854475
100,15_4,SVCAVKFGNV,0.20585623
101,15_5,CRSFAEWAVV,0.001215513
102,15_6,KVVLIKSALR,0.9978783
103,15_7,FIDEQTLPQD,0.00041655323
104,15_8,VTVYRDEKDW,0.00028188137
105,15_9,RTWKKLGDPM,0.92382735
106,15_10,LHIELCNWAE,0.000389182
107,15_11,IMVIAPLSAN,0.018906372
108,15_12,TLSKVINQT,0.013071997
109,16_1,MADIVDEAIT,0.0003268462
110,16_2,FFRANVFFKK,0.9703287
111,16_3,FHVKSSADKL,0.0038770572
112,16_4,LIYLTFYIHI,0.00039458842
113,16_5,ALKRLEGCQT,0.00029276902
114,16_6,LAVGTKAIIN,0.0002996749
115,16_7,LGLEKVPVPG,0.00029696728
116,16_8,EPGFPFPGLF,0.0117170485
117,16_9,TLPQSQEEAE,0.00025306008
118,16_10,LLRNYLKQIR,0.00033651554
119,16_11,EETSGRLLNC,0.0019104596
120,16_12,AYRANGFPNK,0.0006698428
121,16_13,WWLAFAKRKF,0.78992355
122,16_14,MNIVIL,0.0007526809
123,17_1,MGAVVTAVIA,0.00025765735
124,17_2,IAAVVLGWIT,0.52709734
125,17_3,IEMACKPCLE,0.0006560589
126,17_4,TGRRAMDRAL,0.00026832035
127,17_5,DPNHDPDSPT,0.0005014782
128,17_6,NAGGASANEP,0.0012233352
129,17_7,LLADLSASTA,0.0005928783
130,17_8,PPAKAI,0.00031940846
131,18_1,MGGDVHSDDD,0.0002476143
132,18_2,DEEGDEREVD,0.00037871787
133,18_3,DGVDDDGDGA,0.00031311333
134,18_4,GLQVAELHQV,0.00078340556
135,18_5,VAAGELDEQP,0.00026777294
136,18_6,RREQHEQHQP,0.00024630706
137,18_7,DHHGAPVRHL,0.00025269866
138,18_8,ARSTMNCLPT,0.0002983351
139,18_9,YWSLWLVRGV,0.23085003
140,18_10,AGAWGSEEDE,0.00030632367
141,18_11,GRPGGEGGLL,0.0004491632
142,18_12,VWFAGARSRL,0.0007857517
143,19_1,MSKITVLFFT,0.0011146994
144,19_2,VLFLCCMITH,0.83796376
145,19_3,STRPQPAFHK,0.00037456828
146,19_4,ESLVSTLHQD,0.000312348
147,19_5,AEEVDESCEG,0.0004024014
148,19_6,IKEEECLIRR,0.00025998286
149,19_7,TLTAHIDYIY,0.00026468566
150,19_8,TQKHNNP,0.0002699657
151,20_1,MTTEPQGSHQ,0.00024415273
152,20_2,HGSKRDLPSC,0.0005394935
153,20_3,RKNVPGTSFV,0.0006075595
154,20_4,SDLRDHIHEF,0.00033072167
155,20_5,INASSDEHMT,0.00238546
156,20_6,CFTKTIKKMF,0.99968815
157,20_7,GMSMTVAHKS,0.9869386
158,20_8,SKAEEAGPA,0.00029654743
159,21_1,MCSTIYEPPH,0.00030625303
160,21_2,TTDDQSRHAI,0.00024479232
161,21_3,HPPILVELDG,0.00028586958
162,21_4,YIFCVFCVFC,0.8434322
163,21_5,FLLCFSVLLF,0.99920696
164,21_6,RSVLKFICTT,0.9712315
165,21_7,GK,0.0006078606
166,22_1,MCPRWPCTSR,0.0002628641
167,22_2,PIRPVVCVSV,0.009534654
168,22_3,WVPILVELEG,0.0012624189
169,22_4,APEELSRLEI,0.0006333665
170,23_1,MTATGCIIYA,0.00027732702
171,23_2,CWRCDRVAGR,0.00035325182
172,23_3,SLPILVELDG,0.00036034622
173,23_4,WLLCAHTM,0.0006707087
174,24_1,MCGRAFIRRL,0.000262803
175,24_2,FGSVFARGFF,0.32457578
176,24_3,CSPILVELDG,0.00044853834
177,24_4,LSDGECRFIT,0.00028654767
178,24_5,LLRF,0.07744625
179,25_1,MGGRAGGHYL,0.00025655326
180,25_2,SVCVAVVRVS,0.0022100012
181,25_3,SWPILVELDG,0.00033356485
182,25_4,SLSIVGLCTI,0.98472273
183,25_5,TCVQRFRRR,0.00027894723
184,26_1,MGQSYAKSPD,0.00029077815
185,26_2,GTVGTARPPY,0.000258686
186,26_3,PRPILVELDG,0.0002634746
187,26_4,FFLFLSLLFF,0.999561
188,26_5,WLSLLFLV,0.004884817
189,27_1,MCPRWPCTSR,0.0002628641
190,27_2,PIRPVVCVSV,0.009534654
191,27_3,WVPILVELDG,0.00033919408
192,27_4,APEELRRLER,0.00025859821
193,27_5,SLNSRP,0.000511448
194,28_1,MCPRWPCTSR,0.0002628641
195,28_2,PIRPVVCVSV,0.009534654
196,28_3,WLPILVELDG,0.00031626227
197,28_4,APEELSRLAR,0.00044936236
198,28_5,S,0.090584636
199,29_1,MFLVRRVWGF,0.0004942557
200,29_2,RGCLIGGRGA,0.009938933
201,29_3,VWPILVELDG,0.00089435955
202,29_4,DVNGHKFSVR,0.0013538941
203,29_5,GEGEGDATNG,0.00025244366
204,29_6,KLTLKFICTT,0.0010102836
205,29_7,GK,0.0006078606
206,30_1,MAQCASSALL,0.0003489459
207,30_2,GSSWEGRGFA,0.0021420014
208,30_3,ERPILVELDG,0.00028080362
209,31_1,MCCGGRVCML,0.0003119397
210,31_2,CTCLVLVVIA,0.15897782
211,31_3,IGLLFGFGVF,0.99876523
212,31_4,KHGFHKIKDT,0.003181989
213,31_5,VSFCDSCGGG,0.0077396566
214,31_6,AAGGGRPFIG,0.0012708864
215,31_7,YAPPPLF,0.081597924
216,32_1,MATRIIGLSF,0.01405288
217,32_2,FLGFLCIALL,0.99905986
218,32_3,FASGSAQIVC,0.00066456065
219,32_4,QQKGICPNTI,0.9471842
220,32_5,ACYNYCLGLG,0.021010695
221,32_6,FQGYGRCDDN,0.00028219545
222,32_7,GLCCCKKG,0.99937975
223,33_1,MSHSLVSVIL,0.00036121553
224,33_2,VKVILAAMII,0.9541109
225,33_3,VLFSHAVRSQ,0.0008140672
226,33_4,QICLASCKDT,0.9961283
227,33_5,PSCDAHCKFI,0.0003964393
228,33_6,GYGKGTCFIV,0.0010349044
229,33_7,SPTYSKCCCF,0.00055906817
230,34_1,MIMNTKSKLI,0.0007783704
231,34_2,TLWVLLYFCS,0.9973475
232,34_3,ITNSLAASKK,0.06814153
233,34_4,CNFPAIFNFG,0.98816466
234,34_5,DSNSDTGGLS,0.00154954
235,34_6,AAFSSWRVLL,0.99918395
236,34_7,PSPCWSLL,0.00043976182
237,35_1,MDKARFGLFF,0.0004943951
238,35_2,MLLILLASRK,0.0005650147
239,35_3,PLSMHLRSHR,0.00039541136
240,35_4,FKGMCLSEHN,0.00033481792
241,35_5,CASVSHLEGF,0.0012278196
242,35_6,TGGKCWGFRR,0.1441798
243,35_7,RCFCSKHC,0.025563033
244,36_1,MRSILSLCLS,0.00030315167
245,36_2,STWSNGLLSA,0.03025409
246,36_3,IPSMVTCSRL,0.0046592946
247,36_4,DSPFTTKTNN,0.00027140524
248,36_5,PQQQIKFKFM,0.68786496
249,36_6,IMLSFQCGQF,0.00071136927
250,36_7,VSISCSK,0.8955066
251,37_1,MRNISNLVLP,0.0002883625
252,37_2,SLASLGPSFP,0.7123914
253,37_3,GFTWYSICLC,0.998235
254,37_4,LVHFLLRSFH,0.6083802
255,37_5,LSFSYIAKEF,0.022158056
256,37_6,KTFVTIGKGG,0.8970025
257,37_7,IGC,0.051947445
258,38_1,MIKTVFRNST,0.0003546667
259,38_2,SLLLYIMHAS,0.11754048
260,38_3,FPSVILCVVC,0.99843866
261,38_4,NKVAIKAVIQ,0.00039457824
262,38_5,KCCIYMLCKI,0.273832
263,38_6,LL,0.010408525
264,39_1,MKVAFVAVLL,0.00038854568
265,39_2,ICLVLSSSLF,0.98601574
266,39_3,EVSMAGSAFC,0.4466918
267,39_4,SSKCAKRCSR,0.10711864
268,39_5,AGMKDRCTRF,0.0009061568
269,39_6,CGICCSKCRC,0.9995278
270,39_7,VPSGTYGNKH,0.0004302432
271,39_8,ECPCYRDMKN,0.00042550717
272,39_9,SKGKPKCP,0.0011376819
273,40_1,MAAKGNQNTN,0.00032797304
274,40_2,RNTKPNSVIC,0.00040840835
275,40_3,ADCDGNDNCL,0.00030115593
276,40_4,LILRAVLCSQ,0.03569638
277,40_5,CKGSGVNSVD,0.00027401908
278,40_6,IFNGQFKAGD,0.00033997497
279,40_7,TCWLCGGRKE,0.0839215
280,40_8,MLCGNCNGTG,0.0002702013
281,40_9,FVGGFLSTYD,0.0006420938
282,40_10,Q,0.6666298
283,41_1,MTKASLFFPC,0.0012627917
284,41_2,LIILFIVASG,0.7859174
285,41_3,TTGFANACNF,0.00083588954
286,41_4,PCHSPNGCGN,0.00034993017
287,41_5,LHCPGCVKQC,0.00031235782
288,41_6,VNFCCLCDCS,0.002460602
289,41_7,PPPNGNVS,0.00035642553
290,42_1,MKTSSKSIGQ,0.00032050078
291,42_2,LYKPLSVMKE,0.00073166576
292,42_3,CNHCQMVCNK,0.0011502003
293,42_4,FSCNFFVLKL,0.037276007
294,42_5,CQAGKKCKQD,0.00034308864
295,42_6,SFIWC,0.9992132
296,43_1,MADTGGGDAV,0.00026158683
297,43_2,RPVVICDNKC,0.12895593
298,43_3,GCTLPCTGGS,0.00038422854
299,43_4,TCRCTSAGTA,0.00040688735
300,43_5,TGGGATGGGD,0.00024843987
301,43_6,HVTCSCGEHC,0.00032985667
302,43_7,GCNPCSCPKI,0.0013400569
303,43_8,AAAGSGCRCG,0.30996388
304,43_9,TDCACASCRT,0.00040898286
305,44_1,MHNSGLHISE,0.00040063515
306,44_2,LCIHNFGMST,0.0016191101
307,44_3,LENMFFGLSI,0.0007783122
308,44_4,SELCMHNFRM,0.004412993
309,44_5,DNHKCEFFVF,0.0008893891
310,44_6,QIF,0.9967619
311,45_1,MLLRNFFLHP,0.00030826312
312,45_2,CIKLAISNIH,0.10615137
313,45_3,PCNVISLSIF,0.008499457
314,45_4,ITSTILSRHS,0.00054081075
315,45_5,CTQRNYINKI,0.00068695267
316,45_6,SVI,0.89976376
317,46_1,MNQSGASLSK,0.0003844524
318,46_2,SKSKVTKSNK,0.0014679912
319,46_3,VRVCIIYCHG,0.2181364
320,46_4,VRPSSTSLTL,0.00027547157
321,46_5,HCICGISIRR,0.0012409119
322,46_6,NP,0.0016003919
323,47_1,MLLLLLLEMS,0.00042890312
324,47_2,KFDFHFGYEV,0.0007144153
325,47_3,ACHVMNYGLV,0.10923968
326,47_4,GELVLLCFWI,0.3383533
327,47_5,LSPCLSFNCC,0.25696656
328,47_6,CYSSMC,0.9932654
329,48_1,MARDFLDAHA,0.0002994373
330,48_2,NEAGLVLHSG,0.9660683
331,48_3,PIFLFLMIVA,0.007621708
332,48_4,SLSIISMIIF,0.9952277
333,48_5,ACGKKGGGGG,0.0010904283
334,48_6,GGGCGGDGGG,0.0003494957
335,48_7,GGGDGGGGDG,0.00027148987
336,48_8,GGGDGGGGGG,0.0004411181
337,48_9,GGCGGGGGGG,0.0017231307
338,48_10,GC,0.7209475
339,49_1,MQGKTDANAI,0.00025431372
340,49_2,IRLRPSRRRH,0.00032071414
341,49_3,QDSCQCPFFF,0.8651462
342,49_4,HISEFHSCAS,0.00028289072
343,49_5,SPLLIHTCWI,0.00078045117
344,49_6,FCGTSIG,0.020647954
345,50_1,MCLDIICGPA,0.00040902337
346,50_2,AAKIHRPLST,0.0012326315
347,50_3,CLRCFHHLLG,0.33012336
348,50_4,CWLTFEQHGQ,0.00031953456
349,50_5,FLLYTGCPLQ,0.031249195
350,50_6,LYLTRLL,0.0004724447
351,51_1,MSALFNFHSF,0.0011043956
352,51_2,LTVILLGICA,0.8476612
353,51_3,CTYFKMQFPA,0.012331599
354,51_4,ILDQKTGFRG,0.00067752245
355,51_5,FFWKAARIGR,0.003660996
356,51_6,CLLFSLFI,0.97025406
357,52_1,MLKGVMLKGV,0.0008019243
358,52_2,MLSNLSTIIY,0.00029718905
359,52_3,EFAIMCPVLL,0.0012236009
360,52_4,SECSLKLLLR,0.0003849183
361,52_5,LQIKESGNCY,0.00052342634
362,52_6,CTTMF,0.99422956
363,53_1,MFGVRSRALA,0.00030167322
364,53_2,PSLSKSHGCC,0.001897264
365,53_3,SASSNVSAFL,0.026621586
366,53_4,TSNHCTWGGG,0.00032798774
367,53_5,GHARSCCSDM,0.00067820307
368,53_6,FTSHLTWVSF,0.14019847
369,53_7,VVHLLLHGTT,0.94316125
370,54_1,MKFGGCSCLG,0.00036497295
371,54_2,TGSVGLGDTT,0.0003227785
372,54_3,ILGGGGAYWF,0.0011933895
373,54_4,GCGRSRWRLV,0.0033655537
374,54_5,VERRWDWWWY,0.0006228565
375,54_6,LCRRWRFGRE,0.0007107086
376,54_7,CGGYGGC,0.0019017798
377,55_1,MVNHISNCSL,0.0005071442
378,55_2,LFVMLALTIT,0.002940122
379,55_3,GLIEVKGNTC,0.9904083
380,55_4,SQPLGGCGPM,0.0063504595
381,55_5,GQCDQRCKAL,0.00033623623
382,55_6,HIDGQGSCDL,0.00025498235
383,55_7,GLCTCYYGCA,0.015326232
384,55_8,DPPPSPTPPK,0.00091908855
385,55_9,MCNNGLGVCS,0.0004651634
386,55_10,VQCGDACCNA,0.00032718573
387,55_11,KCASKYNQGT,0.00039502032
388,55_12,GMCSTIGNNN,0.010454716
389,55_13,LCTCQYRCG,0.00044199912
390,56_1,MSHSLVSVIL,0.00036121553
391,56_2,VKVILAAMII,0.9541109
392,56_3,VLFSHAVRSQ,0.0008140672
393,56_4,QICLASCKDT,0.9961283
394,56_5,PSCDAHCKFI,0.0003964393
395,56_6,GYGKGTCFIV,0.0010349044
396,56_7,SPTYSKCCCF,0.00055906817
397,57_1,MRSILSLCLS,0.00030315167
398,57_2,STWSNGLLSA,0.03025409
399,57_3,IPSMVTCSRL,0.0046592946
400,57_4,DSPFTTKTNN,0.00027140524
401,57_5,PQQQIKFKFM,0.68786496
402,57_6,IMLSFQCGQF,0.00071136927
403,57_7,VSISCSK,0.8955066
404,58_1,MRNISNLVLP,0.0002883625
405,58_2,SLASLGPSFP,0.7123914
406,58_3,GFTWYSICLC,0.998235
407,58_4,LVHFLLRSFH,0.6083802
408,58_5,LSFSYIAKEF,0.022158056
409,58_6,KTFVTIGKGG,0.8970025
410,58_7,IGC,0.051947445
411,59_1,MLGSTGLGIV,0.00056814065
412,59_2,IAAGVFGAAA,0.0003392345
413,59_3,SLLLAYFFWQ,0.00094854896
414,59_4,CTGKGKGGRR,0.0002811154
415,59_5,RHRRGTSESG,0.000261738
416,59_6,GGEDGSWWTE,0.0002731273
417,59_7,RLRAAHNRLV,0.00053099165
418,59_8,PVSLF,0.40125147
419,60_1,MTKASLFFPC,0.0012627917
420,60_2,LIILFIVASG,0.7859174
421,60_3,TTGFANACNF,0.00083588954
422,60_4,PCHSPNGCGN,0.00034993017
423,60_5,LHCPGCVKQC,0.00031235782
424,60_6,VNFCCLCDCS,0.002460602
425,60_7,PPPNGNVS,0.00035642553
426,61_1,MSCSSGKCDC,0.00096118683
427,61_2,GSSCSCGSSC,0.0048915665
428,61_3,NCMSPNVETA,0.0003948951
429,61_4,AASSIKTTVL,0.5946087
430,61_5,AAPTTKASAG,0.00029234367
431,61_6,GFEAATEGGG,0.0002940575
432,61_7,CDCNTCNCGT,0.0031750363
433,61_8,SCGCSCCSCN,0.0005473551
434,62_1,MQGKTDANAI,0.00025431372
435,62_2,IRLRPSRRRH,0.00032071414
436,62_3,QDSCQCPFFF,0.8651462
437,62_4,HISEFHSCAS,0.00028289072
438,62_5,SPLLIHTCWI,0.00078045117
439,62_6,FCGTSIG,0.020647954
440,63_1,MDKANKLSAG,0.00031368164
441,63_2,AGEKATKSRS,0.0004604841
442,63_3,HGSTALFVAV,0.000270275
443,63_4,DYAFLLAFAG,0.0015389682
444,63_5,FLAYLVGSRI,0.01384654
445,63_6,LPSAAGSA,0.0003862567
446,64_1,MSALFNFHSF,0.0011043956
447,64_2,LTVILLGICA,0.8476612
448,64_3,CTYFKMQFPA,0.012331599
449,64_4,ILDQKTGFRG,0.00067752245
450,64_5,FFWKAARIGR,0.003660996
451,64_6,CLLFSLFI,0.97025406
452,65_1,MVNHISNCSL,0.0005071442
453,65_2,LFVMLALTIT,0.002940122
454,65_3,GLIEVKGNTC,0.9904083
455,65_4,SQPLGGCGPM,0.0063504595
456,65_5,GQCDQRCKAL,0.00033623623
457,65_6,HIDGQGSCDL,0.00025498235
458,65_7,GLCTCYYGCA,0.015326232
459,65_8,DPPPSPTPPK,0.00091908855
460,65_9,MCNNGLGVCS,0.0004651634
461,65_10,VQCGDACCNA,0.00032718573
462,65_11,KCASKYNQGT,0.00039502032
463,65_12,GMCSTIGNNN,0.010454716
464,65_13,LCTCQYRCG,0.00044199912
465,66_1,MVVVVVEGNP,0.00025960858
466,66_2,ICCSNRKVQI,0.0003246509
467,66_3,FICIVPSFVF,0.99926716
468,66_4,IGFCFCANNG,0.008991286
469,66_5,RGSTGKALQI,0.00034609667
470,66_6,IGTFFFF,0.9958175
471,67_1,MTSCSFSCII,0.000355923
472,67_2,SNNNALLRSS,0.014480439
473,67_3,ATLVVFTFGV,0.01748852
474,67_4,VPRSCSSFSS,0.0006371023
475,67_5,GCNVRVCHLP,0.0006123319
476,67_6,QSLPLVG,0.81898755
477,68_1,MGGLSTKLFV,0.0007270236
478,68_2,VLLLLVCYTG,0.5938744
479,68_3,TQGGPVTMVS,0.00034919233
480,68_4,ARKCESQSFR,0.00026836127
481,68_5,FKGPCSRDAN,0.00034279487
482,68_6,CANVCLTEGF,0.0011840707
483,68_7,TGGVCKGLRH,0.00784713
484,68_8,RCFCTRDC,0.0043463833
485,69_1,MSAQGKRRYD,0.00025605818
486,69_2,RKQSGHGGQT,0.00024943007
487,69_3,KPVFHKKAKT,0.7939924
488,69_4,TKKIVLKLQC,0.24707307
489,69_5,QSCKHYSQHA,0.00034327514
490,69_6,IKRCKHFEIG,0.00031050717
491,69_7,GDKNGKGTSL,0.00047213808
492,69_8,F,0.9069488
493,70_1,MYQLGEFKLH,0.00031666053
494,70_2,FYLCILTLTF,0.10833951
495,70_3,ILLCFLFLCS,0.79932463
496,70_4,TCCFCVLQFW,0.0014983367
497,70_5,LGWGLLTGFH,0.31410053
498,70_6,ITIDCFCNNL,0.0003562428
499,70_7,LHWKNFSCA,0.070521966
500,71_1,MRDNFFVKKG,0.0007906865
501,71_2,TLFHVSGREG,0.00032215845
502,71_3,RVPLQTIRAK,0.17731448
503,71_4,IDYCCYTVRA,0.00030535884
504,71_5,IYGILGIKVW,0.9996456
505,71_6,IFSK,0.8836733
506,72_1,MPMSWALTVS,0.00040863015
507,72_2,VVDTVFAALA,0.0009864564
508,72_3,AWVSACLSAA,0.004408755
509,72_4,TAVTRSPRTG,0.00029174422
510,72_5,VMGRFAFLLS,0.5557658
511,72_6,A,0.030866457
512,73_1,MSSCFTMRLV,0.00036168727
513,73_2,ISMSFSLGIN,0.0025058768
514,73_3,SFKKAISATE,0.0012834338
515,73_4,TKCHSTIGVM,0.0012016292
516,73_5,KKSRKLLLDA,0.0003144068
517,73_6,KKNGTITT,0.00095169654
518,74_1,MTHLICLIYL,0.00030332137
519,74_2,KCSCLHVQTL,0.00031735294
520,74_3,LNVISPILYN,0.0022421565
521,74_4,IGLNTKIIFI,0.016356468
522,74_5,IFYIRFQIRV,0.0598068
523,74_6,S,0.090584636
524,75_1,MASRNKAAAL,0.00035756224
525,75_2,LLCFLFLAAV,0.0006144014
526,75_3,AASAAEMIAG,0.16844526
527,75_4,SGIGDGEGEE,0.0002956889
528,75_5,LDKGGGGGGG,0.00035971435
529,75_6,HHKHEGYKNK,0.0002598582
530,75_7,DGKGNLKPSQ,0.00029254443
531,75_8,CGGECRRRCS,0.00043980288
532,75_9,KTHHKKPCLF,0.0003833117
533,75_10,FCNKCCAKCL,0.012721474
534,75_11,CVPPGTYGNK,0.00055397174
535,75_12,ETCPCYNNWK,0.00027941278
536,75_13,TKKGGPKCP,0.0006703668
537,76_1,MVVVVVEGNP,0.00025960858
538,76_2,ICCSNRKVQI,0.0003246509
539,76_3,FICIVPSFVF,0.99926716
540,76_4,IGFCFCANNG,0.008991286
541,76_5,RGSTEGKGHV,0.0002539079
542,76_6,HMVHFGF,0.83751297
543,77_1,MAGLRMKFVA,0.00049389043
544,77_2,VAAMAAALVA,0.0011204376
545,77_3,SAAAAEAPAP,0.008247479
546,77_4,APASDAAAAV,0.0020363466
547,77_5,PLAAASLAAA,0.00030195693
548,77_6,AFGYLFC,0.80542094
549,78_1,MRHGTRLLCA,0.00025938393
550,78_2,LALTLLCMAT,0.00085009413
551,78_3,HFQGASCRGG,0.0009397729
552,78_4,GGGGRGGGGG,0.001270294
553,78_5,GGGGGGGRGG,0.0004990251
554,78_6,GSGTGGGRSG,0.0005365236
555,78_7,RGRSGRPFLG,0.16144237
556,78_8,GVGAGAAAGV,0.0009092687
557,78_9,GARTAAGGSH,0.00039543986
558,78_10,GHRSVAAGGA,0.0003307696
559,78_11,GGPGVWRVAG,0.0003442286
560,78_12,AGAALTAALL,0.000934731
561,78_13,A,0.030866457
562,79_1,MRWVMYQLIL,0.00025468107
563,79_2,FHKPNKNVKS,0.002593937
564,79_3,EKMDQLIPQT,0.0005872723
565,79_4,KHPISYQGET,0.00028710472
566,79_5,SCCFHLCLAF,0.00051832077
567,79_6,SKATFKHECF,0.00050490303
568,79_7,YILPIPFIIF,0.97588545
569,79_8,PLLTNLVIVN,0.00063503266
570,79_9,HQLKCYLFFA,0.00042140472
571,79_10,RNEGQHFSLV,0.00037716428
572,79_11,KCSN,0.0012219149
573,80_1,MTKRTKKAGI,0.00027407735
574,80_2,VGKYGTRYGA,0.00025178815
575,80_3,SLRKQIKKME,0.20343816
576,80_4,VSQHSKFFCE,0.00080810825
577,80_5,FCGKYAVKRK,0.00035304073
578,80_6,AVGIWGCKDC,0.98485965
579,80_7,GKVKAGGAYT,0.000263601
580,80_8,LK,0.00069626083
