Index,symbol,Sequences,CPP
1,1_1,MRSILSLCLS,0.08212959
2,1_2,STWSNGLLSA,0.73955536
3,1_3,IPSMVTCSRL,0.9846193
4,1_4,DSPFTTKTNN,0.9657223
5,1_5,PQQQIKFKFM,0.056531593
6,1_6,IMLSFQCGQF,0.013969425
7,1_7,VSISCSK,0.013778079
8,2_1,MDMKKVTCAL,0.013223351
9,2_2,LIAAASMSAA,0.9946331
10,2_3,VAAAEAPAPS,0.016175076
11,2_4,PGPGPSSGAS,0.019545635
12,2_5,APLVGSLIGA,0.015411847
13,2_6,SVLSFFALFQ,0.0044430993
14,3_1,MLKGVMLKGV,0.008786353
15,3_2,MLSNLSTIIY,0.01363563
16,3_3,EFAIMCPVLL,0.007360709
17,3_4,SECSLKLLLR,0.027914356
18,3_5,LQIKESGNCY,0.010117848
19,3_6,CTTMF,0.029293004
20,4_1,MKQETTSDGS,0.017985746
21,4_2,GTMVLRKCVL,0.36241832
22,4_3,LFWNQRQRCT,0.07145149
23,4_4,RWVLFFEGVG,0.006845797
24,4_5,INFVIIFALI,0.0079736225
25,4_6,RG,0.04491586
26,5_1,MDMKKITCAL,0.010897228
27,5_2,LIAATSVSAA,0.9920099
28,5_3,VAATEVPASA,0.4372399
29,5_4,PGPGPSSGAS,0.019545635
30,5_5,APLVGSLIGA,0.015411847
31,5_6,SVLSFFALFQ,0.0044430993
32,6_1,MRSILSLCLS,0.08212959
33,6_2,STWSNGLLSA,0.73955536
34,6_3,IPSMVTCSRL,0.9846193
35,6_4,DSPFTTKTNN,0.9657223
36,6_5,PQQQIKFKFM,0.056531593
37,6_6,IMLSFQCGQF,0.013969425
38,6_7,VSISCSK,0.013778079
39,7_1,MDKANKLSAG,0.34812263
40,7_2,AGEKATKSRS,0.9729769
41,7_3,HGSTALFVAV,0.07091665
42,7_4,DYAFLLAFAG,0.08591719
43,7_5,FLAYLVGSRI,0.6433561
44,7_6,LPSAAGSA,0.11161433
45,8_1,MTKCQKRASI,0.34640417
46,8_2,QGLWLLSMVL,0.12039592
47,8_3,LASSSLVCAS,0.3403716
48,8_4,MAVDGQTKED,0.014342645
49,8_5,INATSVTSMN,0.49276555
50,8_6,MTRSSSASYN,0.18353797
51,8_7,MTGGGGELNR,0.012018414
52,8_8,GPCVVRSGFY,0.0148013225
53,8_9,WCQNIGYPTM,0.0031625605
54,8_10,SECLKNCES,0.017387481
55,9_1,MRAQRIMERV,0.051493544
56,9_2,QEEQRRWYGV,0.028630715
57,9_3,KEPGQTNCCS,0.83554333
58,9_4,ARRTSRICLF,0.7311407
59,9_5,QSMALLASPQ,0.6595128
60,9_6,GI,0.009987823
61,10_1,MRAQRIMERV,0.051493544
62,10_2,QEEQRRWYGV,0.028630715
63,10_3,KEPGQTNCCS,0.83554333
64,10_4,ARRTSRICLF,0.7311407
65,10_5,QSMALLASPQ,0.6595128
66,10_6,GI,0.009987823
67,11_1,MASNISPSAF,0.08114806
68,11_2,DKEQIFGMAE,0.0027689254
69,11_3,KEMEYRVELF,0.8389812
70,11_4,NKMTQTCFNK,0.8701898
71,11_5,CVDNRYKESE,0.4408886
72,11_6,LNMGENSCID,0.022219077
73,11_7,RCVSKYWHVT,0.58843094
74,11_8,NLIGQLLGSG,0.007320217
75,11_9,KPAM,0.13618219
76,12_1,MSKITVLFFT,0.01540405
77,12_2,VLFLCCMITH,0.0038487364
78,12_3,STRPQPAFHK,0.19332014
79,12_4,ESLVSTLHQD,0.018039968
80,12_5,AEEVDESCEG,0.010608673
81,12_6,IKEEECLIRR,0.95346564
82,12_7,TLTAHIDYIY,0.009858245
83,12_8,TQKHNNP,0.19563714
84,13_1,MASSSYSNSP,0.19275783
85,13_2,YDACKFLRRK,0.9789098
86,13_3,CMLDCIFSPY,0.020431798
87,13_4,FPPKEPQKFT,0.1559783
88,13_5,NVHKIFRASF,0.9815512
89,14_1,MLLLDFVHPK,0.0060554957
90,14_2,LILQKLVEHL,0.07318175
91,14_3,LKRIEANLRR,0.98102957
92,14_4,ELYYWHAYYD,0.52487856
93,14_5,RRLPPGITAL,0.08942499
94,14_6,LKLEEFVAKF,0.006345545
95,14_7,MSMCRKNSGS,0.17203799
96,14_8,RKYV,0.021365367
97,15_1,MDSSGARRAD,0.016029013
98,15_2,LRAKAKAMAE,0.06656045
99,15_3,KPRVLLAACG,0.98875904
100,15_4,SVCAVKFGNV,0.00220556
101,15_5,CRSFAEWAVV,0.004510542
102,15_6,KVVLIKSALR,0.970041
103,15_7,FIDEQTLPQD,0.20475113
104,15_8,VTVYRDEKDW,0.021273518
105,15_9,RTWKKLGDPM,0.38159198
106,15_10,LHIELCNWAE,0.7787848
107,15_11,IMVIAPLSAN,0.14097327
108,15_12,TLSKVINQT,0.006689187
109,16_1,MADIVDEAIT,0.005260246
110,16_2,FFRANVFFKK,0.3241668
111,16_3,FHVKSSADKL,0.17305999
112,16_4,LIYLTFYIHI,0.91450816
113,16_5,ALKRLEGCQT,0.014430203
114,16_6,LAVGTKAIIN,0.0046060774
115,16_7,LGLEKVPVPG,0.005359802
116,16_8,EPGFPFPGLF,0.0023977733
117,16_9,TLPQSQEEAE,0.023541285
118,16_10,LLRNYLKQIR,0.63353676
119,16_11,EETSGRLLNC,0.017720645
120,16_12,AYRANGFPNK,0.093945585
121,16_13,WWLAFAKRKF,0.34410584
122,16_14,MNIVIL,0.0066846292
123,17_1,MGAVVTAVIA,0.009259641
124,17_2,IAAVVLGWIT,0.008529438
125,17_3,IEMACKPCLE,0.026188238
126,17_4,TGRRAMDRAL,0.8949049
127,17_5,DPNHDPDSPT,0.32686076
128,17_6,NAGGASANEP,0.033377524
129,17_7,LLADLSASTA,0.19932948
130,17_8,PPAKAI,0.0115869315
131,18_1,MGGDVHSDDD,0.008595662
132,18_2,DEEGDEREVD,0.00344465
133,18_3,DGVDDDGDGA,0.002369084
134,18_4,GLQVAELHQV,0.039781988
135,18_5,VAAGELDEQP,0.0055261925
136,18_6,RREQHEQHQP,0.9725433
137,18_7,DHHGAPVRHL,0.10710153
138,18_8,ARSTMNCLPT,0.58305484
139,18_9,YWSLWLVRGV,0.19430156
140,18_10,AGAWGSEEDE,0.04252255
141,18_11,GRPGGEGGLL,0.02992963
142,18_12,VWFAGARSRL,0.9663294
143,19_1,MSKITVLFFT,0.01540405
144,19_2,VLFLCCMITH,0.0038487364
145,19_3,STRPQPAFHK,0.19332014
146,19_4,ESLVSTLHQD,0.018039968
147,19_5,AEEVDESCEG,0.010608673
148,19_6,IKEEECLIRR,0.95346564
149,19_7,TLTAHIDYIY,0.009858245
150,19_8,TQKHNNP,0.19563714
151,20_1,MTTEPQGSHQ,0.028893074
152,20_2,HGSKRDLPSC,0.3674952
153,20_3,RKNVPGTSFV,0.47511733
154,20_4,SDLRDHIHEF,0.04893263
155,20_5,INASSDEHMT,0.062903725
156,20_6,CFTKTIKKMF,0.9673409
157,20_7,GMSMTVAHKS,0.6270101
158,20_8,SKAEEAGPA,0.0025763712
159,21_1,MCSTIYEPPH,0.0583362
160,21_2,TTDDQSRHAI,0.15554363
161,21_3,HPPILVELDG,0.7451265
162,21_4,YIFCVFCVFC,0.0031042648
163,21_5,FLLCFSVLLF,0.00718699
164,21_6,RSVLKFICTT,0.006185376
165,21_7,GK,0.010010697
166,22_1,MCPRWPCTSR,0.86451226
167,22_2,PIRPVVCVSV,0.325438
168,22_3,WVPILVELEG,0.012880676
169,22_4,APEELSRLEI,0.5460009
170,23_1,MTATGCIIYA,0.012344929
171,23_2,CWRCDRVAGR,0.8410154
172,23_3,SLPILVELDG,0.017372636
173,23_4,WLLCAHTM,0.0075796945
174,24_1,MCGRAFIRRL,0.10823051
175,24_2,FGSVFARGFF,0.0041745636
176,24_3,CSPILVELDG,0.045405183
177,24_4,LSDGECRFIT,0.0036549792
178,24_5,LLRF,0.0051886765
179,25_1,MGGRAGGHYL,0.020191662
180,25_2,SVCVAVVRVS,0.0032744235
181,25_3,SWPILVELDG,0.027755152
182,25_4,SLSIVGLCTI,0.0048715095
183,25_5,TCVQRFRRR,0.80249476
184,26_1,MGQSYAKSPD,0.04874416
185,26_2,GTVGTARPPY,0.3548153
186,26_3,PRPILVELDG,0.26593992
187,26_4,FFLFLSLLFF,0.012999146
188,26_5,WLSLLFLV,0.0042019547
189,27_1,MCPRWPCTSR,0.86451226
190,27_2,PIRPVVCVSV,0.325438
191,27_3,WVPILVELDG,0.007896675
192,27_4,APEELRRLER,0.92699033
193,27_5,SLNSRP,0.004725879
194,28_1,MCPRWPCTSR,0.86451226
195,28_2,PIRPVVCVSV,0.325438
196,28_3,WLPILVELDG,0.02442168
197,28_4,APEELSRLAR,0.88172996
198,28_5,S,0.023521662
199,29_1,MFLVRRVWGF,0.010358718
200,29_2,RGCLIGGRGA,0.022838762
201,29_3,VWPILVELDG,0.018921467
202,29_4,DVNGHKFSVR,0.20681308
203,29_5,GEGEGDATNG,0.006950539
204,29_6,KLTLKFICTT,0.13896398
205,29_7,GK,0.010010697
206,30_1,MAQCASSALL,0.09078758
207,30_2,GSSWEGRGFA,0.23183167
208,30_3,ERPILVELDG,0.0048309388
209,31_1,MCCGGRVCML,0.01945014
210,31_2,CTCLVLVVIA,0.01432393
211,31_3,IGLLFGFGVF,0.0033016785
212,31_4,KHGFHKIKDT,0.9593851
213,31_5,VSFCDSCGGG,0.004060766
214,31_6,AAGGGRPFIG,0.0048717293
215,31_7,YAPPPLF,0.006105896
216,32_1,MATRIIGLSF,0.73472345
217,32_2,FLGFLCIALL,0.01135311
218,32_3,FASGSAQIVC,0.0038837846
219,32_4,QQKGICPNTI,0.0024299982
220,32_5,ACYNYCLGLG,0.334493
221,32_6,FQGYGRCDDN,0.008176734
222,32_7,GLCCCKKG,0.0062065874
223,33_1,MSHSLVSVIL,0.01167062
224,33_2,VKVILAAMII,0.009149442
225,33_3,VLFSHAVRSQ,0.51094544
226,33_4,QICLASCKDT,0.03861546
227,33_5,PSCDAHCKFI,0.046815246
228,33_6,GYGKGTCFIV,0.0056082383
229,33_7,SPTYSKCCCF,0.43266898
230,34_1,MIMNTKSKLI,0.41879818
231,34_2,TLWVLLYFCS,0.090145566
232,34_3,ITNSLAASKK,0.7241905
233,34_4,CNFPAIFNFG,0.0049121184
234,34_5,DSNSDTGGLS,0.018528255
235,34_6,AAFSSWRVLL,0.15015535
236,34_7,PSPCWSLL,0.8171511
237,35_1,MDKARFGLFF,0.013431932
238,35_2,MLLILLASRK,0.056205254
239,35_3,PLSMHLRSHR,0.9744232
240,35_4,FKGMCLSEHN,0.0722532
241,35_5,CASVSHLEGF,0.054057363
242,35_6,TGGKCWGFRR,0.26300323
243,35_7,RCFCSKHC,0.0529541
244,36_1,MRSILSLCLS,0.08212959
245,36_2,STWSNGLLSA,0.73955536
246,36_3,IPSMVTCSRL,0.9846193
247,36_4,DSPFTTKTNN,0.9657223
248,36_5,PQQQIKFKFM,0.056531593
249,36_6,IMLSFQCGQF,0.013969425
250,36_7,VSISCSK,0.013778079
251,37_1,MRNISNLVLP,0.18210039
252,37_2,SLASLGPSFP,0.00738669
253,37_3,GFTWYSICLC,0.93524563
254,37_4,LVHFLLRSFH,0.3946991
255,37_5,LSFSYIAKEF,0.15858671
256,37_6,KTFVTIGKGG,0.34317318
257,37_7,IGC,0.0049709664
258,38_1,MIKTVFRNST,0.7684109
259,38_2,SLLLYIMHAS,0.9727121
260,38_3,FPSVILCVVC,0.016200926
261,38_4,NKVAIKAVIQ,0.0024360963
262,38_5,KCCIYMLCKI,0.022159413
263,38_6,LL,0.01061942
264,39_1,MKVAFVAVLL,0.0075886776
265,39_2,ICLVLSSSLF,0.018797623
266,39_3,EVSMAGSAFC,0.00322757
267,39_4,SSKCAKRCSR,0.9922478
268,39_5,AGMKDRCTRF,0.34680706
269,39_6,CGICCSKCRC,0.8672694
270,39_7,VPSGTYGNKH,0.21863876
271,39_8,ECPCYRDMKN,0.0036898137
272,39_9,SKGKPKCP,0.005058395
273,40_1,MAAKGNQNTN,0.3386919
274,40_2,RNTKPNSVIC,0.5818838
275,40_3,ADCDGNDNCL,0.0035867367
276,40_4,LILRAVLCSQ,0.927717
277,40_5,CKGSGVNSVD,0.13553524
278,40_6,IFNGQFKAGD,0.013236941
279,40_7,TCWLCGGRKE,0.06961366
280,40_8,MLCGNCNGTG,0.009124094
281,40_9,FVGGFLSTYD,0.044156898
282,40_10,Q,0.009368393
283,41_1,MTKASLFFPC,0.0750211
284,41_2,LIILFIVASG,0.9505317
285,41_3,TTGFANACNF,0.017351469
286,41_4,PCHSPNGCGN,0.072601594
287,41_5,LHCPGCVKQC,0.008662262
288,41_6,VNFCCLCDCS,0.04280037
289,41_7,PPPNGNVS,0.1359936
290,42_1,MKTSSKSIGQ,0.105420515
291,42_2,LYKPLSVMKE,0.50685185
292,42_3,CNHCQMVCNK,0.1420079
293,42_4,FSCNFFVLKL,0.011693494
294,42_5,CQAGKKCKQD,0.003196779
295,42_6,SFIWC,0.0026247806
296,43_1,MADTGGGDAV,0.005518546
297,43_2,RPVVICDNKC,0.008628379
298,43_3,GCTLPCTGGS,0.9018647
299,43_4,TCRCTSAGTA,0.03597651
300,43_5,TGGGATGGGD,0.0041482328
301,43_6,HVTCSCGEHC,0.1264343
302,43_7,GCNPCSCPKI,0.008922619
303,43_8,AAAGSGCRCG,0.019937448
304,43_9,TDCACASCRT,0.95598775
305,44_1,MHNSGLHISE,0.030996224
306,44_2,LCIHNFGMST,0.048264768
307,44_3,LENMFFGLSI,0.01870436
308,44_4,SELCMHNFRM,0.08848974
309,44_5,DNHKCEFFVF,0.0048896405
310,44_6,QIF,0.0050751013
311,45_1,MLLRNFFLHP,0.012856592
312,45_2,CIKLAISNIH,0.98504305
313,45_3,PCNVISLSIF,0.77836394
314,45_4,ITSTILSRHS,0.9910328
315,45_5,CTQRNYINKI,0.78698313
316,45_6,SVI,0.0031339494
317,46_1,MNQSGASLSK,0.021384198
318,46_2,SKSKVTKSNK,0.9872448
319,46_3,VRVCIIYCHG,0.009523638
320,46_4,VRPSSTSLTL,0.9671587
321,46_5,HCICGISIRR,0.68668514
322,46_6,NP,0.01794276
323,47_1,MLLLLLLEMS,0.008314139
324,47_2,KFDFHFGYEV,0.15698494
325,47_3,ACHVMNYGLV,0.51749825
326,47_4,GELVLLCFWI,0.013880953
327,47_5,LSPCLSFNCC,0.0738522
328,47_6,CYSSMC,0.036717873
329,48_1,MARDFLDAHA,0.035549097
330,48_2,NEAGLVLHSG,0.019131673
331,48_3,PIFLFLMIVA,0.63536143
332,48_4,SLSIISMIIF,0.020628063
333,48_5,ACGKKGGGGG,0.019439328
334,48_6,GGGCGGDGGG,0.010389579
335,48_7,GGGDGGGGDG,0.009020479
336,48_8,GGGDGGGGGG,0.013057621
337,48_9,GGCGGGGGGG,0.020612862
338,48_10,GC,0.0047419625
339,49_1,MQGKTDANAI,0.009275771
340,49_2,IRLRPSRRRH,0.9238085
341,49_3,QDSCQCPFFF,0.0020516738
342,49_4,HISEFHSCAS,0.9613539
343,49_5,SPLLIHTCWI,0.211827
344,49_6,FCGTSIG,0.025506588
345,50_1,MCLDIICGPA,0.012136127
346,50_2,AAKIHRPLST,0.98233354
347,50_3,CLRCFHHLLG,0.028430732
348,50_4,CWLTFEQHGQ,0.059612133
349,50_5,FLLYTGCPLQ,0.012243074
350,50_6,LYLTRLL,0.64457595
351,51_1,MSALFNFHSF,0.08624175
352,51_2,LTVILLGICA,0.06416684
353,51_3,CTYFKMQFPA,0.5004328
354,51_4,ILDQKTGFRG,0.018700527
355,51_5,FFWKAARIGR,0.95698565
356,51_6,CLLFSLFI,0.0066403165
357,52_1,MLKGVMLKGV,0.008786353
358,52_2,MLSNLSTIIY,0.01363563
359,52_3,EFAIMCPVLL,0.007360709
360,52_4,SECSLKLLLR,0.027914356
361,52_5,LQIKESGNCY,0.010117848
362,52_6,CTTMF,0.029293004
363,53_1,MFGVRSRALA,0.029445756
364,53_2,PSLSKSHGCC,0.25459483
365,53_3,SASSNVSAFL,0.030348524
366,53_4,TSNHCTWGGG,0.095363244
367,53_5,GHARSCCSDM,0.786603
368,53_6,FTSHLTWVSF,0.9697346
369,53_7,VVHLLLHGTT,0.081233196
370,54_1,MKFGGCSCLG,0.06496062
371,54_2,TGSVGLGDTT,0.0052737715
372,54_3,ILGGGGAYWF,0.010023621
373,54_4,GCGRSRWRLV,0.9684313
374,54_5,VERRWDWWWY,0.22712888
375,54_6,LCRRWRFGRE,0.46027127
376,54_7,CGGYGGC,0.005335785
377,55_1,MVNHISNCSL,0.09953266
378,55_2,LFVMLALTIT,0.017392354
379,55_3,GLIEVKGNTC,0.009369986
380,55_4,SQPLGGCGPM,0.002946412
381,55_5,GQCDQRCKAL,0.037784733
382,55_6,HIDGQGSCDL,0.022939222
383,55_7,GLCTCYYGCA,0.0048805843
384,55_8,DPPPSPTPPK,0.49560264
385,55_9,MCNNGLGVCS,0.048172146
386,55_10,VQCGDACCNA,0.00248973
387,55_11,KCASKYNQGT,0.5848025
388,55_12,GMCSTIGNNN,0.030436179
389,55_13,LCTCQYRCG,0.059639733
390,56_1,MSHSLVSVIL,0.01167062
391,56_2,VKVILAAMII,0.009149442
392,56_3,VLFSHAVRSQ,0.51094544
393,56_4,QICLASCKDT,0.03861546
394,56_5,PSCDAHCKFI,0.046815246
395,56_6,GYGKGTCFIV,0.0056082383
396,56_7,SPTYSKCCCF,0.43266898
397,57_1,MRSILSLCLS,0.08212959
398,57_2,STWSNGLLSA,0.73955536
399,57_3,IPSMVTCSRL,0.9846193
400,57_4,DSPFTTKTNN,0.9657223
401,57_5,PQQQIKFKFM,0.056531593
402,57_6,IMLSFQCGQF,0.013969425
403,57_7,VSISCSK,0.013778079
404,58_1,MRNISNLVLP,0.18210039
405,58_2,SLASLGPSFP,0.00738669
406,58_3,GFTWYSICLC,0.93524563
407,58_4,LVHFLLRSFH,0.3946991
408,58_5,LSFSYIAKEF,0.15858671
409,58_6,KTFVTIGKGG,0.34317318
410,58_7,IGC,0.0049709664
411,59_1,MLGSTGLGIV,0.010337051
412,59_2,IAAGVFGAAA,0.0027668406
413,59_3,SLLLAYFFWQ,0.010951284
414,59_4,CTGKGKGGRR,0.53906643
415,59_5,RHRRGTSESG,0.989879
416,59_6,GGEDGSWWTE,0.017768586
417,59_7,RLRAAHNRLV,0.96966624
418,59_8,PVSLF,0.009359131
419,60_1,MTKASLFFPC,0.0750211
420,60_2,LIILFIVASG,0.9505317
421,60_3,TTGFANACNF,0.017351469
422,60_4,PCHSPNGCGN,0.072601594
423,60_5,LHCPGCVKQC,0.008662262
424,60_6,VNFCCLCDCS,0.04280037
425,60_7,PPPNGNVS,0.1359936
426,61_1,MSCSSGKCDC,0.01110915
427,61_2,GSSCSCGSSC,0.062529884
428,61_3,NCMSPNVETA,0.003905591
429,61_4,AASSIKTTVL,0.10374302
430,61_5,AAPTTKASAG,0.08490491
431,61_6,GFEAATEGGG,0.04440925
432,61_7,CDCNTCNCGT,0.025873577
433,61_8,SCGCSCCSCN,0.014001743
434,62_1,MQGKTDANAI,0.009275771
435,62_2,IRLRPSRRRH,0.9238085
436,62_3,QDSCQCPFFF,0.0020516738
437,62_4,HISEFHSCAS,0.9613539
438,62_5,SPLLIHTCWI,0.211827
439,62_6,FCGTSIG,0.025506588
440,63_1,MDKANKLSAG,0.34812263
441,63_2,AGEKATKSRS,0.9729769
442,63_3,HGSTALFVAV,0.07091665
443,63_4,DYAFLLAFAG,0.08591719
444,63_5,FLAYLVGSRI,0.6433561
445,63_6,LPSAAGSA,0.11161433
446,64_1,MSALFNFHSF,0.08624175
447,64_2,LTVILLGICA,0.06416684
448,64_3,CTYFKMQFPA,0.5004328
449,64_4,ILDQKTGFRG,0.018700527
450,64_5,FFWKAARIGR,0.95698565
451,64_6,CLLFSLFI,0.0066403165
452,65_1,MVNHISNCSL,0.09953266
453,65_2,LFVMLALTIT,0.017392354
454,65_3,GLIEVKGNTC,0.009369986
455,65_4,SQPLGGCGPM,0.002946412
456,65_5,GQCDQRCKAL,0.037784733
457,65_6,HIDGQGSCDL,0.022939222
458,65_7,GLCTCYYGCA,0.0048805843
459,65_8,DPPPSPTPPK,0.49560264
460,65_9,MCNNGLGVCS,0.048172146
461,65_10,VQCGDACCNA,0.00248973
462,65_11,KCASKYNQGT,0.5848025
463,65_12,GMCSTIGNNN,0.030436179
464,65_13,LCTCQYRCG,0.059639733
465,66_1,MVVVVVEGNP,0.007804892
466,66_2,ICCSNRKVQI,0.027583908
467,66_3,FICIVPSFVF,0.0063015004
468,66_4,IGFCFCANNG,0.08122541
469,66_5,RGSTGKALQI,0.3430221
470,66_6,IGTFFFF,0.006969591
471,67_1,MTSCSFSCII,0.03199027
472,67_2,SNNNALLRSS,0.13057679
473,67_3,ATLVVFTFGV,0.0036027285
474,67_4,VPRSCSSFSS,0.8875237
475,67_5,GCNVRVCHLP,0.009372394
476,67_6,QSLPLVG,0.0029576637
477,68_1,MGGLSTKLFV,0.0163482
478,68_2,VLLLLVCYTG,0.0122651225
479,68_3,TQGGPVTMVS,0.031069545
480,68_4,ARKCESQSFR,0.92279834
481,68_5,FKGPCSRDAN,0.13564941
482,68_6,CANVCLTEGF,0.011896427
483,68_7,TGGVCKGLRH,0.08943825
484,68_8,RCFCTRDC,0.017963003
485,69_1,MSAQGKRRYD,0.035127
486,69_2,RKQSGHGGQT,0.7043607
487,69_3,KPVFHKKAKT,0.9939275
488,69_4,TKKIVLKLQC,0.73321813
489,69_5,QSCKHYSQHA,0.028439898
490,69_6,IKRCKHFEIG,0.53086436
491,69_7,GDKNGKGTSL,0.45102254
492,69_8,F,0.13953258
493,70_1,MYQLGEFKLH,0.011410859
494,70_2,FYLCILTLTF,0.6683437
495,70_3,ILLCFLFLCS,0.021219218
496,70_4,TCCFCVLQFW,0.0041021337
497,70_5,LGWGLLTGFH,0.16698954
498,70_6,ITIDCFCNNL,0.5638297
499,70_7,LHWKNFSCA,0.36818576
500,71_1,MRDNFFVKKG,0.054529257
501,71_2,TLFHVSGREG,0.01884223
502,71_3,RVPLQTIRAK,0.9690976
503,71_4,IDYCCYTVRA,0.023029435
504,71_5,IYGILGIKVW,0.16017132
505,71_6,IFSK,0.011496639
506,72_1,MPMSWALTVS,0.26071247
507,72_2,VVDTVFAALA,0.016790614
508,72_3,AWVSACLSAA,0.61709744
509,72_4,TAVTRSPRTG,0.89949775
510,72_5,VMGRFAFLLS,0.091026396
511,72_6,A,0.01782883
512,73_1,MSSCFTMRLV,0.02380646
513,73_2,ISMSFSLGIN,0.12665802
514,73_3,SFKKAISATE,0.09971381
515,73_4,TKCHSTIGVM,0.6387472
516,73_5,KKSRKLLLDA,0.9885097
517,73_6,KKNGTITT,0.539169
518,74_1,MTHLICLIYL,0.056227285
519,74_2,KCSCLHVQTL,0.1365873
520,74_3,LNVISPILYN,0.0061877123
521,74_4,IGLNTKIIFI,0.019030971
522,74_5,IFYIRFQIRV,0.20167962
523,74_6,S,0.023521662
524,75_1,MASRNKAAAL,0.17591782
525,75_2,LLCFLFLAAV,0.0049622497
526,75_3,AASAAEMIAG,0.0059873215
527,75_4,SGIGDGEGEE,0.004425266
528,75_5,LDKGGGGGGG,0.005575104
529,75_6,HHKHEGYKNK,0.8761609
530,75_7,DGKGNLKPSQ,0.04071389
531,75_8,CGGECRRRCS,0.9962452
532,75_9,KTHHKKPCLF,0.9945186
533,75_10,FCNKCCAKCL,0.0072691273
534,75_11,CVPPGTYGNK,0.007400824
535,75_12,ETCPCYNNWK,0.027360654
536,75_13,TKKGGPKCP,0.008540195
537,76_1,MVVVVVEGNP,0.007804892
538,76_2,ICCSNRKVQI,0.027583908
539,76_3,FICIVPSFVF,0.0063015004
540,76_4,IGFCFCANNG,0.08122541
541,76_5,RGSTEGKGHV,0.87416863
542,76_6,HMVHFGF,0.016829522
543,77_1,MAGLRMKFVA,0.008003532
544,77_2,VAAMAAALVA,0.054955922
545,77_3,SAAAAEAPAP,0.00517086
546,77_4,APASDAAAAV,0.007008532
547,77_5,PLAAASLAAA,0.971713
548,77_6,AFGYLFC,0.007870683
549,78_1,MRHGTRLLCA,0.07324024
550,78_2,LALTLLCMAT,0.5961129
551,78_3,HFQGASCRGG,0.28259358
552,78_4,GGGGRGGGGG,0.056428496
553,78_5,GGGGGGGRGG,0.053614616
554,78_6,GSGTGGGRSG,0.7460403
555,78_7,RGRSGRPFLG,0.51892406
556,78_8,GVGAGAAAGV,0.00395226
557,78_9,GARTAAGGSH,0.96440005
558,78_10,GHRSVAAGGA,0.0718791
559,78_11,GGPGVWRVAG,0.0388163
560,78_12,AGAALTAALL,0.11770049
561,78_13,A,0.01782883
562,79_1,MRWVMYQLIL,0.042080127
563,79_2,FHKPNKNVKS,0.88461846
564,79_3,EKMDQLIPQT,0.028815297
565,79_4,KHPISYQGET,0.97942644
566,79_5,SCCFHLCLAF,0.006020334
567,79_6,SKATFKHECF,0.78651893
568,79_7,YILPIPFIIF,0.054738656
569,79_8,PLLTNLVIVN,0.2247813
570,79_9,HQLKCYLFFA,0.0139873335
571,79_10,RNEGQHFSLV,0.9330353
572,79_11,KCSN,0.059962638
573,80_1,MTKRTKKAGI,0.12261718
574,80_2,VGKYGTRYGA,0.15781373
575,80_3,SLRKQIKKME,0.007788001
576,80_4,VSQHSKFFCE,0.025294024
577,80_5,FCGKYAVKRK,0.2576386
578,80_6,AVGIWGCKDC,0.0066932915
579,80_7,GKVKAGGAYT,0.0043356665
580,80_8,LK,0.019497586
