Index,symbol,Sequences,AHP
1,1_1,MRSILSLCLS,0.74305403
2,1_2,STWSNGLLSA,0.72650594
3,1_3,IPSMVTCSRL,0.99811673
4,1_4,DSPFTTKTNN,0.993306
5,1_5,PQQQIKFKFM,0.9954768
6,1_6,IMLSFQCGQF,0.92786866
7,1_7,VSISCSK,0.14010167
8,2_1,MDMKKVTCAL,0.74181676
9,2_2,LIAAASMSAA,0.99380684
10,2_3,VAAAEAPAPS,0.52989995
11,2_4,PGPGPSSGAS,0.92109376
12,2_5,APLVGSLIGA,0.13655303
13,2_6,SVLSFFALFQ,0.5891614
14,3_1,MLKGVMLKGV,0.16281708
15,3_2,MLSNLSTIIY,0.14732687
16,3_3,EFAIMCPVLL,0.9512553
17,3_4,SECSLKLLLR,0.42916062
18,3_5,LQIKESGNCY,0.988326
19,3_6,CTTMF,0.08030024
20,4_1,MKQETTSDGS,0.76277757
21,4_2,GTMVLRKCVL,0.99418145
22,4_3,LFWNQRQRCT,0.9962282
23,4_4,RWVLFFEGVG,0.41670257
24,4_5,INFVIIFALI,0.95959175
25,4_6,RG,0.74346554
26,5_1,MDMKKITCAL,0.23124932
27,5_2,LIAATSVSAA,0.9944121
28,5_3,VAATEVPASA,0.7406109
29,5_4,PGPGPSSGAS,0.92109376
30,5_5,APLVGSLIGA,0.13655303
31,5_6,SVLSFFALFQ,0.5891614
32,6_1,MRSILSLCLS,0.74305403
33,6_2,STWSNGLLSA,0.72650594
34,6_3,IPSMVTCSRL,0.99811673
35,6_4,DSPFTTKTNN,0.993306
36,6_5,PQQQIKFKFM,0.9954768
37,6_6,IMLSFQCGQF,0.92786866
38,6_7,VSISCSK,0.14010167
39,7_1,MDKANKLSAG,0.05355098
40,7_2,AGEKATKSRS,0.88289547
41,7_3,HGSTALFVAV,0.9355835
42,7_4,DYAFLLAFAG,0.51060855
43,7_5,FLAYLVGSRI,0.5790126
44,7_6,LPSAAGSA,0.9461207
45,8_1,MTKCQKRASI,0.35087973
46,8_2,QGLWLLSMVL,0.9582241
47,8_3,LASSSLVCAS,0.98590904
48,8_4,MAVDGQTKED,0.92860293
49,8_5,INATSVTSMN,0.9982243
50,8_6,MTRSSSASYN,0.695417
51,8_7,MTGGGGELNR,0.034101047
52,8_8,GPCVVRSGFY,0.99535984
53,8_9,WCQNIGYPTM,0.9960341
54,8_10,SECLKNCES,0.86458343
55,9_1,MRAQRIMERV,0.9816907
56,9_2,QEEQRRWYGV,0.9678665
57,9_3,KEPGQTNCCS,0.10587503
58,9_4,ARRTSRICLF,0.9924379
59,9_5,QSMALLASPQ,0.90625393
60,9_6,GI,0.809419
61,10_1,MRAQRIMERV,0.9816907
62,10_2,QEEQRRWYGV,0.9678665
63,10_3,KEPGQTNCCS,0.10587503
64,10_4,ARRTSRICLF,0.9924379
65,10_5,QSMALLASPQ,0.90625393
66,10_6,GI,0.809419
67,11_1,MASNISPSAF,0.45849922
68,11_2,DKEQIFGMAE,0.964079
69,11_3,KEMEYRVELF,0.98821646
70,11_4,NKMTQTCFNK,0.9948025
71,11_5,CVDNRYKESE,0.9953577
72,11_6,LNMGENSCID,0.99737775
73,11_7,RCVSKYWHVT,0.99494725
74,11_8,NLIGQLLGSG,0.63854855
75,11_9,KPAM,0.27397305
76,12_1,MSKITVLFFT,0.12231347
77,12_2,VLFLCCMITH,0.97681594
78,12_3,STRPQPAFHK,0.96867484
79,12_4,ESLVSTLHQD,0.9935266
80,12_5,AEEVDESCEG,0.044244267
81,12_6,IKEEECLIRR,0.27240703
82,12_7,TLTAHIDYIY,0.92450553
83,12_8,TQKHNNP,0.9428805
84,13_1,MASSSYSNSP,0.08660742
85,13_2,YDACKFLRRK,0.28687236
86,13_3,CMLDCIFSPY,0.95606524
87,13_4,FPPKEPQKFT,0.7475166
88,13_5,NVHKIFRASF,0.98973656
89,14_1,MLLLDFVHPK,0.015904458
90,14_2,LILQKLVEHL,0.6557151
91,14_3,LKRIEANLRR,0.9971232
92,14_4,ELYYWHAYYD,0.99231356
93,14_5,RRLPPGITAL,0.21745914
94,14_6,LKLEEFVAKF,0.9664016
95,14_7,MSMCRKNSGS,0.68507785
96,14_8,RKYV,0.16044222
97,15_1,MDSSGARRAD,0.13389279
98,15_2,LRAKAKAMAE,0.67919284
99,15_3,KPRVLLAACG,0.053858075
100,15_4,SVCAVKFGNV,0.95486975
101,15_5,CRSFAEWAVV,0.8106461
102,15_6,KVVLIKSALR,0.9798639
103,15_7,FIDEQTLPQD,0.9974962
104,15_8,VTVYRDEKDW,0.9606786
105,15_9,RTWKKLGDPM,0.9915038
106,15_10,LHIELCNWAE,0.9974746
107,15_11,IMVIAPLSAN,0.988736
108,15_12,TLSKVINQT,0.9854702
109,16_1,MADIVDEAIT,0.07376925
110,16_2,FFRANVFFKK,0.99222964
111,16_3,FHVKSSADKL,0.9784893
112,16_4,LIYLTFYIHI,0.88684344
113,16_5,ALKRLEGCQT,0.077076204
114,16_6,LAVGTKAIIN,0.2577609
115,16_7,LGLEKVPVPG,0.8456867
116,16_8,EPGFPFPGLF,0.9725801
117,16_9,TLPQSQEEAE,0.9403583
118,16_10,LLRNYLKQIR,0.91499394
119,16_11,EETSGRLLNC,0.89569753
120,16_12,AYRANGFPNK,0.8941015
121,16_13,WWLAFAKRKF,0.44159755
122,16_14,MNIVIL,0.10508062
123,17_1,MGAVVTAVIA,0.58610654
124,17_2,IAAVVLGWIT,0.90977895
125,17_3,IEMACKPCLE,0.39892933
126,17_4,TGRRAMDRAL,0.9976943
127,17_5,DPNHDPDSPT,0.9823093
128,17_6,NAGGASANEP,0.9633542
129,17_7,LLADLSASTA,0.97521544
130,17_8,PPAKAI,0.57215923
131,18_1,MGGDVHSDDD,0.95918596
132,18_2,DEEGDEREVD,0.25751022
133,18_3,DGVDDDGDGA,0.8188068
134,18_4,GLQVAELHQV,0.9872579
135,18_5,VAAGELDEQP,0.86924374
136,18_6,RREQHEQHQP,0.99535996
137,18_7,DHHGAPVRHL,0.99756026
138,18_8,ARSTMNCLPT,0.9956008
139,18_9,YWSLWLVRGV,0.44395754
140,18_10,AGAWGSEEDE,0.5278459
141,18_11,GRPGGEGGLL,0.6599001
142,18_12,VWFAGARSRL,0.7191275
143,19_1,MSKITVLFFT,0.12231347
144,19_2,VLFLCCMITH,0.97681594
145,19_3,STRPQPAFHK,0.96867484
146,19_4,ESLVSTLHQD,0.9935266
147,19_5,AEEVDESCEG,0.044244267
148,19_6,IKEEECLIRR,0.27240703
149,19_7,TLTAHIDYIY,0.92450553
150,19_8,TQKHNNP,0.9428805
151,20_1,MTTEPQGSHQ,0.8131573
152,20_2,HGSKRDLPSC,0.964306
153,20_3,RKNVPGTSFV,0.94028354
154,20_4,SDLRDHIHEF,0.9953176
155,20_5,INASSDEHMT,0.9947178
156,20_6,CFTKTIKKMF,0.9869639
157,20_7,GMSMTVAHKS,0.99275863
158,20_8,SKAEEAGPA,0.52551866
159,21_1,MCSTIYEPPH,0.9930862
160,21_2,TTDDQSRHAI,0.928447
161,21_3,HPPILVELDG,0.16814013
162,21_4,YIFCVFCVFC,0.76250076
163,21_5,FLLCFSVLLF,0.036877528
164,21_6,RSVLKFICTT,0.8912544
165,21_7,GK,0.47418904
166,22_1,MCPRWPCTSR,0.46289688
167,22_2,PIRPVVCVSV,0.99724627
168,22_3,WVPILVELEG,0.97166246
169,22_4,APEELSRLEI,0.8584557
170,23_1,MTATGCIIYA,0.0052098427
171,23_2,CWRCDRVAGR,0.80696404
172,23_3,SLPILVELDG,0.6893271
173,23_4,WLLCAHTM,0.9732862
174,24_1,MCGRAFIRRL,0.21394007
175,24_2,FGSVFARGFF,0.9056643
176,24_3,CSPILVELDG,0.21161671
177,24_4,LSDGECRFIT,0.7762473
178,24_5,LLRF,0.8010212
179,25_1,MGGRAGGHYL,0.07652898
180,25_2,SVCVAVVRVS,0.9642664
181,25_3,SWPILVELDG,0.16443571
182,25_4,SLSIVGLCTI,0.15417807
183,25_5,TCVQRFRRR,0.88855743
184,26_1,MGQSYAKSPD,0.75231564
185,26_2,GTVGTARPPY,0.05221435
186,26_3,PRPILVELDG,0.9179046
187,26_4,FFLFLSLLFF,0.1255659
188,26_5,WLSLLFLV,0.47378415
189,27_1,MCPRWPCTSR,0.46289688
190,27_2,PIRPVVCVSV,0.9974342
191,27_3,WVPILVELDG,0.7993627
192,27_4,APEELRRLER,0.64220023
193,27_5,SLNSRP,0.14560479
194,28_1,MCPRWPCTSR,0.46289688
195,28_2,PIRPVVCVSV,0.9969651
196,28_3,WLPILVELDG,0.8395889
197,28_4,APEELSRLAR,0.8090568
198,28_5,S,0.28285804
199,29_1,MFLVRRVWGF,0.006551379
200,29_2,RGCLIGGRGA,0.05503996
201,29_3,VWPILVELDG,0.11140304
202,29_4,DVNGHKFSVR,0.9473545
203,29_5,GEGEGDATNG,0.6200899
204,29_6,KLTLKFICTT,0.572205
205,29_7,GK,0.47418904
206,30_1,MAQCASSALL,0.37626132
207,30_2,GSSWEGRGFA,0.80085325
208,30_3,ERPILVELDG,0.9755029
209,31_1,MCCGGRVCML,0.007952592
210,31_2,CTCLVLVVIA,0.010724134
211,31_3,IGLLFGFGVF,0.7732342
212,31_4,KHGFHKIKDT,0.97358024
213,31_5,VSFCDSCGGG,0.011733321
214,31_6,AAGGGRPFIG,0.60098296
215,31_7,YAPPPLF,0.27339232
216,32_1,MATRIIGLSF,0.03710609
217,32_2,FLGFLCIALL,0.07541618
218,32_3,FASGSAQIVC,0.97494715
219,32_4,QQKGICPNTI,0.04041837
220,32_5,ACYNYCLGLG,0.33361888
221,32_6,FQGYGRCDDN,0.9379049
222,32_7,GLCCCKKG,0.007923663
223,33_1,MSHSLVSVIL,0.028517948
224,33_2,VKVILAAMII,0.40462753
225,33_3,VLFSHAVRSQ,0.98265886
226,33_4,QICLASCKDT,0.2899878
227,33_5,PSCDAHCKFI,0.048097298
228,33_6,GYGKGTCFIV,0.035960287
229,33_7,SPTYSKCCCF,0.014862874
230,34_1,MIMNTKSKLI,0.91455114
231,34_2,TLWVLLYFCS,0.97122496
232,34_3,ITNSLAASKK,0.8142822
233,34_4,CNFPAIFNFG,0.9414996
234,34_5,DSNSDTGGLS,0.72419524
235,34_6,AAFSSWRVLL,0.8968233
236,34_7,PSPCWSLL,0.23755614
237,35_1,MDKARFGLFF,0.12421501
238,35_2,MLLILLASRK,0.048525132
239,35_3,PLSMHLRSHR,0.99801135
240,35_4,FKGMCLSEHN,0.9951326
241,35_5,CASVSHLEGF,0.051996816
242,35_6,TGGKCWGFRR,0.373746
243,35_7,RCFCSKHC,0.059442442
244,36_1,MRSILSLCLS,0.74305403
245,36_2,STWSNGLLSA,0.72650594
246,36_3,IPSMVTCSRL,0.99811673
247,36_4,DSPFTTKTNN,0.993306
248,36_5,PQQQIKFKFM,0.9954768
249,36_6,IMLSFQCGQF,0.92786866
250,36_7,VSISCSK,0.14010167
251,37_1,MRNISNLVLP,0.95354426
252,37_2,SLASLGPSFP,0.39116308
253,37_3,GFTWYSICLC,0.08916209
254,37_4,LVHFLLRSFH,0.9840338
255,37_5,LSFSYIAKEF,0.8928024
256,37_6,KTFVTIGKGG,0.7456652
257,37_7,IGC,0.13860743
258,38_1,MIKTVFRNST,0.9125823
259,38_2,SLLLYIMHAS,0.92455053
260,38_3,FPSVILCVVC,0.9044718
261,38_4,NKVAIKAVIQ,0.33614302
262,38_5,KCCIYMLCKI,0.065247275
263,38_6,LL,0.75738585
264,39_1,MKVAFVAVLL,0.018454667
265,39_2,ICLVLSSSLF,0.9821983
266,39_3,EVSMAGSAFC,0.24130644
267,39_4,SSKCAKRCSR,0.015928553
268,39_5,AGMKDRCTRF,0.013395988
269,39_6,CGICCSKCRC,0.03386069
270,39_7,VPSGTYGNKH,0.8489145
271,39_8,ECPCYRDMKN,0.9002892
272,39_9,SKGKPKCP,0.008862559
273,40_1,MAAKGNQNTN,0.87203574
274,40_2,RNTKPNSVIC,0.32387143
275,40_3,ADCDGNDNCL,0.034493856
276,40_4,LILRAVLCSQ,0.8045934
277,40_5,CKGSGVNSVD,0.9824233
278,40_6,IFNGQFKAGD,0.7492245
279,40_7,TCWLCGGRKE,0.026704937
280,40_8,MLCGNCNGTG,0.00888411
281,40_9,FVGGFLSTYD,0.9173491
282,40_10,Q,0.20367806
283,41_1,MTKASLFFPC,0.02376763
284,41_2,LIILFIVASG,0.7898861
285,41_3,TTGFANACNF,0.9201343
286,41_4,PCHSPNGCGN,0.43512622
287,41_5,LHCPGCVKQC,0.21187043
288,41_6,VNFCCLCDCS,0.1074658
289,41_7,PPPNGNVS,0.9731574
290,42_1,MKTSSKSIGQ,0.8246898
291,42_2,LYKPLSVMKE,0.9835526
292,42_3,CNHCQMVCNK,0.98447835
293,42_4,FSCNFFVLKL,0.8067907
294,42_5,CQAGKKCKQD,0.9656641
295,42_6,SFIWC,0.07717254
296,43_1,MADTGGGDAV,0.0472269
297,43_2,RPVVICDNKC,0.010673361
298,43_3,GCTLPCTGGS,0.0074920924
299,43_4,TCRCTSAGTA,0.044348117
300,43_5,TGGGATGGGD,0.4241908
301,43_6,HVTCSCGEHC,0.036237765
302,43_7,GCNPCSCPKI,0.006401701
303,43_8,AAAGSGCRCG,0.01127634
304,43_9,TDCACASCRT,0.44567165
305,44_1,MHNSGLHISE,0.9528163
306,44_2,LCIHNFGMST,0.99306524
307,44_3,LENMFFGLSI,0.99687636
308,44_4,SELCMHNFRM,0.9973506
309,44_5,DNHKCEFFVF,0.9929501
310,44_6,QIF,0.14814223
311,45_1,MLLRNFFLHP,0.05766129
312,45_2,CIKLAISNIH,0.81389356
313,45_3,PCNVISLSIF,0.9916855
314,45_4,ITSTILSRHS,0.98005086
315,45_5,CTQRNYINKI,0.9583339
316,45_6,SVI,0.069242336
317,46_1,MNQSGASLSK,0.39289588
318,46_2,SKSKVTKSNK,0.77738607
319,46_3,VRVCIIYCHG,0.7241187
320,46_4,VRPSSTSLTL,0.025094017
321,46_5,HCICGISIRR,0.6881988
322,46_6,NP,0.112206355
323,47_1,MLLLLLLEMS,0.47980207
324,47_2,KFDFHFGYEV,0.9740165
325,47_3,ACHVMNYGLV,0.989356
326,47_4,GELVLLCFWI,0.8335852
327,47_5,LSPCLSFNCC,0.76636326
328,47_6,CYSSMC,0.058043808
329,48_1,MARDFLDAHA,0.8619273
330,48_2,NEAGLVLHSG,0.3058219
331,48_3,PIFLFLMIVA,0.98023784
332,48_4,SLSIISMIIF,0.20226848
333,48_5,ACGKKGGGGG,0.07285193
334,48_6,GGGCGGDGGG,0.088796444
335,48_7,GGGDGGGGDG,0.16054158
336,48_8,GGGDGGGGGG,0.07236512
337,48_9,GGCGGGGGGG,0.5695258
338,48_10,GC,0.33645248
339,49_1,MQGKTDANAI,0.07185669
340,49_2,IRLRPSRRRH,0.92907673
341,49_3,QDSCQCPFFF,0.9611567
342,49_4,HISEFHSCAS,0.99439186
343,49_5,SPLLIHTCWI,0.38350818
344,49_6,FCGTSIG,0.3334613
345,50_1,MCLDIICGPA,0.0346872
346,50_2,AAKIHRPLST,0.21140091
347,50_3,CLRCFHHLLG,0.97956586
348,50_4,CWLTFEQHGQ,0.92707926
349,50_5,FLLYTGCPLQ,0.059400856
350,50_6,LYLTRLL,0.45402393
351,51_1,MSALFNFHSF,0.012033711
352,51_2,LTVILLGICA,0.072842725
353,51_3,CTYFKMQFPA,0.9182963
354,51_4,ILDQKTGFRG,0.550942
355,51_5,FFWKAARIGR,0.9585473
356,51_6,CLLFSLFI,0.1927872
357,52_1,MLKGVMLKGV,0.16281708
358,52_2,MLSNLSTIIY,0.14732687
359,52_3,EFAIMCPVLL,0.9512553
360,52_4,SECSLKLLLR,0.42916062
361,52_5,LQIKESGNCY,0.988326
362,52_6,CTTMF,0.08030024
363,53_1,MFGVRSRALA,0.36715856
364,53_2,PSLSKSHGCC,0.32020172
365,53_3,SASSNVSAFL,0.97537607
366,53_4,TSNHCTWGGG,0.77934146
367,53_5,GHARSCCSDM,0.99475217
368,53_6,FTSHLTWVSF,0.99745077
369,53_7,VVHLLLHGTT,0.9684876
370,54_1,MKFGGCSCLG,0.0034175536
371,54_2,TGSVGLGDTT,0.54429436
372,54_3,ILGGGGAYWF,0.013580157
373,54_4,GCGRSRWRLV,0.9464765
374,54_5,VERRWDWWWY,0.96226877
375,54_6,LCRRWRFGRE,0.94968766
376,54_7,CGGYGGC,0.1598588
377,55_1,MVNHISNCSL,0.98721075
378,55_2,LFVMLALTIT,0.80174637
379,55_3,GLIEVKGNTC,0.81753355
380,55_4,SQPLGGCGPM,0.014310311
381,55_5,GQCDQRCKAL,0.13218954
382,55_6,HIDGQGSCDL,0.08322567
383,55_7,GLCTCYYGCA,0.020066215
384,55_8,DPPPSPTPPK,0.0673073
385,55_9,MCNNGLGVCS,0.014713813
386,55_10,VQCGDACCNA,0.49325696
387,55_11,KCASKYNQGT,0.9832772
388,55_12,GMCSTIGNNN,0.9389549
389,55_13,LCTCQYRCG,0.06773228
390,56_1,MSHSLVSVIL,0.028517948
391,56_2,VKVILAAMII,0.40462753
392,56_3,VLFSHAVRSQ,0.98265886
393,56_4,QICLASCKDT,0.2899878
394,56_5,PSCDAHCKFI,0.048097298
395,56_6,GYGKGTCFIV,0.035960287
396,56_7,SPTYSKCCCF,0.014862874
397,57_1,MRSILSLCLS,0.74305403
398,57_2,STWSNGLLSA,0.72650594
399,57_3,IPSMVTCSRL,0.99811673
400,57_4,DSPFTTKTNN,0.993306
401,57_5,PQQQIKFKFM,0.9954768
402,57_6,IMLSFQCGQF,0.92786866
403,57_7,VSISCSK,0.14010167
404,58_1,MRNISNLVLP,0.95354426
405,58_2,SLASLGPSFP,0.39116308
406,58_3,GFTWYSICLC,0.08916209
407,58_4,LVHFLLRSFH,0.9840338
408,58_5,LSFSYIAKEF,0.8928024
409,58_6,KTFVTIGKGG,0.7456652
410,58_7,IGC,0.13860743
411,59_1,MLGSTGLGIV,0.0027477096
412,59_2,IAAGVFGAAA,0.9875474
413,59_3,SLLLAYFFWQ,0.019720487
414,59_4,CTGKGKGGRR,0.021706237
415,59_5,RHRRGTSESG,0.9958652
416,59_6,GGEDGSWWTE,0.97887325
417,59_7,RLRAAHNRLV,0.9869675
418,59_8,PVSLF,0.5660783
419,60_1,MTKASLFFPC,0.02376763
420,60_2,LIILFIVASG,0.7898861
421,60_3,TTGFANACNF,0.9201343
422,60_4,PCHSPNGCGN,0.43512622
423,60_5,LHCPGCVKQC,0.21187043
424,60_6,VNFCCLCDCS,0.1074658
425,60_7,PPPNGNVS,0.9731574
426,61_1,MSCSSGKCDC,0.0038971675
427,61_2,GSSCSCGSSC,0.8951731
428,61_3,NCMSPNVETA,0.9921406
429,61_4,AASSIKTTVL,0.9874079
430,61_5,AAPTTKASAG,0.64809686
431,61_6,GFEAATEGGG,0.20843302
432,61_7,CDCNTCNCGT,0.0067203185
433,61_8,SCGCSCCSCN,0.008523097
434,62_1,MQGKTDANAI,0.07185669
435,62_2,IRLRPSRRRH,0.92907673
436,62_3,QDSCQCPFFF,0.9611567
437,62_4,HISEFHSCAS,0.99439186
438,62_5,SPLLIHTCWI,0.38350818
439,62_6,FCGTSIG,0.3334613
440,63_1,MDKANKLSAG,0.05355098
441,63_2,AGEKATKSRS,0.88289547
442,63_3,HGSTALFVAV,0.9355835
443,63_4,DYAFLLAFAG,0.51060855
444,63_5,FLAYLVGSRI,0.5790126
445,63_6,LPSAAGSA,0.9461207
446,64_1,MSALFNFHSF,0.012033711
447,64_2,LTVILLGICA,0.072842725
448,64_3,CTYFKMQFPA,0.9182963
449,64_4,ILDQKTGFRG,0.550942
450,64_5,FFWKAARIGR,0.9585473
451,64_6,CLLFSLFI,0.1927872
452,65_1,MVNHISNCSL,0.98721075
453,65_2,LFVMLALTIT,0.80174637
454,65_3,GLIEVKGNTC,0.81753355
455,65_4,SQPLGGCGPM,0.014310311
456,65_5,GQCDQRCKAL,0.13218954
457,65_6,HIDGQGSCDL,0.08322567
458,65_7,GLCTCYYGCA,0.020066215
459,65_8,DPPPSPTPPK,0.0673073
460,65_9,MCNNGLGVCS,0.014713813
461,65_10,VQCGDACCNA,0.49325696
462,65_11,KCASKYNQGT,0.9832772
463,65_12,GMCSTIGNNN,0.9389549
464,65_13,LCTCQYRCG,0.06773228
465,66_1,MVVVVVEGNP,0.6576502
466,66_2,ICCSNRKVQI,0.7639986
467,66_3,FICIVPSFVF,0.9660274
468,66_4,IGFCFCANNG,0.037461318
469,66_5,RGSTGKALQI,0.86577445
470,66_6,IGTFFFF,0.59987974
471,67_1,MTSCSFSCII,0.68692183
472,67_2,SNNNALLRSS,0.97117764
473,67_3,ATLVVFTFGV,0.78885925
474,67_4,VPRSCSSFSS,0.30251044
475,67_5,GCNVRVCHLP,0.41259193
476,67_6,QSLPLVG,0.027136588
477,68_1,MGGLSTKLFV,0.021241175
478,68_2,VLLLLVCYTG,0.07520923
479,68_3,TQGGPVTMVS,0.9950793
480,68_4,ARKCESQSFR,0.98629004
481,68_5,FKGPCSRDAN,0.41130492
482,68_6,CANVCLTEGF,0.0137933735
483,68_7,TGGVCKGLRH,0.45931125
484,68_8,RCFCTRDC,0.10751513
485,69_1,MSAQGKRRYD,0.19953045
486,69_2,RKQSGHGGQT,0.9911472
487,69_3,KPVFHKKAKT,0.8563897
488,69_4,TKKIVLKLQC,0.9744746
489,69_5,QSCKHYSQHA,0.97872686
490,69_6,IKRCKHFEIG,0.87544805
491,69_7,GDKNGKGTSL,0.49634078
492,69_8,F,0.4485794
493,70_1,MYQLGEFKLH,0.026602477
494,70_2,FYLCILTLTF,0.046869833
495,70_3,ILLCFLFLCS,0.14225666
496,70_4,TCCFCVLQFW,0.71714556
497,70_5,LGWGLLTGFH,0.24849719
498,70_6,ITIDCFCNNL,0.5367855
499,70_7,LHWKNFSCA,0.97965676
500,71_1,MRDNFFVKKG,0.76764363
501,71_2,TLFHVSGREG,0.947251
502,71_3,RVPLQTIRAK,0.22997692
503,71_4,IDYCCYTVRA,0.36459908
504,71_5,IYGILGIKVW,0.54184157
505,71_6,IFSK,0.6997618
506,72_1,MPMSWALTVS,0.9493822
507,72_2,VVDTVFAALA,0.75835854
508,72_3,AWVSACLSAA,0.94978905
509,72_4,TAVTRSPRTG,0.9893106
510,72_5,VMGRFAFLLS,0.9288244
511,72_6,A,0.3317927
512,73_1,MSSCFTMRLV,0.9890009
513,73_2,ISMSFSLGIN,0.98406106
514,73_3,SFKKAISATE,0.9821644
515,73_4,TKCHSTIGVM,0.9110348
516,73_5,KKSRKLLLDA,0.9129509
517,73_6,KKNGTITT,0.95862764
518,74_1,MTHLICLIYL,0.050592303
519,74_2,KCSCLHVQTL,0.9049511
520,74_3,LNVISPILYN,0.6493554
521,74_4,IGLNTKIIFI,0.4128477
522,74_5,IFYIRFQIRV,0.9922287
523,74_6,S,0.28285804
524,75_1,MASRNKAAAL,0.20977093
525,75_2,LLCFLFLAAV,0.88120306
526,75_3,AASAAEMIAG,0.8636758
527,75_4,SGIGDGEGEE,0.7599479
528,75_5,LDKGGGGGGG,0.17665704
529,75_6,HHKHEGYKNK,0.99703634
530,75_7,DGKGNLKPSQ,0.097611964
531,75_8,CGGECRRRCS,0.114926875
532,75_9,KTHHKKPCLF,0.40558055
533,75_10,FCNKCCAKCL,0.006862546
534,75_11,CVPPGTYGNK,0.96657056
535,75_12,ETCPCYNNWK,0.19723247
536,75_13,TKKGGPKCP,0.27721193
537,76_1,MVVVVVEGNP,0.6576502
538,76_2,ICCSNRKVQI,0.7639986
539,76_3,FICIVPSFVF,0.9660274
540,76_4,IGFCFCANNG,0.099700674
541,76_5,RGSTEGKGHV,0.9599137
542,76_6,HMVHFGF,0.97014076
543,77_1,MAGLRMKFVA,0.12401097
544,77_2,VAAMAAALVA,0.77168125
545,77_3,SAAAAEAPAP,0.6683187
546,77_4,APASDAAAAV,0.29125762
547,77_5,PLAAASLAAA,0.9769189
548,77_6,AFGYLFC,0.2963577
549,78_1,MRHGTRLLCA,0.70065147
550,78_2,LALTLLCMAT,0.8230266
551,78_3,HFQGASCRGG,0.44240567
552,78_4,GGGGRGGGGG,0.33235043
553,78_5,GGGGGGGRGG,0.21103536
554,78_6,GSGTGGGRSG,0.07641067
555,78_7,RGRSGRPFLG,0.27636433
556,78_8,GVGAGAAAGV,0.03235199
557,78_9,GARTAAGGSH,0.38680995
558,78_10,GHRSVAAGGA,0.080002874
559,78_11,GGPGVWRVAG,0.13983281
560,78_12,AGAALTAALL,0.9007492
561,78_13,A,0.3317927
562,79_1,MRWVMYQLIL,0.98495525
563,79_2,FHKPNKNVKS,0.9979966
564,79_3,EKMDQLIPQT,0.9965837
565,79_4,KHPISYQGET,0.9165957
566,79_5,SCCFHLCLAF,0.2067113
567,79_6,SKATFKHECF,0.9389929
568,79_7,YILPIPFIIF,0.38464233
569,79_8,PLLTNLVIVN,0.23740838
570,79_9,HQLKCYLFFA,0.44495857
571,79_10,RNEGQHFSLV,0.9729364
572,79_11,KCSN,0.110385925
573,80_1,MTKRTKKAGI,0.009060965
574,80_2,VGKYGTRYGA,0.7184751
575,80_3,SLRKQIKKME,0.97212166
576,80_4,VSQHSKFFCE,0.4543585
577,80_5,FCGKYAVKRK,0.049276568
578,80_6,AVGIWGCKDC,0.004592915
579,80_7,GKVKAGGAYT,0.7201927
580,80_8,LK,0.674983
