Index,symbol,Sequences,HeP
1,1_1,MRSILSLCLS,0.00086584815
2,1_2,STWSNGLLSA,0.08863377
3,1_3,IPSMVTCSRL,0.007258186
4,1_4,DSPFTTKTNN,8.81203e-05
5,1_5,PQQQIKFKFM,0.1191265
6,1_6,IMLSFQCGQF,0.0037379144
7,1_7,VSISCSK,4.5820198e-05
8,2_1,MDMKKVTCAL,0.006367178
9,2_2,LIAAASMSAA,0.0005653395
10,2_3,VAAAEAPAPS,0.00027340453
11,2_4,PGPGPSSGAS,4.2139445e-07
12,2_5,APLVGSLIGA,0.0030103906
13,2_6,SVLSFFALFQ,0.0025809447
14,3_1,MLKGVMLKGV,0.037742965
15,3_2,MLSNLSTIIY,0.14632279
16,3_3,EFAIMCPVLL,0.005770198
17,3_4,SECSLKLLLR,0.00024882154
18,3_5,LQIKESGNCY,0.0013973276
19,3_6,CTTMF,2.844921e-09
20,4_1,MKQETTSDGS,0.00023637505
21,4_2,GTMVLRKCVL,0.00811991
22,4_3,LFWNQRQRCT,0.023386769
23,4_4,RWVLFFEGVG,0.06500512
24,4_5,INFVIIFALI,0.8614193
25,4_6,RG,6.558571e-09
26,5_1,MDMKKITCAL,0.024703799
27,5_2,LIAATSVSAA,0.0008354978
28,5_3,VAATEVPASA,0.00032193706
29,5_4,PGPGPSSGAS,4.2139445e-07
30,5_5,APLVGSLIGA,0.0030103906
31,5_6,SVLSFFALFQ,0.0025809447
32,6_1,MRSILSLCLS,0.00086584815
33,6_2,STWSNGLLSA,0.08863377
34,6_3,IPSMVTCSRL,0.007258186
35,6_4,DSPFTTKTNN,8.81203e-05
36,6_5,PQQQIKFKFM,0.1191265
37,6_6,IMLSFQCGQF,0.0037379144
38,6_7,VSISCSK,4.5820198e-05
39,7_1,MDKANKLSAG,0.0002756623
40,7_2,AGEKATKSRS,0.0007786056
41,7_3,HGSTALFVAV,0.000117188014
42,7_4,DYAFLLAFAG,0.00018326048
43,7_5,FLAYLVGSRI,0.35431066
44,7_6,LPSAAGSA,1.0880496e-05
45,8_1,MTKCQKRASI,0.0005407994
46,8_2,QGLWLLSMVL,0.33494538
47,8_3,LASSSLVCAS,4.2601252e-05
48,8_4,MAVDGQTKED,0.0021349906
49,8_5,INATSVTSMN,4.997025e-05
50,8_6,MTRSSSASYN,1.0806743e-05
51,8_7,MTGGGGELNR,0.00066284684
52,8_8,GPCVVRSGFY,0.11529385
53,8_9,WCQNIGYPTM,0.04456318
54,8_10,SECLKNCES,3.0553496e-05
55,9_1,MRAQRIMERV,0.17994769
56,9_2,QEEQRRWYGV,0.004665639
57,9_3,KEPGQTNCCS,2.5813754e-06
58,9_4,ARRTSRICLF,0.005078114
59,9_5,QSMALLASPQ,0.00020275696
60,9_6,GI,2.9875417e-07
61,10_1,MRAQRIMERV,0.17994769
62,10_2,QEEQRRWYGV,0.004665639
63,10_3,KEPGQTNCCS,2.5813754e-06
64,10_4,ARRTSRICLF,0.005078114
65,10_5,QSMALLASPQ,0.00020275696
66,10_6,GI,2.9875417e-07
67,11_1,MASNISPSAF,0.0015766587
68,11_2,DKEQIFGMAE,0.00012357355
69,11_3,KEMEYRVELF,0.24294826
70,11_4,NKMTQTCFNK,0.0027376788
71,11_5,CVDNRYKESE,0.00018851308
72,11_6,LNMGENSCID,0.022214036
73,11_7,RCVSKYWHVT,0.008540199
74,11_8,NLIGQLLGSG,0.0032206408
75,11_9,KPAM,3.2844696e-07
76,12_1,MSKITVLFFT,0.036699392
77,12_2,VLFLCCMITH,0.00086623884
78,12_3,STRPQPAFHK,5.7417154e-05
79,12_4,ESLVSTLHQD,1.0603355e-05
80,12_5,AEEVDESCEG,0.00022843873
81,12_6,IKEEECLIRR,0.0028017075
82,12_7,TLTAHIDYIY,0.000120921795
83,12_8,TQKHNNP,3.244157e-06
84,13_1,MASSSYSNSP,2.4180496e-05
85,13_2,YDACKFLRRK,0.06744498
86,13_3,CMLDCIFSPY,0.00014702465
87,13_4,FPPKEPQKFT,0.04217858
88,13_5,NVHKIFRASF,0.008432492
89,14_1,MLLLDFVHPK,0.0008828885
90,14_2,LILQKLVEHL,0.13484871
91,14_3,LKRIEANLRR,0.020467546
92,14_4,ELYYWHAYYD,0.00039209935
93,14_5,RRLPPGITAL,0.0021769747
94,14_6,LKLEEFVAKF,0.00435913
95,14_7,MSMCRKNSGS,3.818151e-06
96,14_8,RKYV,2.120864e-05
97,15_1,MDSSGARRAD,0.00014497113
98,15_2,LRAKAKAMAE,0.001191129
99,15_3,KPRVLLAACG,0.00014589276
100,15_4,SVCAVKFGNV,0.009923574
101,15_5,CRSFAEWAVV,0.0013286124
102,15_6,KVVLIKSALR,0.44374853
103,15_7,FIDEQTLPQD,0.0007452083
104,15_8,VTVYRDEKDW,0.003839661
105,15_9,RTWKKLGDPM,0.0064420053
106,15_10,LHIELCNWAE,0.14960128
107,15_11,IMVIAPLSAN,0.021545775
108,15_12,TLSKVINQT,0.0015587683
109,16_1,MADIVDEAIT,0.007099365
110,16_2,FFRANVFFKK,0.23389186
111,16_3,FHVKSSADKL,0.00053317705
112,16_4,LIYLTFYIHI,0.6690231
113,16_5,ALKRLEGCQT,0.06538538
114,16_6,LAVGTKAIIN,0.24175309
115,16_7,LGLEKVPVPG,0.00093304086
116,16_8,EPGFPFPGLF,1.238475e-05
117,16_9,TLPQSQEEAE,0.039925806
118,16_10,LLRNYLKQIR,0.31565425
119,16_11,EETSGRLLNC,2.7963943e-05
120,16_12,AYRANGFPNK,0.0008549776
121,16_13,WWLAFAKRKF,0.9569112
122,16_14,MNIVIL,0.009739852
123,17_1,MGAVVTAVIA,0.0013500764
124,17_2,IAAVVLGWIT,0.9517592
125,17_3,IEMACKPCLE,0.0061563463
126,17_4,TGRRAMDRAL,0.004763912
127,17_5,DPNHDPDSPT,7.1293465e-07
128,17_6,NAGGASANEP,7.4344876e-05
129,17_7,LLADLSASTA,0.0005575896
130,17_8,PPAKAI,5.3951528e-05
131,18_1,MGGDVHSDDD,3.660381e-05
132,18_2,DEEGDEREVD,8.3650484e-05
133,18_3,DGVDDDGDGA,1.5584479e-07
134,18_4,GLQVAELHQV,0.01772297
135,18_5,VAAGELDEQP,0.15942727
136,18_6,RREQHEQHQP,0.056815207
137,18_7,DHHGAPVRHL,1.8077093e-05
138,18_8,ARSTMNCLPT,8.3561994e-05
139,18_9,YWSLWLVRGV,0.9983443
140,18_10,AGAWGSEEDE,0.0065800836
141,18_11,GRPGGEGGLL,0.000108728826
142,18_12,VWFAGARSRL,0.06412806
143,19_1,MSKITVLFFT,0.036699392
144,19_2,VLFLCCMITH,0.00086623884
145,19_3,STRPQPAFHK,5.7417154e-05
146,19_4,ESLVSTLHQD,1.0603355e-05
147,19_5,AEEVDESCEG,0.00022843873
148,19_6,IKEEECLIRR,0.0028017075
149,19_7,TLTAHIDYIY,0.000120921795
150,19_8,TQKHNNP,3.244157e-06
151,20_1,MTTEPQGSHQ,2.1540895e-05
152,20_2,HGSKRDLPSC,0.00018791492
153,20_3,RKNVPGTSFV,0.004342211
154,20_4,SDLRDHIHEF,2.580175e-05
155,20_5,INASSDEHMT,9.525201e-05
156,20_6,CFTKTIKKMF,0.003494248
157,20_7,GMSMTVAHKS,0.00027138402
158,20_8,SKAEEAGPA,5.6899233e-05
159,21_1,MCSTIYEPPH,0.0005640951
160,21_2,TTDDQSRHAI,0.00015209451
161,21_3,HPPILVELDG,0.00091214734
162,21_4,YIFCVFCVFC,0.31247365
163,21_5,FLLCFSVLLF,0.2933826
164,21_6,RSVLKFICTT,0.09710927
165,21_7,GK,2.0620591e-08
166,22_1,MCPRWPCTSR,0.037165917
167,22_2,PIRPVVCVSV,0.044584706
168,22_3,WVPILVELEG,0.09378445
169,22_4,APEELSRLEI,0.0030050257
170,23_1,MTATGCIIYA,0.00051112997
171,23_2,CWRCDRVAGR,0.00136408
172,23_3,SLPILVELDG,0.004090559
173,23_4,WLLCAHTM,0.00032898108
174,24_1,MCGRAFIRRL,0.040823985
175,24_2,FGSVFARGFF,0.0027178999
176,24_3,CSPILVELDG,0.002198599
177,24_4,LSDGECRFIT,9.235699e-05
178,24_5,LLRF,0.00013996908
179,25_1,MGGRAGGHYL,7.150638e-05
180,25_2,SVCVAVVRVS,0.4174693
181,25_3,SWPILVELDG,0.10759172
182,25_4,SLSIVGLCTI,0.07991705
183,25_5,TCVQRFRRR,0.12151288
184,26_1,MGQSYAKSPD,5.1316388e-06
185,26_2,GTVGTARPPY,5.8925667e-05
186,26_3,PRPILVELDG,0.0062674196
187,26_4,FFLFLSLLFF,0.5395846
188,26_5,WLSLLFLV,0.7396171
189,27_1,MCPRWPCTSR,0.037165917
190,27_2,PIRPVVCVSV,0.044584706
191,27_3,WVPILVELDG,0.19900201
192,27_4,APEELRRLER,0.0025862297
193,27_5,SLNSRP,1.5381646e-06
194,28_1,MCPRWPCTSR,0.037165917
195,28_2,PIRPVVCVSV,0.044584706
196,28_3,WLPILVELDG,0.34170735
197,28_4,APEELSRLAR,0.0003424862
198,28_5,S,1.3548757e-10
199,29_1,MFLVRRVWGF,0.10010615
200,29_2,RGCLIGGRGA,0.0041350443
201,29_3,VWPILVELDG,0.17168537
202,29_4,DVNGHKFSVR,0.0017220892
203,29_5,GEGEGDATNG,8.107101e-05
204,29_6,KLTLKFICTT,0.4625394
205,29_7,GK,2.0620591e-08
206,30_1,MAQCASSALL,3.511894e-05
207,30_2,GSSWEGRGFA,0.00019599157
208,30_3,ERPILVELDG,0.004114706
209,31_1,MCCGGRVCML,3.3723554e-05
210,31_2,CTCLVLVVIA,0.15051779
211,31_3,IGLLFGFGVF,0.053390794
212,31_4,KHGFHKIKDT,0.0144074885
213,31_5,VSFCDSCGGG,6.3838374e-06
214,31_6,AAGGGRPFIG,0.0012174654
215,31_7,YAPPPLF,3.8283655e-05
216,32_1,MATRIIGLSF,0.019737206
217,32_2,FLGFLCIALL,0.1728674
218,32_3,FASGSAQIVC,0.0005617448
219,32_4,QQKGICPNTI,0.019270746
220,32_5,ACYNYCLGLG,0.00038771614
221,32_6,FQGYGRCDDN,3.4140255e-06
222,32_7,GLCCCKKG,1.3769686e-07
223,33_1,MSHSLVSVIL,0.0006403597
224,33_2,VKVILAAMII,0.3947794
225,33_3,VLFSHAVRSQ,0.07051411
226,33_4,QICLASCKDT,0.00031409372
227,33_5,PSCDAHCKFI,0.00017840938
228,33_6,GYGKGTCFIV,0.0118890405
229,33_7,SPTYSKCCCF,9.0348834e-07
230,34_1,MIMNTKSKLI,0.0247631
231,34_2,TLWVLLYFCS,0.76622856
232,34_3,ITNSLAASKK,0.0577495
233,34_4,CNFPAIFNFG,0.00053043524
234,34_5,DSNSDTGGLS,2.337373e-07
235,34_6,AAFSSWRVLL,0.048778962
236,34_7,PSPCWSLL,0.00064352766
237,35_1,MDKARFGLFF,0.0017470255
238,35_2,MLLILLASRK,0.5195686
239,35_3,PLSMHLRSHR,0.0004281925
240,35_4,FKGMCLSEHN,0.00039509637
241,35_5,CASVSHLEGF,5.2950512e-05
242,35_6,TGGKCWGFRR,0.071423136
243,35_7,RCFCSKHC,3.3045766e-05
244,36_1,MRSILSLCLS,0.00086584815
245,36_2,STWSNGLLSA,0.08863377
246,36_3,IPSMVTCSRL,0.007258186
247,36_4,DSPFTTKTNN,8.81203e-05
248,36_5,PQQQIKFKFM,0.1191265
249,36_6,IMLSFQCGQF,0.0037379144
250,36_7,VSISCSK,4.5820198e-05
251,37_1,MRNISNLVLP,0.009918346
252,37_2,SLASLGPSFP,1.1219926e-05
253,37_3,GFTWYSICLC,0.58150536
254,37_4,LVHFLLRSFH,0.0024308285
255,37_5,LSFSYIAKEF,0.07994574
256,37_6,KTFVTIGKGG,0.0090824105
257,37_7,IGC,1.797446e-07
258,38_1,MIKTVFRNST,0.17238086
259,38_2,SLLLYIMHAS,0.0033535345
260,38_3,FPSVILCVVC,0.18133762
261,38_4,NKVAIKAVIQ,0.51856625
262,38_5,KCCIYMLCKI,0.006159647
263,38_6,LL,2.3909638e-07
264,39_1,MKVAFVAVLL,0.06975211
265,39_2,ICLVLSSSLF,0.32194558
266,39_3,EVSMAGSAFC,7.78639e-06
267,39_4,SSKCAKRCSR,0.00024801315
268,39_5,AGMKDRCTRF,0.0010017729
269,39_6,CGICCSKCRC,4.8190566e-05
270,39_7,VPSGTYGNKH,5.9970163e-05
271,39_8,ECPCYRDMKN,0.0010501847
272,39_9,SKGKPKCP,1.3105944e-05
273,40_1,MAAKGNQNTN,0.0017109058
274,40_2,RNTKPNSVIC,0.0023228554
275,40_3,ADCDGNDNCL,5.449438e-07
276,40_4,LILRAVLCSQ,0.048056826
277,40_5,CKGSGVNSVD,1.5924307e-06
278,40_6,IFNGQFKAGD,0.002248765
279,40_7,TCWLCGGRKE,0.15606797
280,40_8,MLCGNCNGTG,5.4232273e-06
281,40_9,FVGGFLSTYD,0.0002638899
282,40_10,Q,6.705825e-08
283,41_1,MTKASLFFPC,0.00014012987
284,41_2,LIILFIVASG,0.98581576
285,41_3,TTGFANACNF,9.837043e-06
286,41_4,PCHSPNGCGN,9.1536583e-07
287,41_5,LHCPGCVKQC,0.00011878876
288,41_6,VNFCCLCDCS,1.1284849e-06
289,41_7,PPPNGNVS,7.0324036e-06
290,42_1,MKTSSKSIGQ,0.00024005554
291,42_2,LYKPLSVMKE,0.019267078
292,42_3,CNHCQMVCNK,0.00010184385
293,42_4,FSCNFFVLKL,0.3641427
294,42_5,CQAGKKCKQD,0.045870613
295,42_6,SFIWC,0.0038920303
296,43_1,MADTGGGDAV,3.2040473e-06
297,43_2,RPVVICDNKC,0.0035711417
298,43_3,GCTLPCTGGS,5.259559e-07
299,43_4,TCRCTSAGTA,4.0203832e-07
300,43_5,TGGGATGGGD,7.636458e-08
301,43_6,HVTCSCGEHC,5.924e-05
302,43_7,GCNPCSCPKI,0.0010983355
303,43_8,AAAGSGCRCG,9.7017855e-06
304,43_9,TDCACASCRT,3.8555325e-07
305,44_1,MHNSGLHISE,4.399229e-05
306,44_2,LCIHNFGMST,0.00012701904
307,44_3,LENMFFGLSI,0.007047823
308,44_4,SELCMHNFRM,0.00011497524
309,44_5,DNHKCEFFVF,3.7642833e-06
310,44_6,QIF,8.130973e-07
311,45_1,MLLRNFFLHP,0.008052932
312,45_2,CIKLAISNIH,0.50699973
313,45_3,PCNVISLSIF,0.3809341
314,45_4,ITSTILSRHS,0.6619669
315,45_5,CTQRNYINKI,0.008211141
316,45_6,SVI,1.1765828e-06
317,46_1,MNQSGASLSK,0.00011500562
318,46_2,SKSKVTKSNK,0.0014296827
319,46_3,VRVCIIYCHG,0.91811264
320,46_4,VRPSSTSLTL,0.0013573355
321,46_5,HCICGISIRR,0.3048363
322,46_6,NP,1.8600854e-08
323,47_1,MLLLLLLEMS,0.0040330524
324,47_2,KFDFHFGYEV,0.00078346604
325,47_3,ACHVMNYGLV,0.0009257332
326,47_4,GELVLLCFWI,0.6152397
327,47_5,LSPCLSFNCC,1.1222761e-05
328,47_6,CYSSMC,2.2175175e-08
329,48_1,MARDFLDAHA,0.00031980855
330,48_2,NEAGLVLHSG,9.892776e-05
331,48_3,PIFLFLMIVA,0.10875078
332,48_4,SLSIISMIIF,0.47833768
333,48_5,ACGKKGGGGG,1.2769506e-06
334,48_6,GGGCGGDGGG,6.670668e-08
335,48_7,GGGDGGGGDG,8.920689e-08
336,48_8,GGGDGGGGGG,6.31117e-08
337,48_9,GGCGGGGGGG,2.820216e-08
338,48_10,GC,4.9234408e-11
339,49_1,MQGKTDANAI,0.00035525873
340,49_2,IRLRPSRRRH,0.5812721
341,49_3,QDSCQCPFFF,1.6743299e-05
342,49_4,HISEFHSCAS,6.8646645e-05
343,49_5,SPLLIHTCWI,0.9562397
344,49_6,FCGTSIG,9.271118e-05
345,50_1,MCLDIICGPA,0.000855345
346,50_2,AAKIHRPLST,0.0036736624
347,50_3,CLRCFHHLLG,5.145649e-05
348,50_4,CWLTFEQHGQ,0.0010599191
349,50_5,FLLYTGCPLQ,0.0006969164
350,50_6,LYLTRLL,0.0031507218
351,51_1,MSALFNFHSF,0.00049794675
352,51_2,LTVILLGICA,0.91306835
353,51_3,CTYFKMQFPA,0.0007411897
354,51_4,ILDQKTGFRG,0.0027317253
355,51_5,FFWKAARIGR,0.9423737
356,51_6,CLLFSLFI,0.62376505
357,52_1,MLKGVMLKGV,0.037742965
358,52_2,MLSNLSTIIY,0.14632279
359,52_3,EFAIMCPVLL,0.005770198
360,52_4,SECSLKLLLR,0.00024882154
361,52_5,LQIKESGNCY,0.0013973276
362,52_6,CTTMF,2.844921e-09
363,53_1,MFGVRSRALA,0.0013836187
364,53_2,PSLSKSHGCC,1.9535737e-06
365,53_3,SASSNVSAFL,3.6411355e-05
366,53_4,TSNHCTWGGG,1.6078279e-06
367,53_5,GHARSCCSDM,2.49078e-06
368,53_6,FTSHLTWVSF,0.0026312296
369,53_7,VVHLLLHGTT,0.0003966563
370,54_1,MKFGGCSCLG,0.0020329142
371,54_2,TGSVGLGDTT,2.7592787e-05
372,54_3,ILGGGGAYWF,0.67983776
373,54_4,GCGRSRWRLV,0.066821575
374,54_5,VERRWDWWWY,0.7623034
375,54_6,LCRRWRFGRE,0.0102841165
376,54_7,CGGYGGC,1.0724994e-08
377,55_1,MVNHISNCSL,0.000968266
378,55_2,LFVMLALTIT,0.032533903
379,55_3,GLIEVKGNTC,0.0024234913
380,55_4,SQPLGGCGPM,5.850487e-06
381,55_5,GQCDQRCKAL,3.8929033e-05
382,55_6,HIDGQGSCDL,1.0985885e-06
383,55_7,GLCTCYYGCA,1.6506817e-06
384,55_8,DPPPSPTPPK,3.2582575e-05
385,55_9,MCNNGLGVCS,0.00014534638
386,55_10,VQCGDACCNA,0.0014731326
387,55_11,KCASKYNQGT,6.349809e-05
388,55_12,GMCSTIGNNN,0.0005786325
389,55_13,LCTCQYRCG,1.8374723e-05
390,56_1,MSHSLVSVIL,0.0006403597
391,56_2,VKVILAAMII,0.3947794
392,56_3,VLFSHAVRSQ,0.07051411
393,56_4,QICLASCKDT,0.00031409372
394,56_5,PSCDAHCKFI,0.00017840938
395,56_6,GYGKGTCFIV,0.0118890405
396,56_7,SPTYSKCCCF,9.0348834e-07
397,57_1,MRSILSLCLS,0.00086584815
398,57_2,STWSNGLLSA,0.08863377
399,57_3,IPSMVTCSRL,0.007258186
400,57_4,DSPFTTKTNN,8.81203e-05
401,57_5,PQQQIKFKFM,0.1191265
402,57_6,IMLSFQCGQF,0.0037379144
403,57_7,VSISCSK,4.5820198e-05
404,58_1,MRNISNLVLP,0.009918346
405,58_2,SLASLGPSFP,1.1219926e-05
406,58_3,GFTWYSICLC,0.58150536
407,58_4,LVHFLLRSFH,0.0024308285
408,58_5,LSFSYIAKEF,0.07994574
409,58_6,KTFVTIGKGG,0.0090824105
410,58_7,IGC,1.797446e-07
411,59_1,MLGSTGLGIV,0.0006982224
412,59_2,IAAGVFGAAA,0.0055026785
413,59_3,SLLLAYFFWQ,0.9686809
414,59_4,CTGKGKGGRR,0.0008386947
415,59_5,RHRRGTSESG,0.00014002928
416,59_6,GGEDGSWWTE,0.00018418086
417,59_7,RLRAAHNRLV,0.040574066
418,59_8,PVSLF,5.5198456e-07
419,60_1,MTKASLFFPC,0.00014012987
420,60_2,LIILFIVASG,0.98581576
421,60_3,TTGFANACNF,9.837043e-06
422,60_4,PCHSPNGCGN,9.1536583e-07
423,60_5,LHCPGCVKQC,0.00011878876
424,60_6,VNFCCLCDCS,1.1284849e-06
425,60_7,PPPNGNVS,7.0324036e-06
426,61_1,MSCSSGKCDC,1.8716444e-08
427,61_2,GSSCSCGSSC,9.262696e-09
428,61_3,NCMSPNVETA,5.7844838e-05
429,61_4,AASSIKTTVL,0.0037974005
430,61_5,AAPTTKASAG,4.305493e-06
431,61_6,GFEAATEGGG,1.6351269e-05
432,61_7,CDCNTCNCGT,5.312663e-08
433,61_8,SCGCSCCSCN,1.597435e-07
434,62_1,MQGKTDANAI,0.00035525873
435,62_2,IRLRPSRRRH,0.5812721
436,62_3,QDSCQCPFFF,1.6743299e-05
437,62_4,HISEFHSCAS,6.8646645e-05
438,62_5,SPLLIHTCWI,0.9562397
439,62_6,FCGTSIG,9.271118e-05
440,63_1,MDKANKLSAG,0.0002756623
441,63_2,AGEKATKSRS,0.0007786056
442,63_3,HGSTALFVAV,0.000117188014
443,63_4,DYAFLLAFAG,0.00018326048
444,63_5,FLAYLVGSRI,0.35431066
445,63_6,LPSAAGSA,1.0880496e-05
446,64_1,MSALFNFHSF,0.00049794675
447,64_2,LTVILLGICA,0.91306835
448,64_3,CTYFKMQFPA,0.0007411897
449,64_4,ILDQKTGFRG,0.0027317253
450,64_5,FFWKAARIGR,0.9423737
451,64_6,CLLFSLFI,0.62376505
452,65_1,MVNHISNCSL,0.000968266
453,65_2,LFVMLALTIT,0.032533903
454,65_3,GLIEVKGNTC,0.0024234913
455,65_4,SQPLGGCGPM,5.850487e-06
456,65_5,GQCDQRCKAL,3.8929033e-05
457,65_6,HIDGQGSCDL,1.0985885e-06
458,65_7,GLCTCYYGCA,1.6506817e-06
459,65_8,DPPPSPTPPK,3.2582575e-05
460,65_9,MCNNGLGVCS,0.00014534638
461,65_10,VQCGDACCNA,0.0014731326
462,65_11,KCASKYNQGT,6.349809e-05
463,65_12,GMCSTIGNNN,0.0005786325
464,65_13,LCTCQYRCG,1.8374723e-05
465,66_1,MVVVVVEGNP,0.0064963773
466,66_2,ICCSNRKVQI,0.001669596
467,66_3,FICIVPSFVF,0.12746328
468,66_4,IGFCFCANNG,0.005531575
469,66_5,RGSTGKALQI,0.0026378739
470,66_6,IGTFFFF,0.00075463287
471,67_1,MTSCSFSCII,0.0006386397
472,67_2,SNNNALLRSS,0.0023986162
473,67_3,ATLVVFTFGV,0.02354637
474,67_4,VPRSCSSFSS,4.266549e-05
475,67_5,GCNVRVCHLP,0.0040421225
476,67_6,QSLPLVG,2.972157e-05
477,68_1,MGGLSTKLFV,0.0002526688
478,68_2,VLLLLVCYTG,0.12772274
479,68_3,TQGGPVTMVS,0.0003597171
480,68_4,ARKCESQSFR,0.0016706572
481,68_5,FKGPCSRDAN,0.0008964126
482,68_6,CANVCLTEGF,0.00010741551
483,68_7,TGGVCKGLRH,0.00085001835
484,68_8,RCFCTRDC,6.9688854e-06
485,69_1,MSAQGKRRYD,0.0030017789
486,69_2,RKQSGHGGQT,3.956287e-05
487,69_3,KPVFHKKAKT,0.010108502
488,69_4,TKKIVLKLQC,0.17670244
489,69_5,QSCKHYSQHA,0.0014312753
490,69_6,IKRCKHFEIG,0.0037040964
491,69_7,GDKNGKGTSL,4.2720207e-05
492,69_8,F,8.807848e-09
493,70_1,MYQLGEFKLH,0.008071355
494,70_2,FYLCILTLTF,0.276098
495,70_3,ILLCFLFLCS,0.35634694
496,70_4,TCCFCVLQFW,0.002670447
497,70_5,LGWGLLTGFH,0.25861713
498,70_6,ITIDCFCNNL,0.018144865
499,70_7,LHWKNFSCA,0.065570496
500,71_1,MRDNFFVKKG,0.0016855611
501,71_2,TLFHVSGREG,0.0006667684
502,71_3,RVPLQTIRAK,0.038288888
503,71_4,IDYCCYTVRA,0.075318515
504,71_5,IYGILGIKVW,0.9740611
505,71_6,IFSK,2.7250531e-05
506,72_1,MPMSWALTVS,0.0039895144
507,72_2,VVDTVFAALA,0.0016562436
508,72_3,AWVSACLSAA,0.00028616
509,72_4,TAVTRSPRTG,0.00013414101
510,72_5,VMGRFAFLLS,0.0029019366
511,72_6,A,3.933235e-09
512,73_1,MSSCFTMRLV,0.0015125877
513,73_2,ISMSFSLGIN,0.0024917736
514,73_3,SFKKAISATE,0.00038670437
515,73_4,TKCHSTIGVM,0.00010506596
516,73_5,KKSRKLLLDA,0.004316212
517,73_6,KKNGTITT,4.0095645e-05
518,74_1,MTHLICLIYL,0.071246475
519,74_2,KCSCLHVQTL,8.2306535e-05
520,74_3,LNVISPILYN,0.75700384
521,74_4,IGLNTKIIFI,0.92191976
522,74_5,IFYIRFQIRV,0.9425184
523,74_6,S,1.3548757e-10
524,75_1,MASRNKAAAL,9.7705066e-05
525,75_2,LLCFLFLAAV,0.012264555
526,75_3,AASAAEMIAG,0.00078803836
527,75_4,SGIGDGEGEE,0.00044754657
528,75_5,LDKGGGGGGG,1.3280754e-06
529,75_6,HHKHEGYKNK,0.0009546198
530,75_7,DGKGNLKPSQ,6.7263034e-05
531,75_8,CGGECRRRCS,9.3071794e-05
532,75_9,KTHHKKPCLF,4.310065e-05
533,75_10,FCNKCCAKCL,0.00021674215
534,75_11,CVPPGTYGNK,5.9715134e-05
535,75_12,ETCPCYNNWK,0.0071523143
536,75_13,TKKGGPKCP,0.00011867487
537,76_1,MVVVVVEGNP,0.0064963773
538,76_2,ICCSNRKVQI,0.001669596
539,76_3,FICIVPSFVF,0.12746328
540,76_4,IGFCFCANNG,0.005531575
541,76_5,RGSTEGKGHV,5.669228e-05
542,76_6,HMVHFGF,6.1358963e-07
543,77_1,MAGLRMKFVA,0.008390826
544,77_2,VAAMAAALVA,0.0023224917
545,77_3,SAAAAEAPAP,0.000106731015
546,77_4,APASDAAAAV,1.25378965e-05
547,77_5,PLAAASLAAA,0.00016271343
548,77_6,AFGYLFC,4.2496406e-05
549,78_1,MRHGTRLLCA,9.284752e-05
550,78_2,LALTLLCMAT,0.001783106
551,78_3,HFQGASCRGG,7.6274155e-05
552,78_4,GGGGRGGGGG,1.4077029e-06
553,78_5,GGGGGGGRGG,5.6109116e-06
554,78_6,GSGTGGGRSG,3.0535734e-06
555,78_7,RGRSGRPFLG,0.0015256833
556,78_8,GVGAGAAAGV,0.0006620753
557,78_9,GARTAAGGSH,4.5118068e-06
558,78_10,GHRSVAAGGA,1.2804351e-05
559,78_11,GGPGVWRVAG,0.0022773847
560,78_12,AGAALTAALL,0.0030784225
561,78_13,A,3.933235e-09
562,79_1,MRWVMYQLIL,0.25581905
563,79_2,FHKPNKNVKS,0.076678805
564,79_3,EKMDQLIPQT,0.0010553804
565,79_4,KHPISYQGET,0.0028198573
566,79_5,SCCFHLCLAF,5.1604366e-06
567,79_6,SKATFKHECF,0.00013928354
568,79_7,YILPIPFIIF,0.6057095
569,79_8,PLLTNLVIVN,0.14725268
570,79_9,HQLKCYLFFA,0.0005391424
571,79_10,RNEGQHFSLV,0.005186912
572,79_11,KCSN,1.2546018e-07
573,80_1,MTKRTKKAGI,0.010417134
574,80_2,VGKYGTRYGA,0.0146077685
575,80_3,SLRKQIKKME,0.049508147
576,80_4,VSQHSKFFCE,7.980577e-05
577,80_5,FCGKYAVKRK,0.86215854
578,80_6,AVGIWGCKDC,0.002044127
579,80_7,GKVKAGGAYT,0.00020525079
580,80_8,LK,4.795144e-07
