Index,symbol,Sequences,DDP
1,1_1,MRSILSLCLS,0.07566041
2,1_2,STWSNGLLSA,0.14481407
3,1_3,IPSMVTCSRL,0.017352136
4,1_4,DSPFTTKTNN,0.057078842
5,1_5,PQQQIKFKFM,0.057104368
6,1_6,IMLSFQCGQF,0.0026543457
7,1_7,VSISCSK,0.0016937805
8,2_1,MDMKKVTCAL,0.0023110139
9,2_2,LIAAASMSAA,0.022345
10,2_3,VAAAEAPAPS,0.015237527
11,2_4,PGPGPSSGAS,0.03078834
12,2_5,APLVGSLIGA,0.005145612
13,2_6,SVLSFFALFQ,0.005948111
14,3_1,MLKGVMLKGV,0.0016888533
15,3_2,MLSNLSTIIY,0.02109728
16,3_3,EFAIMCPVLL,0.00035314454
17,3_4,SECSLKLLLR,0.3960966
18,3_5,LQIKESGNCY,0.002828796
19,3_6,CTTMF,0.002448421
20,4_1,MKQETTSDGS,0.012217687
21,4_2,GTMVLRKCVL,0.006165041
22,4_3,LFWNQRQRCT,0.13858424
23,4_4,RWVLFFEGVG,0.009722396
24,4_5,INFVIIFALI,0.0004376501
25,4_6,RG,0.049990173
26,5_1,MDMKKITCAL,0.0019185991
27,5_2,LIAATSVSAA,0.01923345
28,5_3,VAATEVPASA,0.010975042
29,5_4,PGPGPSSGAS,0.03078834
30,5_5,APLVGSLIGA,0.005145612
31,5_6,SVLSFFALFQ,0.005948111
32,6_1,MRSILSLCLS,0.07566041
33,6_2,STWSNGLLSA,0.14481407
34,6_3,IPSMVTCSRL,0.017352136
35,6_4,DSPFTTKTNN,0.057078842
36,6_5,PQQQIKFKFM,0.057104368
37,6_6,IMLSFQCGQF,0.0026543457
38,6_7,VSISCSK,0.0016937805
39,7_1,MDKANKLSAG,0.02318054
40,7_2,AGEKATKSRS,0.56014866
41,7_3,HGSTALFVAV,0.010197054
42,7_4,DYAFLLAFAG,0.004466898
43,7_5,FLAYLVGSRI,0.012418563
44,7_6,LPSAAGSA,0.010238334
45,8_1,MTKCQKRASI,0.042962097
46,8_2,QGLWLLSMVL,0.031310167
47,8_3,LASSSLVCAS,0.02026802
48,8_4,MAVDGQTKED,0.0038559407
49,8_5,INATSVTSMN,0.005977547
50,8_6,MTRSSSASYN,0.5389233
51,8_7,MTGGGGELNR,0.009931991
52,8_8,GPCVVRSGFY,0.013128294
53,8_9,WCQNIGYPTM,0.011192613
54,8_10,SECLKNCES,0.0097724395
55,9_1,MRAQRIMERV,0.12886433
56,9_2,QEEQRRWYGV,0.24823602
57,9_3,KEPGQTNCCS,0.0020506685
58,9_4,ARRTSRICLF,0.5390138
59,9_5,QSMALLASPQ,0.06538765
60,9_6,GI,0.0007098128
61,10_1,MRAQRIMERV,0.12886433
62,10_2,QEEQRRWYGV,0.24823602
63,10_3,KEPGQTNCCS,0.0020506685
64,10_4,ARRTSRICLF,0.5390138
65,10_5,QSMALLASPQ,0.06538765
66,10_6,GI,0.0007098128
67,11_1,MASNISPSAF,0.0055731214
68,11_2,DKEQIFGMAE,0.0010372422
69,11_3,KEMEYRVELF,0.019552074
70,11_4,NKMTQTCFNK,0.01317454
71,11_5,CVDNRYKESE,0.043959983
72,11_6,LNMGENSCID,0.00046924347
73,11_7,RCVSKYWHVT,0.19276732
74,11_8,NLIGQLLGSG,0.004995717
75,11_9,KPAM,0.0061827535
76,12_1,MSKITVLFFT,0.008151501
77,12_2,VLFLCCMITH,0.00085213094
78,12_3,STRPQPAFHK,0.70111305
79,12_4,ESLVSTLHQD,0.0116266245
80,12_5,AEEVDESCEG,0.00038947983
81,12_6,IKEEECLIRR,0.008072294
82,12_7,TLTAHIDYIY,0.0027536938
83,12_8,TQKHNNP,0.16926019
84,13_1,MASSSYSNSP,0.17392814
85,13_2,YDACKFLRRK,0.2736584
86,13_3,CMLDCIFSPY,0.008345279
87,13_4,FPPKEPQKFT,0.065424584
88,13_5,NVHKIFRASF,0.011576255
89,14_1,MLLLDFVHPK,0.015485951
90,14_2,LILQKLVEHL,0.0061139837
91,14_3,LKRIEANLRR,0.90636057
92,14_4,ELYYWHAYYD,0.16323254
93,14_5,RRLPPGITAL,0.29284155
94,14_6,LKLEEFVAKF,0.0038523744
95,14_7,MSMCRKNSGS,0.02578054
96,14_8,RKYV,0.05513386
97,15_1,MDSSGARRAD,0.021318106
98,15_2,LRAKAKAMAE,0.48799622
99,15_3,KPRVLLAACG,0.04112787
100,15_4,SVCAVKFGNV,0.0020231265
101,15_5,CRSFAEWAVV,0.12650423
102,15_6,KVVLIKSALR,0.046049535
103,15_7,FIDEQTLPQD,0.005004433
104,15_8,VTVYRDEKDW,0.0111288745
105,15_9,RTWKKLGDPM,0.028720424
106,15_10,LHIELCNWAE,0.002792938
107,15_11,IMVIAPLSAN,0.0028628868
108,15_12,TLSKVINQT,0.0063465973
109,16_1,MADIVDEAIT,0.00077202485
110,16_2,FFRANVFFKK,0.009013773
111,16_3,FHVKSSADKL,0.012734033
112,16_4,LIYLTFYIHI,0.0031265349
113,16_5,ALKRLEGCQT,0.08352768
114,16_6,LAVGTKAIIN,0.0036627895
115,16_7,LGLEKVPVPG,0.0037695265
116,16_8,EPGFPFPGLF,0.0053755934
117,16_9,TLPQSQEEAE,0.122388676
118,16_10,LLRNYLKQIR,0.53813416
119,16_11,EETSGRLLNC,0.017945794
120,16_12,AYRANGFPNK,0.11721145
121,16_13,WWLAFAKRKF,0.28295952
122,16_14,MNIVIL,0.00022555546
123,17_1,MGAVVTAVIA,0.0016729373
124,17_2,IAAVVLGWIT,0.003215211
125,17_3,IEMACKPCLE,0.0010016551
126,17_4,TGRRAMDRAL,0.5675786
127,17_5,DPNHDPDSPT,0.030966772
128,17_6,NAGGASANEP,0.00288137
129,17_7,LLADLSASTA,0.22730285
130,17_8,PPAKAI,0.0045685526
131,18_1,MGGDVHSDDD,0.0010933408
132,18_2,DEEGDEREVD,0.00079687644
133,18_3,DGVDDDGDGA,0.0012313619
134,18_4,GLQVAELHQV,0.024438234
135,18_5,VAAGELDEQP,0.003232778
136,18_6,RREQHEQHQP,0.64187247
137,18_7,DHHGAPVRHL,0.041095484
138,18_8,ARSTMNCLPT,0.31108642
139,18_9,YWSLWLVRGV,0.1017797
140,18_10,AGAWGSEEDE,0.0013843488
141,18_11,GRPGGEGGLL,0.029834582
142,18_12,VWFAGARSRL,0.094683245
143,19_1,MSKITVLFFT,0.008151501
144,19_2,VLFLCCMITH,0.00085213094
145,19_3,STRPQPAFHK,0.70111305
146,19_4,ESLVSTLHQD,0.0116266245
147,19_5,AEEVDESCEG,0.00038947983
148,19_6,IKEEECLIRR,0.008072294
149,19_7,TLTAHIDYIY,0.0027536938
150,19_8,TQKHNNP,0.16926019
151,20_1,MTTEPQGSHQ,0.024711976
152,20_2,HGSKRDLPSC,0.0851174
153,20_3,RKNVPGTSFV,0.047779135
154,20_4,SDLRDHIHEF,0.016308894
155,20_5,INASSDEHMT,0.0032951948
156,20_6,CFTKTIKKMF,0.0031635137
157,20_7,GMSMTVAHKS,0.038451247
158,20_8,SKAEEAGPA,0.012391444
159,21_1,MCSTIYEPPH,0.0034761156
160,21_2,TTDDQSRHAI,0.060754005
161,21_3,HPPILVELDG,0.0017151852
162,21_4,YIFCVFCVFC,0.00028869067
163,21_5,FLLCFSVLLF,0.0023064164
164,21_6,RSVLKFICTT,0.022148037
165,21_7,GK,0.0041389414
166,22_1,MCPRWPCTSR,0.1121744
167,22_2,PIRPVVCVSV,0.0064079277
168,22_3,WVPILVELEG,0.0014154426
169,22_4,APEELSRLEI,0.016707381
170,23_1,MTATGCIIYA,0.001319937
171,23_2,CWRCDRVAGR,0.55804896
172,23_3,SLPILVELDG,0.0012441054
173,23_4,WLLCAHTM,0.047173858
174,24_1,MCGRAFIRRL,0.070431754
175,24_2,FGSVFARGFF,0.0077241748
176,24_3,CSPILVELDG,0.0017809692
177,24_4,LSDGECRFIT,0.006943223
178,24_5,LLRF,0.01654734
179,25_1,MGGRAGGHYL,0.025472865
180,25_2,SVCVAVVRVS,0.003601542
181,25_3,SWPILVELDG,0.0024785814
182,25_4,SLSIVGLCTI,0.0015821906
183,25_5,TCVQRFRRR,0.43106732
184,26_1,MGQSYAKSPD,0.005718172
185,26_2,GTVGTARPPY,0.0373505
186,26_3,PRPILVELDG,0.007833258
187,26_4,FFLFLSLLFF,0.007880191
188,26_5,WLSLLFLV,0.032873843
189,27_1,MCPRWPCTSR,0.1121744
190,27_2,PIRPVVCVSV,0.0064079277
191,27_3,WVPILVELDG,0.0012224539
192,27_4,APEELRRLER,0.79221874
193,27_5,SLNSRP,0.24433725
194,28_1,MCPRWPCTSR,0.1121744
195,28_2,PIRPVVCVSV,0.0064079277
196,28_3,WLPILVELDG,0.0017648258
197,28_4,APEELSRLAR,0.7355265
198,28_5,S,0.011039342
199,29_1,MFLVRRVWGF,0.03743983
200,29_2,RGCLIGGRGA,0.028116722
201,29_3,VWPILVELDG,0.0014318982
202,29_4,DVNGHKFSVR,0.010122635
203,29_5,GEGEGDATNG,0.0037073393
204,29_6,KLTLKFICTT,0.01510783
205,29_7,GK,0.0041389414
206,30_1,MAQCASSALL,0.028246138
207,30_2,GSSWEGRGFA,0.051796265
208,30_3,ERPILVELDG,0.0020783076
209,31_1,MCCGGRVCML,0.0013138014
210,31_2,CTCLVLVVIA,0.0011182358
211,31_3,IGLLFGFGVF,0.003557769
212,31_4,KHGFHKIKDT,0.019713452
213,31_5,VSFCDSCGGG,0.0012790328
214,31_6,AAGGGRPFIG,0.03901059
215,31_7,YAPPPLF,0.009961495
216,32_1,MATRIIGLSF,0.0038051214
217,32_2,FLGFLCIALL,0.0020742686
218,32_3,FASGSAQIVC,0.0013794033
219,32_4,QQKGICPNTI,0.0030799548
220,32_5,ACYNYCLGLG,0.0003282439
221,32_6,FQGYGRCDDN,0.00671921
222,32_7,GLCCCKKG,0.00040093221
223,33_1,MSHSLVSVIL,0.001994201
224,33_2,VKVILAAMII,0.00077402935
225,33_3,VLFSHAVRSQ,0.030486263
226,33_4,QICLASCKDT,0.0017509109
227,33_5,PSCDAHCKFI,0.00494893
228,33_6,GYGKGTCFIV,0.0034756418
229,33_7,SPTYSKCCCF,0.0016892118
230,34_1,MIMNTKSKLI,0.0069860886
231,34_2,TLWVLLYFCS,0.0070686266
232,34_3,ITNSLAASKK,0.10925385
233,34_4,CNFPAIFNFG,0.0022027348
234,34_5,DSNSDTGGLS,0.0075850156
235,34_6,AAFSSWRVLL,0.31711113
236,34_7,PSPCWSLL,0.058858316
237,35_1,MDKARFGLFF,0.009424815
238,35_2,MLLILLASRK,0.37588623
239,35_3,PLSMHLRSHR,0.95752615
240,35_4,FKGMCLSEHN,0.011429971
241,35_5,CASVSHLEGF,0.031117331
242,35_6,TGGKCWGFRR,0.5804133
243,35_7,RCFCSKHC,0.001451782
244,36_1,MRSILSLCLS,0.07566041
245,36_2,STWSNGLLSA,0.14481407
246,36_3,IPSMVTCSRL,0.017352136
247,36_4,DSPFTTKTNN,0.057078842
248,36_5,PQQQIKFKFM,0.057104368
249,36_6,IMLSFQCGQF,0.0026543457
250,36_7,VSISCSK,0.0016937805
251,37_1,MRNISNLVLP,0.08313257
252,37_2,SLASLGPSFP,0.010533906
253,37_3,GFTWYSICLC,0.0012845503
254,37_4,LVHFLLRSFH,0.0649568
255,37_5,LSFSYIAKEF,0.0029741686
256,37_6,KTFVTIGKGG,0.002242103
257,37_7,IGC,0.0004373294
258,38_1,MIKTVFRNST,0.019062705
259,38_2,SLLLYIMHAS,0.26962608
260,38_3,FPSVILCVVC,0.00042967615
261,38_4,NKVAIKAVIQ,0.0027907065
262,38_5,KCCIYMLCKI,0.0004952552
263,38_6,LL,0.08690951
264,39_1,MKVAFVAVLL,0.0026060666
265,39_2,ICLVLSSSLF,0.0013083471
266,39_3,EVSMAGSAFC,0.0009970684
267,39_4,SSKCAKRCSR,0.51050335
268,39_5,AGMKDRCTRF,0.10126856
269,39_6,CGICCSKCRC,0.0038373491
270,39_7,VPSGTYGNKH,0.017068421
271,39_8,ECPCYRDMKN,0.0027975314
272,39_9,SKGKPKCP,0.010775577
273,40_1,MAAKGNQNTN,0.01049123
274,40_2,RNTKPNSVIC,0.027765056
275,40_3,ADCDGNDNCL,0.0010552463
276,40_4,LILRAVLCSQ,0.0036347518
277,40_5,CKGSGVNSVD,0.0033194462
278,40_6,IFNGQFKAGD,0.0013242963
279,40_7,TCWLCGGRKE,0.02258388
280,40_8,MLCGNCNGTG,0.0005619175
281,40_9,FVGGFLSTYD,0.0031273495
282,40_10,Q,0.0042583705
283,41_1,MTKASLFFPC,0.005389381
284,41_2,LIILFIVASG,0.00053395337
285,41_3,TTGFANACNF,0.0047383904
286,41_4,PCHSPNGCGN,0.0020000127
287,41_5,LHCPGCVKQC,0.0016057258
288,41_6,VNFCCLCDCS,0.00039482323
289,41_7,PPPNGNVS,0.012357604
290,42_1,MKTSSKSIGQ,0.024562385
291,42_2,LYKPLSVMKE,0.048462942
292,42_3,CNHCQMVCNK,0.0020041028
293,42_4,FSCNFFVLKL,0.0032193842
294,42_5,CQAGKKCKQD,0.019661486
295,42_6,SFIWC,0.0022912594
296,43_1,MADTGGGDAV,0.0043720338
297,43_2,RPVVICDNKC,0.0011535155
298,43_3,GCTLPCTGGS,0.0016258446
299,43_4,TCRCTSAGTA,0.046113066
300,43_5,TGGGATGGGD,0.0072366237
301,43_6,HVTCSCGEHC,0.0003349498
302,43_7,GCNPCSCPKI,0.0030287665
303,43_8,AAAGSGCRCG,0.004885809
304,43_9,TDCACASCRT,0.05632173
305,44_1,MHNSGLHISE,0.0029452567
306,44_2,LCIHNFGMST,0.004763342
307,44_3,LENMFFGLSI,0.0020464475
308,44_4,SELCMHNFRM,0.057518307
309,44_5,DNHKCEFFVF,0.006197344
310,44_6,QIF,0.00049141096
311,45_1,MLLRNFFLHP,0.12956138
312,45_2,CIKLAISNIH,0.0030972254
313,45_3,PCNVISLSIF,0.0014909166
314,45_4,ITSTILSRHS,0.23490717
315,45_5,CTQRNYINKI,0.19488166
316,45_6,SVI,0.0011737132
317,46_1,MNQSGASLSK,0.029777914
318,46_2,SKSKVTKSNK,0.20489517
319,46_3,VRVCIIYCHG,0.0009710334
320,46_4,VRPSSTSLTL,0.65515375
321,46_5,HCICGISIRR,0.0025733
322,46_6,NP,0.03727063
323,47_1,MLLLLLLEMS,0.1527278
324,47_2,KFDFHFGYEV,0.0028205425
325,47_3,ACHVMNYGLV,0.0014980548
326,47_4,GELVLLCFWI,0.0028792133
327,47_5,LSPCLSFNCC,0.0007719275
328,47_6,CYSSMC,0.0006589872
329,48_1,MARDFLDAHA,0.012890994
330,48_2,NEAGLVLHSG,0.0021564397
331,48_3,PIFLFLMIVA,0.004473268
332,48_4,SLSIISMIIF,0.0010111135
333,48_5,ACGKKGGGGG,0.0033836642
334,48_6,GGGCGGDGGG,0.0048185275
335,48_7,GGGDGGGGDG,0.0059697097
336,48_8,GGGDGGGGGG,0.013931218
337,48_9,GGCGGGGGGG,0.009824428
338,48_10,GC,0.0007209685
339,49_1,MQGKTDANAI,0.010025769
340,49_2,IRLRPSRRRH,0.9029751
341,49_3,QDSCQCPFFF,0.00086170615
342,49_4,HISEFHSCAS,0.0076291705
343,49_5,SPLLIHTCWI,0.043646872
344,49_6,FCGTSIG,0.00036003476
345,50_1,MCLDIICGPA,0.00019529166
346,50_2,AAKIHRPLST,0.8836374
347,50_3,CLRCFHHLLG,0.119481504
348,50_4,CWLTFEQHGQ,0.033236414
349,50_5,FLLYTGCPLQ,0.015219858
350,50_6,LYLTRLL,0.31244856
351,51_1,MSALFNFHSF,0.016711747
352,51_2,LTVILLGICA,0.0009953955
353,51_3,CTYFKMQFPA,0.033586666
354,51_4,ILDQKTGFRG,0.0116767315
355,51_5,FFWKAARIGR,0.009131339
356,51_6,CLLFSLFI,0.0035578131
357,52_1,MLKGVMLKGV,0.0016888533
358,52_2,MLSNLSTIIY,0.02109728
359,52_3,EFAIMCPVLL,0.00035314454
360,52_4,SECSLKLLLR,0.3960966
361,52_5,LQIKESGNCY,0.002828796
362,52_6,CTTMF,0.002448421
363,53_1,MFGVRSRALA,0.07166418
364,53_2,PSLSKSHGCC,0.004891446
365,53_3,SASSNVSAFL,0.022977483
366,53_4,TSNHCTWGGG,0.088887945
367,53_5,GHARSCCSDM,0.0010494161
368,53_6,FTSHLTWVSF,0.047948338
369,53_7,VVHLLLHGTT,0.020624287
370,54_1,MKFGGCSCLG,0.00042681082
371,54_2,TGSVGLGDTT,0.008271993
372,54_3,ILGGGGAYWF,0.0067688464
373,54_4,GCGRSRWRLV,0.40264392
374,54_5,VERRWDWWWY,0.88558066
375,54_6,LCRRWRFGRE,0.678629
376,54_7,CGGYGGC,0.0036137274
377,55_1,MVNHISNCSL,0.0015619135
378,55_2,LFVMLALTIT,0.0037540956
379,55_3,GLIEVKGNTC,0.00039260692
380,55_4,SQPLGGCGPM,0.030039946
381,55_5,GQCDQRCKAL,0.046970874
382,55_6,HIDGQGSCDL,0.0018144336
383,55_7,GLCTCYYGCA,0.0032952747
384,55_8,DPPPSPTPPK,0.16558729
385,55_9,MCNNGLGVCS,0.0005010102
386,55_10,VQCGDACCNA,0.00125575
387,55_11,KCASKYNQGT,0.035308953
388,55_12,GMCSTIGNNN,0.00060876453
389,55_13,LCTCQYRCG,0.0023167424
390,56_1,MSHSLVSVIL,0.001994201
391,56_2,VKVILAAMII,0.00077402935
392,56_3,VLFSHAVRSQ,0.030486263
393,56_4,QICLASCKDT,0.0017509109
394,56_5,PSCDAHCKFI,0.00494893
395,56_6,GYGKGTCFIV,0.0034756418
396,56_7,SPTYSKCCCF,0.0016892118
397,57_1,MRSILSLCLS,0.07566041
398,57_2,STWSNGLLSA,0.14481407
399,57_3,IPSMVTCSRL,0.017352136
400,57_4,DSPFTTKTNN,0.057078842
401,57_5,PQQQIKFKFM,0.057104368
402,57_6,IMLSFQCGQF,0.0026543457
403,57_7,VSISCSK,0.0016937805
404,58_1,MRNISNLVLP,0.08313257
405,58_2,SLASLGPSFP,0.010533906
406,58_3,GFTWYSICLC,0.0012845503
407,58_4,LVHFLLRSFH,0.0649568
408,58_5,LSFSYIAKEF,0.0029741686
409,58_6,KTFVTIGKGG,0.002242103
410,58_7,IGC,0.0004373294
411,59_1,MLGSTGLGIV,0.0021247477
412,59_2,IAAGVFGAAA,0.0023118486
413,59_3,SLLLAYFFWQ,0.35817233
414,59_4,CTGKGKGGRR,0.18521662
415,59_5,RHRRGTSESG,0.72403127
416,59_6,GGEDGSWWTE,0.007575402
417,59_7,RLRAAHNRLV,0.9100033
418,59_8,PVSLF,0.005796436
419,60_1,MTKASLFFPC,0.005389381
420,60_2,LIILFIVASG,0.00053395337
421,60_3,TTGFANACNF,0.0047383904
422,60_4,PCHSPNGCGN,0.0020000127
423,60_5,LHCPGCVKQC,0.0016057258
424,60_6,VNFCCLCDCS,0.00039482323
425,60_7,PPPNGNVS,0.012357604
426,61_1,MSCSSGKCDC,0.00041914915
427,61_2,GSSCSCGSSC,0.0005677371
428,61_3,NCMSPNVETA,0.0019022677
429,61_4,AASSIKTTVL,0.034326255
430,61_5,AAPTTKASAG,0.43337426
431,61_6,GFEAATEGGG,0.0013510835
432,61_7,CDCNTCNCGT,0.00054395886
433,61_8,SCGCSCCSCN,3.5809117e-05
434,62_1,MQGKTDANAI,0.010025769
435,62_2,IRLRPSRRRH,0.9029751
436,62_3,QDSCQCPFFF,0.00086170615
437,62_4,HISEFHSCAS,0.0076291705
438,62_5,SPLLIHTCWI,0.043646872
439,62_6,FCGTSIG,0.00036003476
440,63_1,MDKANKLSAG,0.02318054
441,63_2,AGEKATKSRS,0.56014866
442,63_3,HGSTALFVAV,0.010197054
443,63_4,DYAFLLAFAG,0.004466898
444,63_5,FLAYLVGSRI,0.012418563
445,63_6,LPSAAGSA,0.010238334
446,64_1,MSALFNFHSF,0.016711747
447,64_2,LTVILLGICA,0.0009953955
448,64_3,CTYFKMQFPA,0.033586666
449,64_4,ILDQKTGFRG,0.0116767315
450,64_5,FFWKAARIGR,0.009131339
451,64_6,CLLFSLFI,0.0035578131
452,65_1,MVNHISNCSL,0.0015619135
453,65_2,LFVMLALTIT,0.0037540956
454,65_3,GLIEVKGNTC,0.00039260692
455,65_4,SQPLGGCGPM,0.030039946
456,65_5,GQCDQRCKAL,0.046970874
457,65_6,HIDGQGSCDL,0.0018144336
458,65_7,GLCTCYYGCA,0.0032952747
459,65_8,DPPPSPTPPK,0.16558729
460,65_9,MCNNGLGVCS,0.0005010102
461,65_10,VQCGDACCNA,0.00125575
462,65_11,KCASKYNQGT,0.035308953
463,65_12,GMCSTIGNNN,0.00060876453
464,65_13,LCTCQYRCG,0.0023167424
465,66_1,MVVVVVEGNP,0.00032493702
466,66_2,ICCSNRKVQI,0.0034678255
467,66_3,FICIVPSFVF,0.001863423
468,66_4,IGFCFCANNG,0.00031557318
469,66_5,RGSTGKALQI,0.18855369
470,66_6,IGTFFFF,0.0019476801
471,67_1,MTSCSFSCII,0.0005247699
472,67_2,SNNNALLRSS,0.92706686
473,67_3,ATLVVFTFGV,0.009382719
474,67_4,VPRSCSSFSS,0.22189948
475,67_5,GCNVRVCHLP,0.0030194449
476,67_6,QSLPLVG,0.0028801824
477,68_1,MGGLSTKLFV,0.010333038
478,68_2,VLLLLVCYTG,0.0011828685
479,68_3,TQGGPVTMVS,0.0201668
480,68_4,ARKCESQSFR,0.36422738
481,68_5,FKGPCSRDAN,0.03298191
482,68_6,CANVCLTEGF,0.01653997
483,68_7,TGGVCKGLRH,0.28233492
484,68_8,RCFCTRDC,0.0028420906
485,69_1,MSAQGKRRYD,0.121588856
486,69_2,RKQSGHGGQT,0.1813895
487,69_3,KPVFHKKAKT,0.33559883
488,69_4,TKKIVLKLQC,0.007980622
489,69_5,QSCKHYSQHA,0.2016129
490,69_6,IKRCKHFEIG,0.003560223
491,69_7,GDKNGKGTSL,0.0100216
492,69_8,F,0.0013518383
493,70_1,MYQLGEFKLH,0.0073446967
494,70_2,FYLCILTLTF,0.0020619377
495,70_3,ILLCFLFLCS,0.0007584098
496,70_4,TCCFCVLQFW,0.0063914787
497,70_5,LGWGLLTGFH,0.0052302578
498,70_6,ITIDCFCNNL,0.0021350689
499,70_7,LHWKNFSCA,0.013182106
500,71_1,MRDNFFVKKG,0.009091423
501,71_2,TLFHVSGREG,0.018049696
502,71_3,RVPLQTIRAK,0.80905604
503,71_4,IDYCCYTVRA,0.003681028
504,71_5,IYGILGIKVW,0.001223292
505,71_6,IFSK,0.00063356606
506,72_1,MPMSWALTVS,0.026761971
507,72_2,VVDTVFAALA,0.0034235108
508,72_3,AWVSACLSAA,0.019895019
509,72_4,TAVTRSPRTG,0.36749476
510,72_5,VMGRFAFLLS,0.012918935
511,72_6,A,0.007680641
512,73_1,MSSCFTMRLV,0.010073621
513,73_2,ISMSFSLGIN,0.0016314378
514,73_3,SFKKAISATE,0.0047434033
515,73_4,TKCHSTIGVM,0.008373264
516,73_5,KKSRKLLLDA,0.73072946
517,73_6,KKNGTITT,0.0061098705
518,74_1,MTHLICLIYL,0.001596682
519,74_2,KCSCLHVQTL,0.009886865
520,74_3,LNVISPILYN,0.009002655
521,74_4,IGLNTKIIFI,0.0017368392
522,74_5,IFYIRFQIRV,0.0070439265
523,74_6,S,0.011039342
524,75_1,MASRNKAAAL,0.8401823
525,75_2,LLCFLFLAAV,0.009897003
526,75_3,AASAAEMIAG,0.0044057
527,75_4,SGIGDGEGEE,0.0006888342
528,75_5,LDKGGGGGGG,0.006120408
529,75_6,HHKHEGYKNK,0.19972366
530,75_7,DGKGNLKPSQ,0.013296965
531,75_8,CGGECRRRCS,0.61071646
532,75_9,KTHHKKPCLF,0.055061407
533,75_10,FCNKCCAKCL,0.0003542195
534,75_11,CVPPGTYGNK,0.015681583
535,75_12,ETCPCYNNWK,0.014173185
536,75_13,TKKGGPKCP,0.005754959
537,76_1,MVVVVVEGNP,0.00032493702
538,76_2,ICCSNRKVQI,0.0034678255
539,76_3,FICIVPSFVF,0.001863423
540,76_4,IGFCFCANNG,0.00031557318
541,76_5,RGSTEGKGHV,0.024837282
542,76_6,HMVHFGF,0.001047444
543,77_1,MAGLRMKFVA,0.023447864
544,77_2,VAAMAAALVA,0.007038502
545,77_3,SAAAAEAPAP,0.25808942
546,77_4,APASDAAAAV,0.022458017
547,77_5,PLAAASLAAA,0.56213135
548,77_6,AFGYLFC,0.0008725197
549,78_1,MRHGTRLLCA,0.26608774
550,78_2,LALTLLCMAT,0.050091323
551,78_3,HFQGASCRGG,0.0042540235
552,78_4,GGGGRGGGGG,0.03925512
553,78_5,GGGGGGGRGG,0.042515416
554,78_6,GSGTGGGRSG,0.03779773
555,78_7,RGRSGRPFLG,0.37272295
556,78_8,GVGAGAAAGV,0.0079852445
557,78_9,GARTAAGGSH,0.06585215
558,78_10,GHRSVAAGGA,0.03227742
559,78_11,GGPGVWRVAG,0.038407724
560,78_12,AGAALTAALL,0.2756303
561,78_13,A,0.007680641
562,79_1,MRWVMYQLIL,0.016674967
563,79_2,FHKPNKNVKS,0.11295149
564,79_3,EKMDQLIPQT,0.014708277
565,79_4,KHPISYQGET,0.07785895
566,79_5,SCCFHLCLAF,0.0011942709
567,79_6,SKATFKHECF,0.0097378325
568,79_7,YILPIPFIIF,0.0006899425
569,79_8,PLLTNLVIVN,0.01354702
570,79_9,HQLKCYLFFA,0.089758776
571,79_10,RNEGQHFSLV,0.047506753
572,79_11,KCSN,0.000997281
573,80_1,MTKRTKKAGI,0.08137861
574,80_2,VGKYGTRYGA,0.07942263
575,80_3,SLRKQIKKME,0.063665114
576,80_4,VSQHSKFFCE,0.013634065
577,80_5,FCGKYAVKRK,0.014317589
578,80_6,AVGIWGCKDC,0.0025399982
579,80_7,GKVKAGGAYT,0.008889187
580,80_8,LK,0.029266583
