Index,symbol,Sequences,NuP
1,1_1,MRSILSLCLS,4.5137647e-05
2,1_2,STWSNGLLSA,0.99995196
3,1_3,IPSMVTCSRL,0.9999498
4,1_4,DSPFTTKTNN,0.00257544
5,1_5,PQQQIKFKFM,0.0053051123
6,1_6,IMLSFQCGQF,0.99995077
7,1_7,VSISCSK,5.133533e-05
8,2_1,MDMKKVTCAL,4.508366e-05
9,2_2,LIAAASMSAA,0.99718106
10,2_3,VAAAEAPAPS,0.015170423
11,2_4,PGPGPSSGAS,0.9999461
12,2_5,APLVGSLIGA,0.99992037
13,2_6,SVLSFFALFQ,0.00075825374
14,3_1,MLKGVMLKGV,4.5304583e-05
15,3_2,MLSNLSTIIY,4.559293e-05
16,3_3,EFAIMCPVLL,0.99960726
17,3_4,SECSLKLLLR,6.9993876e-05
18,3_5,LQIKESGNCY,0.012913919
19,3_6,CTTMF,0.99994874
20,4_1,MKQETTSDGS,4.5084173e-05
21,4_2,GTMVLRKCVL,0.71647763
22,4_3,LFWNQRQRCT,0.9999101
23,4_4,RWVLFFEGVG,4.8697813e-05
24,4_5,INFVIIFALI,4.8906728e-05
25,4_6,RG,0.00016703921
26,5_1,MDMKKITCAL,4.5088258e-05
27,5_2,LIAATSVSAA,0.29065916
28,5_3,VAATEVPASA,5.0883475e-05
29,5_4,PGPGPSSGAS,0.9999461
30,5_5,APLVGSLIGA,0.99992037
31,5_6,SVLSFFALFQ,0.00075825374
32,6_1,MRSILSLCLS,4.5137647e-05
33,6_2,STWSNGLLSA,0.99995196
34,6_3,IPSMVTCSRL,0.9999498
35,6_4,DSPFTTKTNN,0.00257544
36,6_5,PQQQIKFKFM,0.0053051123
37,6_6,IMLSFQCGQF,0.99995077
38,6_7,VSISCSK,5.133533e-05
39,7_1,MDKANKLSAG,4.5148627e-05
40,7_2,AGEKATKSRS,0.992214
41,7_3,HGSTALFVAV,0.8959977
42,7_4,DYAFLLAFAG,4.8075588e-05
43,7_5,FLAYLVGSRI,0.0004660497
44,7_6,LPSAAGSA,0.98173803
45,8_1,MTKCQKRASI,4.5090066e-05
46,8_2,QGLWLLSMVL,0.99958855
47,8_3,LASSSLVCAS,0.005635134
48,8_4,MAVDGQTKED,4.5224337e-05
49,8_5,INATSVTSMN,0.9996263
50,8_6,MTRSSSASYN,4.5204586e-05
51,8_7,MTGGGGELNR,4.5173994e-05
52,8_8,GPCVVRSGFY,0.9934494
53,8_9,WCQNIGYPTM,0.000101814614
54,8_10,SECLKNCES,0.00056649465
55,9_1,MRAQRIMERV,0.89713734
56,9_2,QEEQRRWYGV,0.9999515
57,9_3,KEPGQTNCCS,5.2892727e-05
58,9_4,ARRTSRICLF,0.9999182
59,9_5,QSMALLASPQ,0.9999522
60,9_6,GI,0.99984455
61,10_1,MRAQRIMERV,0.89713734
62,10_2,QEEQRRWYGV,0.9999515
63,10_3,KEPGQTNCCS,5.2892727e-05
64,10_4,ARRTSRICLF,0.9999182
65,10_5,QSMALLASPQ,0.9999522
66,10_6,GI,0.99984455
67,11_1,MASNISPSAF,4.5360262e-05
68,11_2,DKEQIFGMAE,0.00039491165
69,11_3,KEMEYRVELF,0.0051703644
70,11_4,NKMTQTCFNK,0.99990654
71,11_5,CVDNRYKESE,0.033789452
72,11_6,LNMGENSCID,0.99973327
73,11_7,RCVSKYWHVT,0.99989295
74,11_8,NLIGQLLGSG,4.7474932e-05
75,11_9,KPAM,0.99982506
76,12_1,MSKITVLFFT,4.5027115e-05
77,12_2,VLFLCCMITH,4.5706114e-05
78,12_3,STRPQPAFHK,0.99990356
79,12_4,ESLVSTLHQD,0.00019808937
80,12_5,AEEVDESCEG,8.2946084e-05
81,12_6,IKEEECLIRR,4.6198533e-05
82,12_7,TLTAHIDYIY,0.9998274
83,12_8,TQKHNNP,0.99966156
84,13_1,MASSSYSNSP,4.5055163e-05
85,13_2,YDACKFLRRK,0.32477945
86,13_3,CMLDCIFSPY,0.99644023
87,13_4,FPPKEPQKFT,0.9999503
88,13_5,NVHKIFRASF,0.9999522
89,14_1,MLLLDFVHPK,4.9028422e-05
90,14_2,LILQKLVEHL,0.0002274904
91,14_3,LKRIEANLRR,0.9343227
92,14_4,ELYYWHAYYD,0.99994946
93,14_5,RRLPPGITAL,0.99995124
94,14_6,LKLEEFVAKF,4.7192858e-05
95,14_7,MSMCRKNSGS,4.652424e-05
96,14_8,RKYV,0.999946
97,15_1,MDSSGARRAD,4.5234734e-05
98,15_2,LRAKAKAMAE,0.9413913
99,15_3,KPRVLLAACG,0.99622214
100,15_4,SVCAVKFGNV,4.992505e-05
101,15_5,CRSFAEWAVV,0.9999449
102,15_6,KVVLIKSALR,4.9075996e-05
103,15_7,FIDEQTLPQD,0.00276004
104,15_8,VTVYRDEKDW,7.195139e-05
105,15_9,RTWKKLGDPM,0.9514928
106,15_10,LHIELCNWAE,0.9998963
107,15_11,IMVIAPLSAN,4.9463757e-05
108,15_12,TLSKVINQT,0.9921504
109,16_1,MADIVDEAIT,4.516482e-05
110,16_2,FFRANVFFKK,0.00015104612
111,16_3,FHVKSSADKL,0.17212297
112,16_4,LIYLTFYIHI,0.00014368862
113,16_5,ALKRLEGCQT,0.007729516
114,16_6,LAVGTKAIIN,6.062191e-05
115,16_7,LGLEKVPVPG,4.6895464e-05
116,16_8,EPGFPFPGLF,0.9999515
117,16_9,TLPQSQEEAE,0.9999517
118,16_10,LLRNYLKQIR,0.71783036
119,16_11,EETSGRLLNC,0.9994362
120,16_12,AYRANGFPNK,0.9999523
121,16_13,WWLAFAKRKF,0.9999521
122,16_14,MNIVIL,4.6506673e-05
123,17_1,MGAVVTAVIA,4.508813e-05
124,17_2,IAAVVLGWIT,4.5503366e-05
125,17_3,IEMACKPCLE,8.954133e-05
126,17_4,TGRRAMDRAL,0.99995136
127,17_5,DPNHDPDSPT,0.00021012557
128,17_6,NAGGASANEP,0.98952776
129,17_7,LLADLSASTA,0.9662537
130,17_8,PPAKAI,0.7950656
131,18_1,MGGDVHSDDD,4.5838857e-05
132,18_2,DEEGDEREVD,7.7987635e-05
133,18_3,DGVDDDGDGA,4.7145357e-05
134,18_4,GLQVAELHQV,0.999948
135,18_5,VAAGELDEQP,0.032903858
136,18_6,RREQHEQHQP,6.505633e-05
137,18_7,DHHGAPVRHL,0.99994516
138,18_8,ARSTMNCLPT,0.99986863
139,18_9,YWSLWLVRGV,0.99978846
140,18_10,AGAWGSEEDE,0.99994993
141,18_11,GRPGGEGGLL,0.9999523
142,18_12,VWFAGARSRL,0.99994946
143,19_1,MSKITVLFFT,4.5027115e-05
144,19_2,VLFLCCMITH,4.5706114e-05
145,19_3,STRPQPAFHK,0.99990356
146,19_4,ESLVSTLHQD,0.00019808937
147,19_5,AEEVDESCEG,8.2946084e-05
148,19_6,IKEEECLIRR,4.6198533e-05
149,19_7,TLTAHIDYIY,0.9998274
150,19_8,TQKHNNP,0.99966156
151,20_1,MTTEPQGSHQ,4.5725432e-05
152,20_2,HGSKRDLPSC,0.996997
153,20_3,RKNVPGTSFV,0.99994075
154,20_4,SDLRDHIHEF,0.99987507
155,20_5,INASSDEHMT,0.99995196
156,20_6,CFTKTIKKMF,0.99994755
157,20_7,GMSMTVAHKS,0.99994147
158,20_8,SKAEEAGPA,0.9998945
159,21_1,MCSTIYEPPH,4.5059503e-05
160,21_2,TTDDQSRHAI,0.00014935982
161,21_3,HPPILVELDG,0.99989283
162,21_4,YIFCVFCVFC,0.0011803152
163,21_5,FLLCFSVLLF,4.570228e-05
164,21_6,RSVLKFICTT,0.9983626
165,21_7,GK,0.96398973
166,22_1,MCPRWPCTSR,4.5366534e-05
167,22_2,PIRPVVCVSV,0.002645748
168,22_3,WVPILVELEG,0.9998733
169,22_4,APEELSRLEI,0.0011313657
170,23_1,MTATGCIIYA,4.5131535e-05
171,23_2,CWRCDRVAGR,5.839057e-05
172,23_3,SLPILVELDG,0.00011615248
173,23_4,WLLCAHTM,0.00023888085
174,24_1,MCGRAFIRRL,4.6891397e-05
175,24_2,FGSVFARGFF,0.9999503
176,24_3,CSPILVELDG,0.003146534
177,24_4,LSDGECRFIT,0.99994195
178,24_5,LLRF,0.503043
179,25_1,MGGRAGGHYL,0.16675714
180,25_2,SVCVAVVRVS,5.658631e-05
181,25_3,SWPILVELDG,0.0022188406
182,25_4,SLSIVGLCTI,0.06679409
183,25_5,TCVQRFRRR,0.0047720396
184,26_1,MGQSYAKSPD,4.5154397e-05
185,26_2,GTVGTARPPY,6.0736656e-05
186,26_3,PRPILVELDG,0.00020707477
187,26_4,FFLFLSLLFF,4.6893812e-05
188,26_5,WLSLLFLV,5.0748466e-05
189,27_1,MCPRWPCTSR,4.5366534e-05
190,27_2,PIRPVVCVSV,0.002645748
191,27_3,WVPILVELDG,0.00017434423
192,27_4,APEELRRLER,0.00013203481
193,27_5,SLNSRP,0.99993694
194,28_1,MCPRWPCTSR,4.5366534e-05
195,28_2,PIRPVVCVSV,0.002645748
196,28_3,WLPILVELDG,5.114052e-05
197,28_4,APEELSRLAR,0.0003834208
198,28_5,S,0.9603845
199,29_1,MFLVRRVWGF,0.9998925
200,29_2,RGCLIGGRGA,6.150163e-05
201,29_3,VWPILVELDG,5.4106196e-05
202,29_4,DVNGHKFSVR,0.9999491
203,29_5,GEGEGDATNG,0.99961996
204,29_6,KLTLKFICTT,0.023630189
205,29_7,GK,0.96398973
206,30_1,MAQCASSALL,4.554448e-05
207,30_2,GSSWEGRGFA,0.9999523
208,30_3,ERPILVELDG,0.0020332567
209,31_1,MCCGGRVCML,4.535819e-05
210,31_2,CTCLVLVVIA,4.971283e-05
211,31_3,IGLLFGFGVF,0.9995467
212,31_4,KHGFHKIKDT,0.0014560194
213,31_5,VSFCDSCGGG,4.585822e-05
214,31_6,AAGGGRPFIG,0.999951
215,31_7,YAPPPLF,0.99994516
216,32_1,MATRIIGLSF,4.5122368e-05
217,32_2,FLGFLCIALL,4.8966605e-05
218,32_3,FASGSAQIVC,5.5894518e-05
219,32_4,QQKGICPNTI,0.0059338026
220,32_5,ACYNYCLGLG,0.9994332
221,32_6,FQGYGRCDDN,7.449184e-05
222,32_7,GLCCCKKG,5.1649255e-05
223,33_1,MSHSLVSVIL,4.5545825e-05
224,33_2,VKVILAAMII,4.532848e-05
225,33_3,VLFSHAVRSQ,0.9999429
226,33_4,QICLASCKDT,5.7227415e-05
227,33_5,PSCDAHCKFI,0.9999188
228,33_6,GYGKGTCFIV,0.99994624
229,33_7,SPTYSKCCCF,0.999951
230,34_1,MIMNTKSKLI,5.9554877e-05
231,34_2,TLWVLLYFCS,5.0671337e-05
232,34_3,ITNSLAASKK,0.7216743
233,34_4,CNFPAIFNFG,0.999931
234,34_5,DSNSDTGGLS,0.9999504
235,34_6,AAFSSWRVLL,0.99995136
236,34_7,PSPCWSLL,0.999907
237,35_1,MDKARFGLFF,0.00027818343
238,35_2,MLLILLASRK,4.5557073e-05
239,35_3,PLSMHLRSHR,0.99983394
240,35_4,FKGMCLSEHN,0.9999465
241,35_5,CASVSHLEGF,0.99994826
242,35_6,TGGKCWGFRR,0.99995065
243,35_7,RCFCSKHC,4.8804555e-05
244,36_1,MRSILSLCLS,4.5137647e-05
245,36_2,STWSNGLLSA,0.99995196
246,36_3,IPSMVTCSRL,0.9999498
247,36_4,DSPFTTKTNN,0.00257544
248,36_5,PQQQIKFKFM,0.0053051123
249,36_6,IMLSFQCGQF,0.99995077
250,36_7,VSISCSK,5.133533e-05
251,37_1,MRNISNLVLP,4.5461813e-05
252,37_2,SLASLGPSFP,0.99995065
253,37_3,GFTWYSICLC,0.9999516
254,37_4,LVHFLLRSFH,0.99994314
255,37_5,LSFSYIAKEF,8.585087e-05
256,37_6,KTFVTIGKGG,4.5458302e-05
257,37_7,IGC,4.6981855e-05
258,38_1,MIKTVFRNST,4.656752e-05
259,38_2,SLLLYIMHAS,0.99906045
260,38_3,FPSVILCVVC,0.7472623
261,38_4,NKVAIKAVIQ,4.7996564e-05
262,38_5,KCCIYMLCKI,4.5865658e-05
263,38_6,LL,0.00011070182
264,39_1,MKVAFVAVLL,4.507029e-05
265,39_2,ICLVLSSSLF,5.208506e-05
266,39_3,EVSMAGSAFC,0.999951
267,39_4,SSKCAKRCSR,6.8350935e-05
268,39_5,AGMKDRCTRF,0.9999523
269,39_6,CGICCSKCRC,5.18877e-05
270,39_7,VPSGTYGNKH,5.2876992e-05
271,39_8,ECPCYRDMKN,4.6558416e-05
272,39_9,SKGKPKCP,5.6130073e-05
273,40_1,MAAKGNQNTN,5.0450984e-05
274,40_2,RNTKPNSVIC,0.9999496
275,40_3,ADCDGNDNCL,0.00010829795
276,40_4,LILRAVLCSQ,0.99990773
277,40_5,CKGSGVNSVD,7.9021986e-05
278,40_6,IFNGQFKAGD,0.9994301
279,40_7,TCWLCGGRKE,4.5544e-05
280,40_8,MLCGNCNGTG,4.559184e-05
281,40_9,FVGGFLSTYD,0.9998982
282,40_10,Q,0.9995622
283,41_1,MTKASLFFPC,4.5056797e-05
284,41_2,LIILFIVASG,4.5363853e-05
285,41_3,TTGFANACNF,0.99991405
286,41_4,PCHSPNGCGN,0.0020497893
287,41_5,LHCPGCVKQC,4.7797967e-05
288,41_6,VNFCCLCDCS,4.7411682e-05
289,41_7,PPPNGNVS,0.9999474
290,42_1,MKTSSKSIGQ,4.553045e-05
291,42_2,LYKPLSVMKE,6.707932e-05
292,42_3,CNHCQMVCNK,8.394687e-05
293,42_4,FSCNFFVLKL,0.00189316
294,42_5,CQAGKKCKQD,4.6915906e-05
295,42_6,SFIWC,0.9998528
296,43_1,MADTGGGDAV,4.517356e-05
297,43_2,RPVVICDNKC,0.9987079
298,43_3,GCTLPCTGGS,8.004433e-05
299,43_4,TCRCTSAGTA,0.000250011
300,43_5,TGGGATGGGD,7.132353e-05
301,43_6,HVTCSCGEHC,0.9904564
302,43_7,GCNPCSCPKI,4.7223202e-05
303,43_8,AAAGSGCRCG,5.4365835e-05
304,43_9,TDCACASCRT,4.5751032e-05
305,44_1,MHNSGLHISE,5.03059e-05
306,44_2,LCIHNFGMST,0.9999472
307,44_3,LENMFFGLSI,0.9999521
308,44_4,SELCMHNFRM,0.9999498
309,44_5,DNHKCEFFVF,4.637682e-05
310,44_6,QIF,0.99969566
311,45_1,MLLRNFFLHP,4.6444005e-05
312,45_2,CIKLAISNIH,0.00014299524
313,45_3,PCNVISLSIF,0.96918017
314,45_4,ITSTILSRHS,0.0027558592
315,45_5,CTQRNYINKI,0.99957913
316,45_6,SVI,0.9998709
317,46_1,MNQSGASLSK,4.5358618e-05
318,46_2,SKSKVTKSNK,7.7345656e-05
319,46_3,VRVCIIYCHG,4.5730532e-05
320,46_4,VRPSSTSLTL,0.10562967
321,46_5,HCICGISIRR,5.0264996e-05
322,46_6,NP,0.9997539
323,47_1,MLLLLLLEMS,4.540103e-05
324,47_2,KFDFHFGYEV,0.00022262553
325,47_3,ACHVMNYGLV,0.9999516
326,47_4,GELVLLCFWI,0.0023145964
327,47_5,LSPCLSFNCC,5.414775e-05
328,47_6,CYSSMC,0.99995196
329,48_1,MARDFLDAHA,7.281711e-05
330,48_2,NEAGLVLHSG,0.99988556
331,48_3,PIFLFLMIVA,4.9320428e-05
332,48_4,SLSIISMIIF,0.0003513165
333,48_5,ACGKKGGGGG,0.28758737
334,48_6,GGGCGGDGGG,0.018840395
335,48_7,GGGDGGGGDG,0.9998969
336,48_8,GGGDGGGGGG,0.9999201
337,48_9,GGCGGGGGGG,0.15676086
338,48_10,GC,8.1e-05
339,49_1,MQGKTDANAI,4.543841e-05
340,49_2,IRLRPSRRRH,0.99990726
341,49_3,QDSCQCPFFF,0.9999486
342,49_4,HISEFHSCAS,0.99995184
343,49_5,SPLLIHTCWI,0.99994636
344,49_6,FCGTSIG,8.5681575e-05
345,50_1,MCLDIICGPA,4.5582237e-05
346,50_2,AAKIHRPLST,0.99994826
347,50_3,CLRCFHHLLG,9.513363e-05
348,50_4,CWLTFEQHGQ,0.0031468556
349,50_5,FLLYTGCPLQ,4.60158e-05
350,50_6,LYLTRLL,0.9995408
351,51_1,MSALFNFHSF,4.5225934e-05
352,51_2,LTVILLGICA,8.6934444e-05
353,51_3,CTYFKMQFPA,0.99992645
354,51_4,ILDQKTGFRG,0.9999434
355,51_5,FFWKAARIGR,0.9996835
356,51_6,CLLFSLFI,0.000102699814
357,52_1,MLKGVMLKGV,4.5304583e-05
358,52_2,MLSNLSTIIY,4.559293e-05
359,52_3,EFAIMCPVLL,0.99960726
360,52_4,SECSLKLLLR,6.9993876e-05
361,52_5,LQIKESGNCY,0.012913919
362,52_6,CTTMF,0.99994874
363,53_1,MFGVRSRALA,5.5997054e-05
364,53_2,PSLSKSHGCC,0.009700123
365,53_3,SASSNVSAFL,0.029631991
366,53_4,TSNHCTWGGG,0.9999474
367,53_5,GHARSCCSDM,0.999884
368,53_6,FTSHLTWVSF,0.99995005
369,53_7,VVHLLLHGTT,0.025252916
370,54_1,MKFGGCSCLG,4.5321176e-05
371,54_2,TGSVGLGDTT,5.7357505e-05
372,54_3,ILGGGGAYWF,0.9999447
373,54_4,GCGRSRWRLV,0.99928206
374,54_5,VERRWDWWWY,0.99994946
375,54_6,LCRRWRFGRE,0.00021961934
376,54_7,CGGYGGC,0.9996543
377,55_1,MVNHISNCSL,0.9962373
378,55_2,LFVMLALTIT,0.0001149645
379,55_3,GLIEVKGNTC,8.32414e-05
380,55_4,SQPLGGCGPM,0.00025847496
381,55_5,GQCDQRCKAL,6.3234205e-05
382,55_6,HIDGQGSCDL,0.99991226
383,55_7,GLCTCYYGCA,7.030842e-05
384,55_8,DPPPSPTPPK,8.235207e-05
385,55_9,MCNNGLGVCS,5.197015e-05
386,55_10,VQCGDACCNA,4.531098e-05
387,55_11,KCASKYNQGT,6.954067e-05
388,55_12,GMCSTIGNNN,0.99993765
389,55_13,LCTCQYRCG,5.1710318e-05
390,56_1,MSHSLVSVIL,4.5545825e-05
391,56_2,VKVILAAMII,4.532848e-05
392,56_3,VLFSHAVRSQ,0.9999429
393,56_4,QICLASCKDT,5.7227415e-05
394,56_5,PSCDAHCKFI,0.9999188
395,56_6,GYGKGTCFIV,0.99994624
396,56_7,SPTYSKCCCF,0.999951
397,57_1,MRSILSLCLS,4.5137647e-05
398,57_2,STWSNGLLSA,0.99995196
399,57_3,IPSMVTCSRL,0.9999498
400,57_4,DSPFTTKTNN,0.00257544
401,57_5,PQQQIKFKFM,0.0053051123
402,57_6,IMLSFQCGQF,0.99995077
403,57_7,VSISCSK,5.133533e-05
404,58_1,MRNISNLVLP,4.5461813e-05
405,58_2,SLASLGPSFP,0.99995065
406,58_3,GFTWYSICLC,0.9999516
407,58_4,LVHFLLRSFH,0.99994314
408,58_5,LSFSYIAKEF,8.585087e-05
409,58_6,KTFVTIGKGG,4.5458302e-05
410,58_7,IGC,4.6981855e-05
411,59_1,MLGSTGLGIV,4.636979e-05
412,59_2,IAAGVFGAAA,0.0005827906
413,59_3,SLLLAYFFWQ,0.00045040122
414,59_4,CTGKGKGGRR,0.9997693
415,59_5,RHRRGTSESG,0.9999442
416,59_6,GGEDGSWWTE,0.9999522
417,59_7,RLRAAHNRLV,0.99994445
418,59_8,PVSLF,0.8358905
419,60_1,MTKASLFFPC,4.5056797e-05
420,60_2,LIILFIVASG,4.5363853e-05
421,60_3,TTGFANACNF,0.99991405
422,60_4,PCHSPNGCGN,0.0020497893
423,60_5,LHCPGCVKQC,4.7797967e-05
424,60_6,VNFCCLCDCS,4.7411682e-05
425,60_7,PPPNGNVS,0.9999474
426,61_1,MSCSSGKCDC,4.5109762e-05
427,61_2,GSSCSCGSSC,0.014965267
428,61_3,NCMSPNVETA,0.7174485
429,61_4,AASSIKTTVL,0.0036205638
430,61_5,AAPTTKASAG,0.3921959
431,61_6,GFEAATEGGG,0.99993634
432,61_7,CDCNTCNCGT,0.967788
433,61_8,SCGCSCCSCN,4.5934776e-05
434,62_1,MQGKTDANAI,4.543841e-05
435,62_2,IRLRPSRRRH,0.99990726
436,62_3,QDSCQCPFFF,0.9999486
437,62_4,HISEFHSCAS,0.99995184
438,62_5,SPLLIHTCWI,0.99994636
439,62_6,FCGTSIG,8.5681575e-05
440,63_1,MDKANKLSAG,4.5148627e-05
441,63_2,AGEKATKSRS,0.992214
442,63_3,HGSTALFVAV,0.8959977
443,63_4,DYAFLLAFAG,4.8075588e-05
444,63_5,FLAYLVGSRI,0.0004660497
445,63_6,LPSAAGSA,0.98173803
446,64_1,MSALFNFHSF,4.5225934e-05
447,64_2,LTVILLGICA,8.6934444e-05
448,64_3,CTYFKMQFPA,0.99992645
449,64_4,ILDQKTGFRG,0.9999434
450,64_5,FFWKAARIGR,0.9996835
451,64_6,CLLFSLFI,0.000102699814
452,65_1,MVNHISNCSL,0.9962373
453,65_2,LFVMLALTIT,0.0001149645
454,65_3,GLIEVKGNTC,8.32414e-05
455,65_4,SQPLGGCGPM,0.00025847496
456,65_5,GQCDQRCKAL,6.3234205e-05
457,65_6,HIDGQGSCDL,0.99991226
458,65_7,GLCTCYYGCA,7.030842e-05
459,65_8,DPPPSPTPPK,8.235207e-05
460,65_9,MCNNGLGVCS,5.197015e-05
461,65_10,VQCGDACCNA,4.531098e-05
462,65_11,KCASKYNQGT,6.954067e-05
463,65_12,GMCSTIGNNN,0.99993765
464,65_13,LCTCQYRCG,5.1710318e-05
465,66_1,MVVVVVEGNP,0.00018322327
466,66_2,ICCSNRKVQI,4.717599e-05
467,66_3,FICIVPSFVF,4.5422985e-05
468,66_4,IGFCFCANNG,0.93344295
469,66_5,RGSTGKALQI,0.008525923
470,66_6,IGTFFFF,0.0017110484
471,67_1,MTSCSFSCII,4.5058045e-05
472,67_2,SNNNALLRSS,0.9999523
473,67_3,ATLVVFTFGV,7.286031e-05
474,67_4,VPRSCSSFSS,0.9999523
475,67_5,GCNVRVCHLP,0.99979717
476,67_6,QSLPLVG,0.9975963
477,68_1,MGGLSTKLFV,4.517115e-05
478,68_2,VLLLLVCYTG,4.8616148e-05
479,68_3,TQGGPVTMVS,4.5860455e-05
480,68_4,ARKCESQSFR,0.9486125
481,68_5,FKGPCSRDAN,5.473466e-05
482,68_6,CANVCLTEGF,0.9999455
483,68_7,TGGVCKGLRH,0.000116117706
484,68_8,RCFCTRDC,4.859205e-05
485,69_1,MSAQGKRRYD,4.537264e-05
486,69_2,RKQSGHGGQT,0.9302348
487,69_3,KPVFHKKAKT,0.008591352
488,69_4,TKKIVLKLQC,5.5596396e-05
489,69_5,QSCKHYSQHA,0.9999443
490,69_6,IKRCKHFEIG,4.5396613e-05
491,69_7,GDKNGKGTSL,0.99995136
492,69_8,F,0.012136229
493,70_1,MYQLGEFKLH,4.5334833e-05
494,70_2,FYLCILTLTF,6.556485e-05
495,70_3,ILLCFLFLCS,4.54258e-05
496,70_4,TCCFCVLQFW,4.632347e-05
497,70_5,LGWGLLTGFH,0.999946
498,70_6,ITIDCFCNNL,0.01753039
499,70_7,LHWKNFSCA,0.99994695
500,71_1,MRDNFFVKKG,4.5625857e-05
501,71_2,TLFHVSGREG,0.9992207
502,71_3,RVPLQTIRAK,0.0011288256
503,71_4,IDYCCYTVRA,4.515276e-05
504,71_5,IYGILGIKVW,4.5539527e-05
505,71_6,IFSK,0.1199639
506,72_1,MPMSWALTVS,4.6163877e-05
507,72_2,VVDTVFAALA,4.5796824e-05
508,72_3,AWVSACLSAA,0.994433
509,72_4,TAVTRSPRTG,0.9579767
510,72_5,VMGRFAFLLS,0.9999485
511,72_6,A,0.00043168827
512,73_1,MSSCFTMRLV,4.5331984e-05
513,73_2,ISMSFSLGIN,0.99995196
514,73_3,SFKKAISATE,0.99994266
515,73_4,TKCHSTIGVM,0.00012779367
516,73_5,KKSRKLLLDA,5.3865875e-05
517,73_6,KKNGTITT,0.00014995376
518,74_1,MTHLICLIYL,4.5488574e-05
519,74_2,KCSCLHVQTL,5.6230794e-05
520,74_3,LNVISPILYN,0.00012971851
521,74_4,IGLNTKIIFI,5.660838e-05
522,74_5,IFYIRFQIRV,0.9999521
523,74_6,S,0.9603845
524,75_1,MASRNKAAAL,4.601742e-05
525,75_2,LLCFLFLAAV,6.837949e-05
526,75_3,AASAAEMIAG,0.7915403
527,75_4,SGIGDGEGEE,0.99994767
528,75_5,LDKGGGGGGG,0.00055869314
529,75_6,HHKHEGYKNK,0.93659014
530,75_7,DGKGNLKPSQ,0.999931
531,75_8,CGGECRRRCS,6.656153e-05
532,75_9,KTHHKKPCLF,0.0023660914
533,75_10,FCNKCCAKCL,5.242451e-05
534,75_11,CVPPGTYGNK,9.6345575e-05
535,75_12,ETCPCYNNWK,4.643072e-05
536,75_13,TKKGGPKCP,4.540778e-05
537,76_1,MVVVVVEGNP,0.00018322327
538,76_2,ICCSNRKVQI,4.717599e-05
539,76_3,FICIVPSFVF,4.5422985e-05
540,76_4,IGFCFCANNG,0.93344295
541,76_5,RGSTEGKGHV,0.0013593212
542,76_6,HMVHFGF,0.9999497
543,77_1,MAGLRMKFVA,4.5139455e-05
544,77_2,VAAMAAALVA,5.298405e-05
545,77_3,SAAAAEAPAP,0.8467566
546,77_4,APASDAAAAV,0.9999492
547,77_5,PLAAASLAAA,0.9916136
548,77_6,AFGYLFC,0.17270468
549,78_1,MRHGTRLLCA,4.529512e-05
550,78_2,LALTLLCMAT,5.3781907e-05
551,78_3,HFQGASCRGG,0.0005334752
552,78_4,GGGGRGGGGG,0.99994123
553,78_5,GGGGGGGRGG,0.9998888
554,78_6,GSGTGGGRSG,0.99972194
555,78_7,RGRSGRPFLG,0.99992514
556,78_8,GVGAGAAAGV,0.9998301
557,78_9,GARTAAGGSH,0.99949884
558,78_10,GHRSVAAGGA,0.99986243
559,78_11,GGPGVWRVAG,6.919068e-05
560,78_12,AGAALTAALL,0.09112643
561,78_13,A,0.00043168827
562,79_1,MRWVMYQLIL,0.99994195
563,79_2,FHKPNKNVKS,0.99983037
564,79_3,EKMDQLIPQT,0.98961335
565,79_4,KHPISYQGET,0.9999429
566,79_5,SCCFHLCLAF,0.00011183305
567,79_6,SKATFKHECF,0.9992021
568,79_7,YILPIPFIIF,6.1770355e-05
569,79_8,PLLTNLVIVN,0.00042330733
570,79_9,HQLKCYLFFA,8.455659e-05
571,79_10,RNEGQHFSLV,0.99994993
572,79_11,KCSN,0.0011018316
573,80_1,MTKRTKKAGI,4.516964e-05
574,80_2,VGKYGTRYGA,5.4298893e-05
575,80_3,SLRKQIKKME,8.9713205e-05
576,80_4,VSQHSKFFCE,0.99967813
577,80_5,FCGKYAVKRK,4.596089e-05
578,80_6,AVGIWGCKDC,7.002966e-05
579,80_7,GKVKAGGAYT,0.5943384
580,80_8,LK,7.292342e-05
