Index,symbol,Sequences,BiP
1,1_1,MRSILSLCLS,1.418683e-05
2,1_2,STWSNGLLSA,0.28585017
3,1_3,IPSMVTCSRL,0.0014362507
4,1_4,DSPFTTKTNN,0.0008864567
5,1_5,PQQQIKFKFM,3.3617684e-07
6,1_6,IMLSFQCGQF,0.0002824105
7,1_7,VSISCSK,0.04254915
8,2_1,MDMKKVTCAL,1.00809575e-05
9,2_2,LIAAASMSAA,0.00030611726
10,2_3,VAAAEAPAPS,0.0021860693
11,2_4,PGPGPSSGAS,0.12005333
12,2_5,APLVGSLIGA,0.013787205
13,2_6,SVLSFFALFQ,0.008202425
14,3_1,MLKGVMLKGV,0.24102569
15,3_2,MLSNLSTIIY,0.000777941
16,3_3,EFAIMCPVLL,2.5304819e-06
17,3_4,SECSLKLLLR,0.91653913
18,3_5,LQIKESGNCY,7.689837e-05
19,3_6,CTTMF,3.911922e-07
20,4_1,MKQETTSDGS,0.00015938308
21,4_2,GTMVLRKCVL,7.1860077e-06
22,4_3,LFWNQRQRCT,8.37592e-07
23,4_4,RWVLFFEGVG,0.018657956
24,4_5,INFVIIFALI,0.061199524
25,4_6,RG,0.8712364
26,5_1,MDMKKITCAL,2.039142e-05
27,5_2,LIAATSVSAA,0.0002011702
28,5_3,VAATEVPASA,0.7295128
29,5_4,PGPGPSSGAS,0.12005333
30,5_5,APLVGSLIGA,0.013787205
31,5_6,SVLSFFALFQ,0.008202425
32,6_1,MRSILSLCLS,1.418683e-05
33,6_2,STWSNGLLSA,0.28585017
34,6_3,IPSMVTCSRL,0.0014362507
35,6_4,DSPFTTKTNN,0.0008864567
36,6_5,PQQQIKFKFM,3.3617684e-07
37,6_6,IMLSFQCGQF,0.0002824105
38,6_7,VSISCSK,0.04254915
39,7_1,MDKANKLSAG,0.0040641716
40,7_2,AGEKATKSRS,0.006866834
41,7_3,HGSTALFVAV,8.000816e-06
42,7_4,DYAFLLAFAG,0.068383954
43,7_5,FLAYLVGSRI,0.15395346
44,7_6,LPSAAGSA,1.1324555e-06
45,8_1,MTKCQKRASI,8.924491e-06
46,8_2,QGLWLLSMVL,0.9905255
47,8_3,LASSSLVCAS,1.0922477e-05
48,8_4,MAVDGQTKED,0.00084299565
49,8_5,INATSVTSMN,0.8465162
50,8_6,MTRSSSASYN,6.7494733e-07
51,8_7,MTGGGGELNR,0.00033202357
52,8_8,GPCVVRSGFY,8.288441e-07
53,8_9,WCQNIGYPTM,0.0035022316
54,8_10,SECLKNCES,0.95326954
55,9_1,MRAQRIMERV,6.211458e-07
56,9_2,QEEQRRWYGV,0.0027059936
57,9_3,KEPGQTNCCS,0.011882455
58,9_4,ARRTSRICLF,8.719087e-06
59,9_5,QSMALLASPQ,0.024998948
60,9_6,GI,0.9999224
61,10_1,MRAQRIMERV,6.211458e-07
62,10_2,QEEQRRWYGV,0.0027059936
63,10_3,KEPGQTNCCS,0.011882455
64,10_4,ARRTSRICLF,8.719087e-06
65,10_5,QSMALLASPQ,0.024998948
66,10_6,GI,0.9999224
67,11_1,MASNISPSAF,4.1245085e-06
68,11_2,DKEQIFGMAE,0.04416367
69,11_3,KEMEYRVELF,0.021547196
70,11_4,NKMTQTCFNK,4.470724e-05
71,11_5,CVDNRYKESE,1.0845191e-05
72,11_6,LNMGENSCID,2.676479e-05
73,11_7,RCVSKYWHVT,2.6840902e-07
74,11_8,NLIGQLLGSG,0.90664953
75,11_9,KPAM,0.005917124
76,12_1,MSKITVLFFT,0.000154954
77,12_2,VLFLCCMITH,0.80690217
78,12_3,STRPQPAFHK,0.013303268
79,12_4,ESLVSTLHQD,0.093207985
80,12_5,AEEVDESCEG,0.9997818
81,12_6,IKEEECLIRR,0.20054893
82,12_7,TLTAHIDYIY,0.00046158847
83,12_8,TQKHNNP,0.00047561195
84,13_1,MASSSYSNSP,4.497805e-07
85,13_2,YDACKFLRRK,0.23481673
86,13_3,CMLDCIFSPY,3.8438678e-08
87,13_4,FPPKEPQKFT,0.9995055
88,13_5,NVHKIFRASF,2.7861931e-06
89,14_1,MLLLDFVHPK,0.8554709
90,14_2,LILQKLVEHL,0.5298909
91,14_3,LKRIEANLRR,0.00016438848
92,14_4,ELYYWHAYYD,0.00052285934
93,14_5,RRLPPGITAL,0.9974554
94,14_6,LKLEEFVAKF,0.43145373
95,14_7,MSMCRKNSGS,4.924923e-07
96,14_8,RKYV,1.958392e-05
97,15_1,MDSSGARRAD,4.462863e-06
98,15_2,LRAKAKAMAE,0.019326089
99,15_3,KPRVLLAACG,0.15446539
100,15_4,SVCAVKFGNV,0.00014173197
101,15_5,CRSFAEWAVV,2.084175e-07
102,15_6,KVVLIKSALR,0.00016928044
103,15_7,FIDEQTLPQD,0.95394087
104,15_8,VTVYRDEKDW,0.123890035
105,15_9,RTWKKLGDPM,5.8788602e-05
106,15_10,LHIELCNWAE,0.00010694945
107,15_11,IMVIAPLSAN,0.17280817
108,15_12,TLSKVINQT,0.035172507
109,16_1,MADIVDEAIT,0.007305029
110,16_2,FFRANVFFKK,4.3055934e-07
111,16_3,FHVKSSADKL,3.6629932e-05
112,16_4,LIYLTFYIHI,8.801743e-05
113,16_5,ALKRLEGCQT,0.88201016
114,16_6,LAVGTKAIIN,1.900585e-05
115,16_7,LGLEKVPVPG,0.99410665
116,16_8,EPGFPFPGLF,0.99882597
117,16_9,TLPQSQEEAE,0.99993193
118,16_10,LLRNYLKQIR,0.99546045
119,16_11,EETSGRLLNC,0.01547465
120,16_12,AYRANGFPNK,9.041065e-05
121,16_13,WWLAFAKRKF,0.857045
122,16_14,MNIVIL,3.0888947e-05
123,17_1,MGAVVTAVIA,8.662026e-06
124,17_2,IAAVVLGWIT,0.05593073
125,17_3,IEMACKPCLE,0.09061164
126,17_4,TGRRAMDRAL,0.00019967582
127,17_5,DPNHDPDSPT,0.33022776
128,17_6,NAGGASANEP,0.002270084
129,17_7,LLADLSASTA,0.8381496
130,17_8,PPAKAI,2.580015e-05
131,18_1,MGGDVHSDDD,0.0001338811
132,18_2,DEEGDEREVD,0.99996245
133,18_3,DGVDDDGDGA,0.7799431
134,18_4,GLQVAELHQV,0.3809357
135,18_5,VAAGELDEQP,0.9999398
136,18_6,RREQHEQHQP,0.0018350343
137,18_7,DHHGAPVRHL,2.1847996e-05
138,18_8,ARSTMNCLPT,8.924306e-05
139,18_9,YWSLWLVRGV,0.99871516
140,18_10,AGAWGSEEDE,0.007004263
141,18_11,GRPGGEGGLL,0.99999976
142,18_12,VWFAGARSRL,0.00042431327
143,19_1,MSKITVLFFT,0.000154954
144,19_2,VLFLCCMITH,0.80690217
145,19_3,STRPQPAFHK,0.013303268
146,19_4,ESLVSTLHQD,0.093207985
147,19_5,AEEVDESCEG,0.9997818
148,19_6,IKEEECLIRR,0.20054893
149,19_7,TLTAHIDYIY,0.00046158847
150,19_8,TQKHNNP,0.00047561195
151,20_1,MTTEPQGSHQ,7.8443874e-05
152,20_2,HGSKRDLPSC,1.7600629e-06
153,20_3,RKNVPGTSFV,0.012008856
154,20_4,SDLRDHIHEF,0.9792793
155,20_5,INASSDEHMT,0.97470134
156,20_6,CFTKTIKKMF,2.3858706e-07
157,20_7,GMSMTVAHKS,0.00018702136
158,20_8,SKAEEAGPA,0.947623
159,21_1,MCSTIYEPPH,8.812008e-07
160,21_2,TTDDQSRHAI,0.0007889374
161,21_3,HPPILVELDG,0.97548693
162,21_4,YIFCVFCVFC,0.0036704317
163,21_5,FLLCFSVLLF,0.013620124
164,21_6,RSVLKFICTT,0.00021337363
165,21_7,GK,6.679374e-05
166,22_1,MCPRWPCTSR,9.9604796e-09
167,22_2,PIRPVVCVSV,6.103568e-05
168,22_3,WVPILVELEG,0.999998
169,22_4,APEELSRLEI,0.99993134
170,23_1,MTATGCIIYA,1.2482172e-06
171,23_2,CWRCDRVAGR,4.9626453e-07
172,23_3,SLPILVELDG,0.9990324
173,23_4,WLLCAHTM,0.5760504
174,24_1,MCGRAFIRRL,4.0436042e-08
175,24_2,FGSVFARGFF,0.0004213676
176,24_3,CSPILVELDG,7.183005e-05
177,24_4,LSDGECRFIT,0.00040082328
178,24_5,LLRF,0.975525
179,25_1,MGGRAGGHYL,3.1208663e-06
180,25_2,SVCVAVVRVS,0.000101858415
181,25_3,SWPILVELDG,0.8914806
182,25_4,SLSIVGLCTI,0.08471014
183,25_5,TCVQRFRRR,1.6992918e-07
184,26_1,MGQSYAKSPD,7.769493e-06
185,26_2,GTVGTARPPY,2.4658195e-06
186,26_3,PRPILVELDG,0.89853925
187,26_4,FFLFLSLLFF,0.7486358
188,26_5,WLSLLFLV,0.99992406
189,27_1,MCPRWPCTSR,9.9604796e-09
190,27_2,PIRPVVCVSV,6.103568e-05
191,27_3,WVPILVELDG,0.99999166
192,27_4,APEELRRLER,0.99990153
193,27_5,SLNSRP,0.00021280069
194,28_1,MCPRWPCTSR,9.9604796e-09
195,28_2,PIRPVVCVSV,6.103568e-05
196,28_3,WLPILVELDG,0.9999839
197,28_4,APEELSRLAR,0.9157532
198,28_5,S,0.994142
199,29_1,MFLVRRVWGF,2.8595618e-08
200,29_2,RGCLIGGRGA,0.000367503
201,29_3,VWPILVELDG,0.9999962
202,29_4,DVNGHKFSVR,0.011330627
203,29_5,GEGEGDATNG,0.012329542
204,29_6,KLTLKFICTT,0.084120445
205,29_7,GK,6.679374e-05
206,30_1,MAQCASSALL,1.10619285e-05
207,30_2,GSSWEGRGFA,0.002117088
208,30_3,ERPILVELDG,0.9887149
209,31_1,MCCGGRVCML,9.195541e-09
210,31_2,CTCLVLVVIA,1.3716817e-06
211,31_3,IGLLFGFGVF,0.9854106
212,31_4,KHGFHKIKDT,0.00034043682
213,31_5,VSFCDSCGGG,0.0016666664
214,31_6,AAGGGRPFIG,0.99611205
215,31_7,YAPPPLF,0.99999607
216,32_1,MATRIIGLSF,1.8793944e-05
217,32_2,FLGFLCIALL,0.6348903
218,32_3,FASGSAQIVC,2.1075188e-05
219,32_4,QQKGICPNTI,0.027786063
220,32_5,ACYNYCLGLG,1.3167843e-06
221,32_6,FQGYGRCDDN,3.309016e-06
222,32_7,GLCCCKKG,1.40140655e-05
223,33_1,MSHSLVSVIL,1.19388815e-05
224,33_2,VKVILAAMII,0.7180823
225,33_3,VLFSHAVRSQ,0.08035659
226,33_4,QICLASCKDT,0.0044301967
227,33_5,PSCDAHCKFI,1.1661036e-06
228,33_6,GYGKGTCFIV,0.00015812712
229,33_7,SPTYSKCCCF,0.00024710537
230,34_1,MIMNTKSKLI,0.0012709716
231,34_2,TLWVLLYFCS,0.024561638
232,34_3,ITNSLAASKK,0.9762758
233,34_4,CNFPAIFNFG,3.579414e-09
234,34_5,DSNSDTGGLS,0.7771875
235,34_6,AAFSSWRVLL,3.9244023e-07
236,34_7,PSPCWSLL,1.062061e-07
237,35_1,MDKARFGLFF,1.101042e-05
238,35_2,MLLILLASRK,0.36717418
239,35_3,PLSMHLRSHR,6.474724e-05
240,35_4,FKGMCLSEHN,0.0022730865
241,35_5,CASVSHLEGF,7.9722944e-05
242,35_6,TGGKCWGFRR,0.0001413546
243,35_7,RCFCSKHC,6.708909e-08
244,36_1,MRSILSLCLS,1.418683e-05
245,36_2,STWSNGLLSA,0.28585017
246,36_3,IPSMVTCSRL,0.0014362507
247,36_4,DSPFTTKTNN,0.0008864567
248,36_5,PQQQIKFKFM,3.3617684e-07
249,36_6,IMLSFQCGQF,0.0002824105
250,36_7,VSISCSK,0.04254915
251,37_1,MRNISNLVLP,5.179226e-06
252,37_2,SLASLGPSFP,0.8226108
253,37_3,GFTWYSICLC,1.3271766e-05
254,37_4,LVHFLLRSFH,0.0008236368
255,37_5,LSFSYIAKEF,1.9855679e-05
256,37_6,KTFVTIGKGG,0.0004529309
257,37_7,IGC,0.0026913136
258,38_1,MIKTVFRNST,0.00010616593
259,38_2,SLLLYIMHAS,0.99861646
260,38_3,FPSVILCVVC,0.007342979
261,38_4,NKVAIKAVIQ,0.00032520972
262,38_5,KCCIYMLCKI,6.4425017e-06
263,38_6,LL,0.999874
264,39_1,MKVAFVAVLL,9.146136e-07
265,39_2,ICLVLSSSLF,0.0027726342
266,39_3,EVSMAGSAFC,0.006942516
267,39_4,SSKCAKRCSR,0.0020048479
268,39_5,AGMKDRCTRF,4.6148027e-05
269,39_6,CGICCSKCRC,2.2111232e-08
270,39_7,VPSGTYGNKH,0.9547156
271,39_8,ECPCYRDMKN,2.0611546e-08
272,39_9,SKGKPKCP,0.016775915
273,40_1,MAAKGNQNTN,0.00018862796
274,40_2,RNTKPNSVIC,0.014219758
275,40_3,ADCDGNDNCL,0.0062752585
276,40_4,LILRAVLCSQ,0.00060200546
277,40_5,CKGSGVNSVD,5.163848e-06
278,40_6,IFNGQFKAGD,0.0007905486
279,40_7,TCWLCGGRKE,4.2039996e-05
280,40_8,MLCGNCNGTG,2.4031116e-05
281,40_9,FVGGFLSTYD,0.005021972
282,40_10,Q,0.5272818
283,41_1,MTKASLFFPC,3.098884e-06
284,41_2,LIILFIVASG,0.0001439146
285,41_3,TTGFANACNF,4.2127765e-05
286,41_4,PCHSPNGCGN,8.695778e-08
287,41_5,LHCPGCVKQC,2.6838296e-09
288,41_6,VNFCCLCDCS,0.00024066008
289,41_7,PPPNGNVS,0.44850203
290,42_1,MKTSSKSIGQ,1.29750415e-05
291,42_2,LYKPLSVMKE,0.7837771
292,42_3,CNHCQMVCNK,2.5645943e-09
293,42_4,FSCNFFVLKL,1.6597643e-05
294,42_5,CQAGKKCKQD,2.9433244e-05
295,42_6,SFIWC,2.8877291e-06
296,43_1,MADTGGGDAV,0.00014810034
297,43_2,RPVVICDNKC,0.070598006
298,43_3,GCTLPCTGGS,6.8227005e-06
299,43_4,TCRCTSAGTA,2.895152e-06
300,43_5,TGGGATGGGD,0.0027975102
301,43_6,HVTCSCGEHC,2.8907378e-08
302,43_7,GCNPCSCPKI,8.473159e-08
303,43_8,AAAGSGCRCG,1.0558956e-05
304,43_9,TDCACASCRT,3.3147232e-06
305,44_1,MHNSGLHISE,7.070534e-07
306,44_2,LCIHNFGMST,3.5559378e-09
307,44_3,LENMFFGLSI,1.8362234e-05
308,44_4,SELCMHNFRM,0.029064264
309,44_5,DNHKCEFFVF,0.0017768287
310,44_6,QIF,0.008450268
311,45_1,MLLRNFFLHP,0.0046072053
312,45_2,CIKLAISNIH,5.27438e-06
313,45_3,PCNVISLSIF,4.471118e-08
314,45_4,ITSTILSRHS,0.7280989
315,45_5,CTQRNYINKI,2.2577346e-06
316,45_6,SVI,0.951426
317,46_1,MNQSGASLSK,9.2806895e-06
318,46_2,SKSKVTKSNK,0.2448896
319,46_3,VRVCIIYCHG,1.6979423e-06
320,46_4,VRPSSTSLTL,0.025525
321,46_5,HCICGISIRR,2.4319224e-10
322,46_6,NP,0.00029035623
323,47_1,MLLLLLLEMS,0.99997985
324,47_2,KFDFHFGYEV,4.0470848e-05
325,47_3,ACHVMNYGLV,1.723854e-07
326,47_4,GELVLLCFWI,0.04485142
327,47_5,LSPCLSFNCC,5.044898e-07
328,47_6,CYSSMC,2.8354916e-07
329,48_1,MARDFLDAHA,7.92211e-05
330,48_2,NEAGLVLHSG,0.9875771
331,48_3,PIFLFLMIVA,0.0015545232
332,48_4,SLSIISMIIF,0.43649596
333,48_5,ACGKKGGGGG,0.000568142
334,48_6,GGGCGGDGGG,0.32068074
335,48_7,GGGDGGGGDG,0.967124
336,48_8,GGGDGGGGGG,0.99999964
337,48_9,GGCGGGGGGG,0.9997868
338,48_10,GC,0.0001693221
339,49_1,MQGKTDANAI,3.979126e-05
340,49_2,IRLRPSRRRH,0.0003132501
341,49_3,QDSCQCPFFF,1.3917593e-06
342,49_4,HISEFHSCAS,2.6586983e-07
343,49_5,SPLLIHTCWI,0.18788534
344,49_6,FCGTSIG,1.4088863e-06
345,50_1,MCLDIICGPA,2.3768007e-06
346,50_2,AAKIHRPLST,4.261133e-05
347,50_3,CLRCFHHLLG,2.051481e-05
348,50_4,CWLTFEQHGQ,9.271994e-06
349,50_5,FLLYTGCPLQ,0.7225811
350,50_6,LYLTRLL,0.08229128
351,51_1,MSALFNFHSF,3.4315974e-05
352,51_2,LTVILLGICA,0.00020207741
353,51_3,CTYFKMQFPA,4.1026464e-08
354,51_4,ILDQKTGFRG,0.4321262
355,51_5,FFWKAARIGR,1.2525803e-05
356,51_6,CLLFSLFI,0.004122839
357,52_1,MLKGVMLKGV,0.24102569
358,52_2,MLSNLSTIIY,0.000777941
359,52_3,EFAIMCPVLL,2.5304819e-06
360,52_4,SECSLKLLLR,0.91653913
361,52_5,LQIKESGNCY,7.689837e-05
362,52_6,CTTMF,3.911922e-07
363,53_1,MFGVRSRALA,9.043589e-09
364,53_2,PSLSKSHGCC,1.30571525e-05
365,53_3,SASSNVSAFL,0.0051098517
366,53_4,TSNHCTWGGG,7.928e-06
367,53_5,GHARSCCSDM,2.8945172e-08
368,53_6,FTSHLTWVSF,7.167391e-05
369,53_7,VVHLLLHGTT,0.9999994
370,54_1,MKFGGCSCLG,3.0353956e-08
371,54_2,TGSVGLGDTT,0.012430861
372,54_3,ILGGGGAYWF,0.47736618
373,54_4,GCGRSRWRLV,8.389742e-07
374,54_5,VERRWDWWWY,7.51332e-05
375,54_6,LCRRWRFGRE,3.3079873e-06
376,54_7,CGGYGGC,1.4347831e-06
377,55_1,MVNHISNCSL,2.7179915e-06
378,55_2,LFVMLALTIT,7.4812335e-05
379,55_3,GLIEVKGNTC,0.2586296
380,55_4,SQPLGGCGPM,0.76360875
381,55_5,GQCDQRCKAL,5.0782916e-07
382,55_6,HIDGQGSCDL,3.8655762e-07
383,55_7,GLCTCYYGCA,6.113594e-06
384,55_8,DPPPSPTPPK,0.93789196
385,55_9,MCNNGLGVCS,9.373555e-07
386,55_10,VQCGDACCNA,7.040363e-05
387,55_11,KCASKYNQGT,8.750742e-05
388,55_12,GMCSTIGNNN,7.1572285e-06
389,55_13,LCTCQYRCG,4.4695742e-08
390,56_1,MSHSLVSVIL,1.19388815e-05
391,56_2,VKVILAAMII,0.7180823
392,56_3,VLFSHAVRSQ,0.08035659
393,56_4,QICLASCKDT,0.0044301967
394,56_5,PSCDAHCKFI,1.1661036e-06
395,56_6,GYGKGTCFIV,0.00015812712
396,56_7,SPTYSKCCCF,0.00024710537
397,57_1,MRSILSLCLS,1.418683e-05
398,57_2,STWSNGLLSA,0.28585017
399,57_3,IPSMVTCSRL,0.0014362507
400,57_4,DSPFTTKTNN,0.0008864567
401,57_5,PQQQIKFKFM,3.3617684e-07
402,57_6,IMLSFQCGQF,0.0002824105
403,57_7,VSISCSK,0.04254915
404,58_1,MRNISNLVLP,5.179226e-06
405,58_2,SLASLGPSFP,0.8226108
406,58_3,GFTWYSICLC,1.3271766e-05
407,58_4,LVHFLLRSFH,0.0008236368
408,58_5,LSFSYIAKEF,1.9855679e-05
409,58_6,KTFVTIGKGG,0.0004529309
410,58_7,IGC,0.0026913136
411,59_1,MLGSTGLGIV,0.013219139
412,59_2,IAAGVFGAAA,0.07535412
413,59_3,SLLLAYFFWQ,0.52784723
414,59_4,CTGKGKGGRR,1.2085338e-06
415,59_5,RHRRGTSESG,9.141856e-05
416,59_6,GGEDGSWWTE,0.017447094
417,59_7,RLRAAHNRLV,0.00019140466
418,59_8,PVSLF,0.0002857268
419,60_1,MTKASLFFPC,3.098884e-06
420,60_2,LIILFIVASG,0.0001439146
421,60_3,TTGFANACNF,4.2127765e-05
422,60_4,PCHSPNGCGN,8.695778e-08
423,60_5,LHCPGCVKQC,2.6838296e-09
424,60_6,VNFCCLCDCS,0.00024066008
425,60_7,PPPNGNVS,0.44850203
426,61_1,MSCSSGKCDC,1.202478e-07
427,61_2,GSSCSCGSSC,2.2573413e-05
428,61_3,NCMSPNVETA,8.328357e-06
429,61_4,AASSIKTTVL,0.0003266241
430,61_5,AAPTTKASAG,5.5871707e-05
431,61_6,GFEAATEGGG,0.043848306
432,61_7,CDCNTCNCGT,8.959072e-08
433,61_8,SCGCSCCSCN,4.0666796e-06
434,62_1,MQGKTDANAI,3.979126e-05
435,62_2,IRLRPSRRRH,0.0003132501
436,62_3,QDSCQCPFFF,1.3917593e-06
437,62_4,HISEFHSCAS,2.6586983e-07
438,62_5,SPLLIHTCWI,0.18788534
439,62_6,FCGTSIG,1.4088863e-06
440,63_1,MDKANKLSAG,0.0040641716
441,63_2,AGEKATKSRS,0.006866834
442,63_3,HGSTALFVAV,8.000816e-06
443,63_4,DYAFLLAFAG,0.068383954
444,63_5,FLAYLVGSRI,0.15395346
445,63_6,LPSAAGSA,1.1324555e-06
446,64_1,MSALFNFHSF,3.4315974e-05
447,64_2,LTVILLGICA,0.00020207741
448,64_3,CTYFKMQFPA,4.1026464e-08
449,64_4,ILDQKTGFRG,0.4321262
450,64_5,FFWKAARIGR,1.2525803e-05
451,64_6,CLLFSLFI,0.004122839
452,65_1,MVNHISNCSL,2.7179915e-06
453,65_2,LFVMLALTIT,7.4812335e-05
454,65_3,GLIEVKGNTC,0.2586296
455,65_4,SQPLGGCGPM,0.76360875
456,65_5,GQCDQRCKAL,5.0782916e-07
457,65_6,HIDGQGSCDL,3.8655762e-07
458,65_7,GLCTCYYGCA,6.113594e-06
459,65_8,DPPPSPTPPK,0.93789196
460,65_9,MCNNGLGVCS,9.373555e-07
461,65_10,VQCGDACCNA,7.040363e-05
462,65_11,KCASKYNQGT,8.750742e-05
463,65_12,GMCSTIGNNN,7.1572285e-06
464,65_13,LCTCQYRCG,4.4695742e-08
465,66_1,MVVVVVEGNP,0.032344107
466,66_2,ICCSNRKVQI,3.2996108e-05
467,66_3,FICIVPSFVF,0.00019948534
468,66_4,IGFCFCANNG,0.0009217827
469,66_5,RGSTGKALQI,0.033285707
470,66_6,IGTFFFF,0.40107596
471,67_1,MTSCSFSCII,2.6888452e-07
472,67_2,SNNNALLRSS,0.98243505
473,67_3,ATLVVFTFGV,2.9235021e-05
474,67_4,VPRSCSSFSS,0.0004970041
475,67_5,GCNVRVCHLP,5.2347296e-08
476,67_6,QSLPLVG,0.54887646
477,68_1,MGGLSTKLFV,0.001073896
478,68_2,VLLLLVCYTG,0.99993837
479,68_3,TQGGPVTMVS,0.15860035
480,68_4,ARKCESQSFR,3.6048856e-05
481,68_5,FKGPCSRDAN,0.00014417914
482,68_6,CANVCLTEGF,2.9695207e-06
483,68_7,TGGVCKGLRH,0.0011786608
484,68_8,RCFCTRDC,8.411423e-08
485,69_1,MSAQGKRRYD,1.51903e-06
486,69_2,RKQSGHGGQT,2.8170254e-05
487,69_3,KPVFHKKAKT,0.041675672
488,69_4,TKKIVLKLQC,0.0026917895
489,69_5,QSCKHYSQHA,3.9983433e-06
490,69_6,IKRCKHFEIG,0.006606515
491,69_7,GDKNGKGTSL,0.004195553
492,69_8,F,0.99991894
493,70_1,MYQLGEFKLH,0.24320552
494,70_2,FYLCILTLTF,0.04046641
495,70_3,ILLCFLFLCS,0.52090967
496,70_4,TCCFCVLQFW,2.1951726e-07
497,70_5,LGWGLLTGFH,0.7990763
498,70_6,ITIDCFCNNL,0.1348521
499,70_7,LHWKNFSCA,3.1134054e-08
500,71_1,MRDNFFVKKG,1.3654483e-06
501,71_2,TLFHVSGREG,0.0004886183
502,71_3,RVPLQTIRAK,0.02034767
503,71_4,IDYCCYTVRA,0.00038492953
504,71_5,IYGILGIKVW,0.016298303
505,71_6,IFSK,0.0010053378
506,72_1,MPMSWALTVS,9.732152e-06
507,72_2,VVDTVFAALA,0.83013815
508,72_3,AWVSACLSAA,5.080635e-06
509,72_4,TAVTRSPRTG,1.5469572e-05
510,72_5,VMGRFAFLLS,0.00013561425
511,72_6,A,0.9933246
512,73_1,MSSCFTMRLV,2.2121785e-07
513,73_2,ISMSFSLGIN,0.02102057
514,73_3,SFKKAISATE,0.010395591
515,73_4,TKCHSTIGVM,1.206842e-05
516,73_5,KKSRKLLLDA,0.0062307334
517,73_6,KKNGTITT,0.0010433557
518,74_1,MTHLICLIYL,4.8840016e-06
519,74_2,KCSCLHVQTL,5.454952e-05
520,74_3,LNVISPILYN,1.1536965e-07
521,74_4,IGLNTKIIFI,0.74383366
522,74_5,IFYIRFQIRV,1.4142602e-06
523,74_6,S,0.994142
524,75_1,MASRNKAAAL,1.3042442e-05
525,75_2,LLCFLFLAAV,0.00080381206
526,75_3,AASAAEMIAG,0.00523302
527,75_4,SGIGDGEGEE,0.99708694
528,75_5,LDKGGGGGGG,0.99369377
529,75_6,HHKHEGYKNK,6.639057e-06
530,75_7,DGKGNLKPSQ,0.9982382
531,75_8,CGGECRRRCS,1.5058927e-06
532,75_9,KTHHKKPCLF,0.00026097026
533,75_10,FCNKCCAKCL,7.6167606e-07
534,75_11,CVPPGTYGNK,4.4598193e-05
535,75_12,ETCPCYNNWK,3.6797363e-07
536,75_13,TKKGGPKCP,0.0021704775
537,76_1,MVVVVVEGNP,0.032344107
538,76_2,ICCSNRKVQI,3.2996108e-05
539,76_3,FICIVPSFVF,0.00019948534
540,76_4,IGFCFCANNG,0.0009217827
541,76_5,RGSTEGKGHV,0.49343777
542,76_6,HMVHFGF,1.0783211e-07
543,77_1,MAGLRMKFVA,4.9686238e-05
544,77_2,VAAMAAALVA,0.0064781676
545,77_3,SAAAAEAPAP,0.0010841767
546,77_4,APASDAAAAV,0.00027087555
547,77_5,PLAAASLAAA,4.4468707e-05
548,77_6,AFGYLFC,4.324484e-06
549,78_1,MRHGTRLLCA,1.8681103e-06
550,78_2,LALTLLCMAT,0.3408724
551,78_3,HFQGASCRGG,1.4636244e-09
552,78_4,GGGGRGGGGG,1.0
553,78_5,GGGGGGGRGG,1.0
554,78_6,GSGTGGGRSG,0.0088163335
555,78_7,RGRSGRPFLG,0.9412465
556,78_8,GVGAGAAAGV,3.90236e-06
557,78_9,GARTAAGGSH,1.1723989e-05
558,78_10,GHRSVAAGGA,3.1901473e-06
559,78_11,GGPGVWRVAG,0.0006848801
560,78_12,AGAALTAALL,0.0004886469
561,78_13,A,0.9933246
562,79_1,MRWVMYQLIL,8.665526e-07
563,79_2,FHKPNKNVKS,0.4049283
564,79_3,EKMDQLIPQT,0.0008630019
565,79_4,KHPISYQGET,0.00070785143
566,79_5,SCCFHLCLAF,1.3808891e-06
567,79_6,SKATFKHECF,0.020986646
568,79_7,YILPIPFIIF,0.999858
569,79_8,PLLTNLVIVN,0.15456548
570,79_9,HQLKCYLFFA,1.0993172e-05
571,79_10,RNEGQHFSLV,0.01313974
572,79_11,KCSN,8.114967e-05
573,80_1,MTKRTKKAGI,8.501247e-06
574,80_2,VGKYGTRYGA,0.011199708
575,80_3,SLRKQIKKME,0.9957694
576,80_4,VSQHSKFFCE,0.0002632052
577,80_5,FCGKYAVKRK,1.1577067e-06
578,80_6,AVGIWGCKDC,7.0634023e-06
579,80_7,GKVKAGGAYT,2.7481897e-06
580,80_8,LK,0.0028459015
