Index,symbol,Sequences,AIP
1,1_1,MRSILSLCLS,0.49754488
2,1_2,STWSNGLLSA,0.43136463
3,1_3,IPSMVTCSRL,0.4311758
4,1_4,DSPFTTKTNN,0.4446541
5,1_5,PQQQIKFKFM,0.5252684
6,1_6,IMLSFQCGQF,0.41829973
7,1_7,VSISCSK,0.3970075
8,2_1,MDMKKVTCAL,0.4584315
9,2_2,LIAAASMSAA,0.44620606
10,2_3,VAAAEAPAPS,0.39891833
11,2_4,PGPGPSSGAS,0.45341885
12,2_5,APLVGSLIGA,0.45683894
13,2_6,SVLSFFALFQ,0.41402563
14,3_1,MLKGVMLKGV,0.46926284
15,3_2,MLSNLSTIIY,0.4434869
16,3_3,EFAIMCPVLL,0.4735431
17,3_4,SECSLKLLLR,0.45589206
18,3_5,LQIKESGNCY,0.48398596
19,3_6,CTTMF,0.43538043
20,4_1,MKQETTSDGS,0.44621372
21,4_2,GTMVLRKCVL,0.44568816
22,4_3,LFWNQRQRCT,0.45570555
23,4_4,RWVLFFEGVG,0.48788518
24,4_5,INFVIIFALI,0.43549034
25,4_6,RG,0.415349
26,5_1,MDMKKITCAL,0.46751928
27,5_2,LIAATSVSAA,0.43570313
28,5_3,VAATEVPASA,0.40396476
29,5_4,PGPGPSSGAS,0.45341885
30,5_5,APLVGSLIGA,0.45683894
31,5_6,SVLSFFALFQ,0.41402563
32,6_1,MRSILSLCLS,0.49754488
33,6_2,STWSNGLLSA,0.43136463
34,6_3,IPSMVTCSRL,0.4311758
35,6_4,DSPFTTKTNN,0.4446541
36,6_5,PQQQIKFKFM,0.5252684
37,6_6,IMLSFQCGQF,0.41829973
38,6_7,VSISCSK,0.3970075
39,7_1,MDKANKLSAG,0.4610705
40,7_2,AGEKATKSRS,0.44349918
41,7_3,HGSTALFVAV,0.40456638
42,7_4,DYAFLLAFAG,0.47698092
43,7_5,FLAYLVGSRI,0.44683707
44,7_6,LPSAAGSA,0.4328757
45,8_1,MTKCQKRASI,0.48135492
46,8_2,QGLWLLSMVL,0.4808255
47,8_3,LASSSLVCAS,0.42636567
48,8_4,MAVDGQTKED,0.41992638
49,8_5,INATSVTSMN,0.40746772
50,8_6,MTRSSSASYN,0.45692644
51,8_7,MTGGGGELNR,0.442584
52,8_8,GPCVVRSGFY,0.40554276
53,8_9,WCQNIGYPTM,0.46029958
54,8_10,SECLKNCES,0.43798813
55,9_1,MRAQRIMERV,0.47247794
56,9_2,QEEQRRWYGV,0.49704492
57,9_3,KEPGQTNCCS,0.4815734
58,9_4,ARRTSRICLF,0.4969438
59,9_5,QSMALLASPQ,0.4760558
60,9_6,GI,0.38025013
61,10_1,MRAQRIMERV,0.47247794
62,10_2,QEEQRRWYGV,0.49704492
63,10_3,KEPGQTNCCS,0.4815734
64,10_4,ARRTSRICLF,0.4969438
65,10_5,QSMALLASPQ,0.4760558
66,10_6,GI,0.38025013
67,11_1,MASNISPSAF,0.42069137
68,11_2,DKEQIFGMAE,0.47726163
69,11_3,KEMEYRVELF,0.47328582
70,11_4,NKMTQTCFNK,0.4404218
71,11_5,CVDNRYKESE,0.3997938
72,11_6,LNMGENSCID,0.4433714
73,11_7,RCVSKYWHVT,0.46994066
74,11_8,NLIGQLLGSG,0.42866436
75,11_9,KPAM,0.4503374
76,12_1,MSKITVLFFT,0.47955698
77,12_2,VLFLCCMITH,0.42141068
78,12_3,STRPQPAFHK,0.4651697
79,12_4,ESLVSTLHQD,0.4697861
80,12_5,AEEVDESCEG,0.47538805
81,12_6,IKEEECLIRR,0.48818636
82,12_7,TLTAHIDYIY,0.46101168
83,12_8,TQKHNNP,0.43716532
84,13_1,MASSSYSNSP,0.42594758
85,13_2,YDACKFLRRK,0.46778825
86,13_3,CMLDCIFSPY,0.41794994
87,13_4,FPPKEPQKFT,0.47862437
88,13_5,NVHKIFRASF,0.39270264
89,14_1,MLLLDFVHPK,0.47378927
90,14_2,LILQKLVEHL,0.4724872
91,14_3,LKRIEANLRR,0.5144859
92,14_4,ELYYWHAYYD,0.5007589
93,14_5,RRLPPGITAL,0.47435588
94,14_6,LKLEEFVAKF,0.4689341
95,14_7,MSMCRKNSGS,0.45613673
96,14_8,RKYV,0.48492953
97,15_1,MDSSGARRAD,0.42366382
98,15_2,LRAKAKAMAE,0.487007
99,15_3,KPRVLLAACG,0.5020625
100,15_4,SVCAVKFGNV,0.38795653
101,15_5,CRSFAEWAVV,0.4508262
102,15_6,KVVLIKSALR,0.44462848
103,15_7,FIDEQTLPQD,0.45286703
104,15_8,VTVYRDEKDW,0.421791
105,15_9,RTWKKLGDPM,0.49161693
106,15_10,LHIELCNWAE,0.4515524
107,15_11,IMVIAPLSAN,0.4407413
108,15_12,TLSKVINQT,0.44794852
109,16_1,MADIVDEAIT,0.43754447
110,16_2,FFRANVFFKK,0.4660574
111,16_3,FHVKSSADKL,0.38709474
112,16_4,LIYLTFYIHI,0.49343342
113,16_5,ALKRLEGCQT,0.47570962
114,16_6,LAVGTKAIIN,0.43992907
115,16_7,LGLEKVPVPG,0.46272847
116,16_8,EPGFPFPGLF,0.46586463
117,16_9,TLPQSQEEAE,0.45755163
118,16_10,LLRNYLKQIR,0.48176578
119,16_11,EETSGRLLNC,0.4786234
120,16_12,AYRANGFPNK,0.4654703
121,16_13,WWLAFAKRKF,0.4795482
122,16_14,MNIVIL,0.45853922
123,17_1,MGAVVTAVIA,0.43547803
124,17_2,IAAVVLGWIT,0.4302977
125,17_3,IEMACKPCLE,0.44807273
126,17_4,TGRRAMDRAL,0.4670558
127,17_5,DPNHDPDSPT,0.4023581
128,17_6,NAGGASANEP,0.41232026
129,17_7,LLADLSASTA,0.4288111
130,17_8,PPAKAI,0.47898698
131,18_1,MGGDVHSDDD,0.39733282
132,18_2,DEEGDEREVD,0.45734832
133,18_3,DGVDDDGDGA,0.39618424
134,18_4,GLQVAELHQV,0.45411226
135,18_5,VAAGELDEQP,0.39603516
136,18_6,RREQHEQHQP,0.49661136
137,18_7,DHHGAPVRHL,0.4030257
138,18_8,ARSTMNCLPT,0.46329948
139,18_9,YWSLWLVRGV,0.476395
140,18_10,AGAWGSEEDE,0.42180678
141,18_11,GRPGGEGGLL,0.44059026
142,18_12,VWFAGARSRL,0.41786066
143,19_1,MSKITVLFFT,0.47955698
144,19_2,VLFLCCMITH,0.42141068
145,19_3,STRPQPAFHK,0.4651697
146,19_4,ESLVSTLHQD,0.4697861
147,19_5,AEEVDESCEG,0.47538805
148,19_6,IKEEECLIRR,0.48818636
149,19_7,TLTAHIDYIY,0.46101168
150,19_8,TQKHNNP,0.43716532
151,20_1,MTTEPQGSHQ,0.4519204
152,20_2,HGSKRDLPSC,0.3989515
153,20_3,RKNVPGTSFV,0.47305167
154,20_4,SDLRDHIHEF,0.4340013
155,20_5,INASSDEHMT,0.40604272
156,20_6,CFTKTIKKMF,0.44522765
157,20_7,GMSMTVAHKS,0.42032194
158,20_8,SKAEEAGPA,0.43128026
159,21_1,MCSTIYEPPH,0.46375477
160,21_2,TTDDQSRHAI,0.4459018
161,21_3,HPPILVELDG,0.44344962
162,21_4,YIFCVFCVFC,0.46236342
163,21_5,FLLCFSVLLF,0.45239317
164,21_6,RSVLKFICTT,0.49850252
165,21_7,GK,0.37611005
166,22_1,MCPRWPCTSR,0.4533027
167,22_2,PIRPVVCVSV,0.47614735
168,22_3,WVPILVELEG,0.48387456
169,22_4,APEELSRLEI,0.46565607
170,23_1,MTATGCIIYA,0.46285918
171,23_2,CWRCDRVAGR,0.47288558
172,23_3,SLPILVELDG,0.4711147
173,23_4,WLLCAHTM,0.47224888
174,24_1,MCGRAFIRRL,0.4540309
175,24_2,FGSVFARGFF,0.42134723
176,24_3,CSPILVELDG,0.47154197
177,24_4,LSDGECRFIT,0.45675674
178,24_5,LLRF,0.45594484
179,25_1,MGGRAGGHYL,0.44761693
180,25_2,SVCVAVVRVS,0.40402043
181,25_3,SWPILVELDG,0.47537324
182,25_4,SLSIVGLCTI,0.4385276
183,25_5,TCVQRFRRR,0.4509609
184,26_1,MGQSYAKSPD,0.44616145
185,26_2,GTVGTARPPY,0.3925839
186,26_3,PRPILVELDG,0.5383691
187,26_4,FFLFLSLLFF,0.45142254
188,26_5,WLSLLFLV,0.48602384
189,27_1,MCPRWPCTSR,0.4533027
190,27_2,PIRPVVCVSV,0.47614735
191,27_3,WVPILVELDG,0.4819233
192,27_4,APEELRRLER,0.47633955
193,27_5,SLNSRP,0.42300847
194,28_1,MCPRWPCTSR,0.4533027
195,28_2,PIRPVVCVSV,0.47614735
196,28_3,WLPILVELDG,0.49877194
197,28_4,APEELSRLAR,0.46713638
198,28_5,S,0.36798602
199,29_1,MFLVRRVWGF,0.4847409
200,29_2,RGCLIGGRGA,0.48603413
201,29_3,VWPILVELDG,0.45458707
202,29_4,DVNGHKFSVR,0.4089169
203,29_5,GEGEGDATNG,0.4212542
204,29_6,KLTLKFICTT,0.5004287
205,29_7,GK,0.37611005
206,30_1,MAQCASSALL,0.45527482
207,30_2,GSSWEGRGFA,0.4135329
208,30_3,ERPILVELDG,0.52906203
209,31_1,MCCGGRVCML,0.43155512
210,31_2,CTCLVLVVIA,0.44196057
211,31_3,IGLLFGFGVF,0.4376706
212,31_4,KHGFHKIKDT,0.45310953
213,31_5,VSFCDSCGGG,0.382091
214,31_6,AAGGGRPFIG,0.44164032
215,31_7,YAPPPLF,0.43912837
216,32_1,MATRIIGLSF,0.46524915
217,32_2,FLGFLCIALL,0.44275925
218,32_3,FASGSAQIVC,0.426446
219,32_4,QQKGICPNTI,0.48158512
220,32_5,ACYNYCLGLG,0.4202172
221,32_6,FQGYGRCDDN,0.42874655
222,32_7,GLCCCKKG,0.4007958
223,33_1,MSHSLVSVIL,0.43562564
224,33_2,VKVILAAMII,0.43505713
225,33_3,VLFSHAVRSQ,0.39791876
226,33_4,QICLASCKDT,0.482361
227,33_5,PSCDAHCKFI,0.4475578
228,33_6,GYGKGTCFIV,0.41762584
229,33_7,SPTYSKCCCF,0.4406309
230,34_1,MIMNTKSKLI,0.45323122
231,34_2,TLWVLLYFCS,0.48420453
232,34_3,ITNSLAASKK,0.43443096
233,34_4,CNFPAIFNFG,0.4174
234,34_5,DSNSDTGGLS,0.40599284
235,34_6,AAFSSWRVLL,0.4373866
236,34_7,PSPCWSLL,0.4943131
237,35_1,MDKARFGLFF,0.4781541
238,35_2,MLLILLASRK,0.48634169
239,35_3,PLSMHLRSHR,0.49158922
240,35_4,FKGMCLSEHN,0.43527168
241,35_5,CASVSHLEGF,0.41202718
242,35_6,TGGKCWGFRR,0.4509922
243,35_7,RCFCSKHC,0.46597087
244,36_1,MRSILSLCLS,0.49754488
245,36_2,STWSNGLLSA,0.43136463
246,36_3,IPSMVTCSRL,0.4311758
247,36_4,DSPFTTKTNN,0.4446541
248,36_5,PQQQIKFKFM,0.5252684
249,36_6,IMLSFQCGQF,0.41829973
250,36_7,VSISCSK,0.3970075
251,37_1,MRNISNLVLP,0.47712773
252,37_2,SLASLGPSFP,0.41445392
253,37_3,GFTWYSICLC,0.42681736
254,37_4,LVHFLLRSFH,0.44371605
255,37_5,LSFSYIAKEF,0.4601713
256,37_6,KTFVTIGKGG,0.4730123
257,37_7,IGC,0.37060928
258,38_1,MIKTVFRNST,0.487058
259,38_2,SLLLYIMHAS,0.46761936
260,38_3,FPSVILCVVC,0.44894162
261,38_4,NKVAIKAVIQ,0.4347923
262,38_5,KCCIYMLCKI,0.48516467
263,38_6,LL,0.40045118
264,39_1,MKVAFVAVLL,0.45717964
265,39_2,ICLVLSSSLF,0.43996266
266,39_3,EVSMAGSAFC,0.4380702
267,39_4,SSKCAKRCSR,0.4515762
268,39_5,AGMKDRCTRF,0.43178222
269,39_6,CGICCSKCRC,0.43744117
270,39_7,VPSGTYGNKH,0.40377042
271,39_8,ECPCYRDMKN,0.49773636
272,39_9,SKGKPKCP,0.43120727
273,40_1,MAAKGNQNTN,0.42927742
274,40_2,RNTKPNSVIC,0.4650682
275,40_3,ADCDGNDNCL,0.4076858
276,40_4,LILRAVLCSQ,0.4757993
277,40_5,CKGSGVNSVD,0.41380963
278,40_6,IFNGQFKAGD,0.43165663
279,40_7,TCWLCGGRKE,0.45010954
280,40_8,MLCGNCNGTG,0.4154034
281,40_9,FVGGFLSTYD,0.40438712
282,40_10,Q,0.39997682
283,41_1,MTKASLFFPC,0.47730386
284,41_2,LIILFIVASG,0.4786129
285,41_3,TTGFANACNF,0.4608067
286,41_4,PCHSPNGCGN,0.44836903
287,41_5,LHCPGCVKQC,0.4038236
288,41_6,VNFCCLCDCS,0.37360704
289,41_7,PPPNGNVS,0.4666269
290,42_1,MKTSSKSIGQ,0.46502116
291,42_2,LYKPLSVMKE,0.46875244
292,42_3,CNHCQMVCNK,0.42851973
293,42_4,FSCNFFVLKL,0.41798535
294,42_5,CQAGKKCKQD,0.44516352
295,42_6,SFIWC,0.42471203
296,43_1,MADTGGGDAV,0.42923683
297,43_2,RPVVICDNKC,0.48448244
298,43_3,GCTLPCTGGS,0.39748
299,43_4,TCRCTSAGTA,0.4529519
300,43_5,TGGGATGGGD,0.42942533
301,43_6,HVTCSCGEHC,0.36121112
302,43_7,GCNPCSCPKI,0.35954544
303,43_8,AAAGSGCRCG,0.3997837
304,43_9,TDCACASCRT,0.43296033
305,44_1,MHNSGLHISE,0.41021678
306,44_2,LCIHNFGMST,0.4303342
307,44_3,LENMFFGLSI,0.47550607
308,44_4,SELCMHNFRM,0.4605609
309,44_5,DNHKCEFFVF,0.41275352
310,44_6,QIF,0.41864184
311,45_1,MLLRNFFLHP,0.45732632
312,45_2,CIKLAISNIH,0.4904179
313,45_3,PCNVISLSIF,0.46528992
314,45_4,ITSTILSRHS,0.4550676
315,45_5,CTQRNYINKI,0.46360758
316,45_6,SVI,0.3610314
317,46_1,MNQSGASLSK,0.43266824
318,46_2,SKSKVTKSNK,0.43170738
319,46_3,VRVCIIYCHG,0.4367152
320,46_4,VRPSSTSLTL,0.42873865
321,46_5,HCICGISIRR,0.4225879
322,46_6,NP,0.3674539
323,47_1,MLLLLLLEMS,0.47548425
324,47_2,KFDFHFGYEV,0.46515006
325,47_3,ACHVMNYGLV,0.42040685
326,47_4,GELVLLCFWI,0.4446133
327,47_5,LSPCLSFNCC,0.4600362
328,47_6,CYSSMC,0.43350825
329,48_1,MARDFLDAHA,0.4408008
330,48_2,NEAGLVLHSG,0.43502095
331,48_3,PIFLFLMIVA,0.5235442
332,48_4,SLSIISMIIF,0.45700198
333,48_5,ACGKKGGGGG,0.42601246
334,48_6,GGGCGGDGGG,0.3926393
335,48_7,GGGDGGGGDG,0.3812186
336,48_8,GGGDGGGGGG,0.38109165
337,48_9,GGCGGGGGGG,0.37629667
338,48_10,GC,0.35839072
339,49_1,MQGKTDANAI,0.45168057
340,49_2,IRLRPSRRRH,0.44677863
341,49_3,QDSCQCPFFF,0.47920993
342,49_4,HISEFHSCAS,0.40171582
343,49_5,SPLLIHTCWI,0.45887762
344,49_6,FCGTSIG,0.4219406
345,50_1,MCLDIICGPA,0.42269477
346,50_2,AAKIHRPLST,0.4636991
347,50_3,CLRCFHHLLG,0.4720376
348,50_4,CWLTFEQHGQ,0.46965346
349,50_5,FLLYTGCPLQ,0.43050992
350,50_6,LYLTRLL,0.48088413
351,51_1,MSALFNFHSF,0.4550489
352,51_2,LTVILLGICA,0.47723848
353,51_3,CTYFKMQFPA,0.47705632
354,51_4,ILDQKTGFRG,0.45690364
355,51_5,FFWKAARIGR,0.4659097
356,51_6,CLLFSLFI,0.46038383
357,52_1,MLKGVMLKGV,0.46926284
358,52_2,MLSNLSTIIY,0.4434869
359,52_3,EFAIMCPVLL,0.4735431
360,52_4,SECSLKLLLR,0.45589206
361,52_5,LQIKESGNCY,0.48398596
362,52_6,CTTMF,0.43538043
363,53_1,MFGVRSRALA,0.4482372
364,53_2,PSLSKSHGCC,0.45406315
365,53_3,SASSNVSAFL,0.38571775
366,53_4,TSNHCTWGGG,0.39366668
367,53_5,GHARSCCSDM,0.3731305
368,53_6,FTSHLTWVSF,0.4138263
369,53_7,VVHLLLHGTT,0.38042864
370,54_1,MKFGGCSCLG,0.4494704
371,54_2,TGSVGLGDTT,0.42451552
372,54_3,ILGGGGAYWF,0.44160894
373,54_4,GCGRSRWRLV,0.4043137
374,54_5,VERRWDWWWY,0.4497452
375,54_6,LCRRWRFGRE,0.4639296
376,54_7,CGGYGGC,0.4122991
377,55_1,MVNHISNCSL,0.39964616
378,55_2,LFVMLALTIT,0.45539623
379,55_3,GLIEVKGNTC,0.42982423
380,55_4,SQPLGGCGPM,0.44159028
381,55_5,GQCDQRCKAL,0.423671
382,55_6,HIDGQGSCDL,0.4065717
383,55_7,GLCTCYYGCA,0.39513105
384,55_8,DPPPSPTPPK,0.43424222
385,55_9,MCNNGLGVCS,0.4084039
386,55_10,VQCGDACCNA,0.39124373
387,55_11,KCASKYNQGT,0.45420605
388,55_12,GMCSTIGNNN,0.39501804
389,55_13,LCTCQYRCG,0.4642416
390,56_1,MSHSLVSVIL,0.43562564
391,56_2,VKVILAAMII,0.43505713
392,56_3,VLFSHAVRSQ,0.39791876
393,56_4,QICLASCKDT,0.482361
394,56_5,PSCDAHCKFI,0.4475578
395,56_6,GYGKGTCFIV,0.41762584
396,56_7,SPTYSKCCCF,0.4406309
397,57_1,MRSILSLCLS,0.49754488
398,57_2,STWSNGLLSA,0.43136463
399,57_3,IPSMVTCSRL,0.4311758
400,57_4,DSPFTTKTNN,0.4446541
401,57_5,PQQQIKFKFM,0.5252684
402,57_6,IMLSFQCGQF,0.41829973
403,57_7,VSISCSK,0.3970075
404,58_1,MRNISNLVLP,0.47712773
405,58_2,SLASLGPSFP,0.41445392
406,58_3,GFTWYSICLC,0.42681736
407,58_4,LVHFLLRSFH,0.44371605
408,58_5,LSFSYIAKEF,0.4601713
409,58_6,KTFVTIGKGG,0.4730123
410,58_7,IGC,0.37060928
411,59_1,MLGSTGLGIV,0.42998755
412,59_2,IAAGVFGAAA,0.39919475
413,59_3,SLLLAYFFWQ,0.4763422
414,59_4,CTGKGKGGRR,0.42615452
415,59_5,RHRRGTSESG,0.45135963
416,59_6,GGEDGSWWTE,0.39571273
417,59_7,RLRAAHNRLV,0.4949529
418,59_8,PVSLF,0.4507537
419,60_1,MTKASLFFPC,0.47730386
420,60_2,LIILFIVASG,0.4786129
421,60_3,TTGFANACNF,0.4608067
422,60_4,PCHSPNGCGN,0.44836903
423,60_5,LHCPGCVKQC,0.4038236
424,60_6,VNFCCLCDCS,0.37360704
425,60_7,PPPNGNVS,0.4666269
426,61_1,MSCSSGKCDC,0.41948178
427,61_2,GSSCSCGSSC,0.38637474
428,61_3,NCMSPNVETA,0.3922651
429,61_4,AASSIKTTVL,0.42710975
430,61_5,AAPTTKASAG,0.44609416
431,61_6,GFEAATEGGG,0.41532767
432,61_7,CDCNTCNCGT,0.39309284
433,61_8,SCGCSCCSCN,0.3917813
434,62_1,MQGKTDANAI,0.45168057
435,62_2,IRLRPSRRRH,0.44677863
436,62_3,QDSCQCPFFF,0.47920993
437,62_4,HISEFHSCAS,0.40171582
438,62_5,SPLLIHTCWI,0.45887762
439,62_6,FCGTSIG,0.4219406
440,63_1,MDKANKLSAG,0.4610705
441,63_2,AGEKATKSRS,0.44349918
442,63_3,HGSTALFVAV,0.40456638
443,63_4,DYAFLLAFAG,0.47698092
444,63_5,FLAYLVGSRI,0.44683707
445,63_6,LPSAAGSA,0.4328757
446,64_1,MSALFNFHSF,0.4550489
447,64_2,LTVILLGICA,0.47723848
448,64_3,CTYFKMQFPA,0.47705632
449,64_4,ILDQKTGFRG,0.45690364
450,64_5,FFWKAARIGR,0.4659097
451,64_6,CLLFSLFI,0.46038383
452,65_1,MVNHISNCSL,0.39964616
453,65_2,LFVMLALTIT,0.45539623
454,65_3,GLIEVKGNTC,0.42982423
455,65_4,SQPLGGCGPM,0.44159028
456,65_5,GQCDQRCKAL,0.423671
457,65_6,HIDGQGSCDL,0.4065717
458,65_7,GLCTCYYGCA,0.39513105
459,65_8,DPPPSPTPPK,0.43424222
460,65_9,MCNNGLGVCS,0.4084039
461,65_10,VQCGDACCNA,0.39124373
462,65_11,KCASKYNQGT,0.45420605
463,65_12,GMCSTIGNNN,0.39501804
464,65_13,LCTCQYRCG,0.4642416
465,66_1,MVVVVVEGNP,0.40491974
466,66_2,ICCSNRKVQI,0.4330172
467,66_3,FICIVPSFVF,0.46073502
468,66_4,IGFCFCANNG,0.44591746
469,66_5,RGSTGKALQI,0.48545218
470,66_6,IGTFFFF,0.43905106
471,67_1,MTSCSFSCII,0.45241246
472,67_2,SNNNALLRSS,0.3992563
473,67_3,ATLVVFTFGV,0.45220172
474,67_4,VPRSCSSFSS,0.42037207
475,67_5,GCNVRVCHLP,0.3980623
476,67_6,QSLPLVG,0.45252335
477,68_1,MGGLSTKLFV,0.44517803
478,68_2,VLLLLVCYTG,0.41906422
479,68_3,TQGGPVTMVS,0.4567663
480,68_4,ARKCESQSFR,0.49327087
481,68_5,FKGPCSRDAN,0.41062889
482,68_6,CANVCLTEGF,0.39963767
483,68_7,TGGVCKGLRH,0.4400777
484,68_8,RCFCTRDC,0.47253662
485,69_1,MSAQGKRRYD,0.43591332
486,69_2,RKQSGHGGQT,0.47592142
487,69_3,KPVFHKKAKT,0.46069407
488,69_4,TKKIVLKLQC,0.49346066
489,69_5,QSCKHYSQHA,0.46570995
490,69_6,IKRCKHFEIG,0.48011193
491,69_7,GDKNGKGTSL,0.40416676
492,69_8,F,0.37565324
493,70_1,MYQLGEFKLH,0.4911025
494,70_2,FYLCILTLTF,0.45841762
495,70_3,ILLCFLFLCS,0.45739335
496,70_4,TCCFCVLQFW,0.43873024
497,70_5,LGWGLLTGFH,0.44852754
498,70_6,ITIDCFCNNL,0.41758734
499,70_7,LHWKNFSCA,0.43315533
500,71_1,MRDNFFVKKG,0.4605445
501,71_2,TLFHVSGREG,0.42146993
502,71_3,RVPLQTIRAK,0.49886996
503,71_4,IDYCCYTVRA,0.4548451
504,71_5,IYGILGIKVW,0.48301992
505,71_6,IFSK,0.41426682
506,72_1,MPMSWALTVS,0.45378512
507,72_2,VVDTVFAALA,0.38402155
508,72_3,AWVSACLSAA,0.43473175
509,72_4,TAVTRSPRTG,0.44972476
510,72_5,VMGRFAFLLS,0.40517887
511,72_6,A,0.38353392
512,73_1,MSSCFTMRLV,0.4435233
513,73_2,ISMSFSLGIN,0.4175067
514,73_3,SFKKAISATE,0.43487418
515,73_4,TKCHSTIGVM,0.4121014
516,73_5,KKSRKLLLDA,0.5046157
517,73_6,KKNGTITT,0.442216
518,74_1,MTHLICLIYL,0.48466003
519,74_2,KCSCLHVQTL,0.4622494
520,74_3,LNVISPILYN,0.4407606
521,74_4,IGLNTKIIFI,0.429814
522,74_5,IFYIRFQIRV,0.48679718
523,74_6,S,0.36798602
524,75_1,MASRNKAAAL,0.43247172
525,75_2,LLCFLFLAAV,0.45265755
526,75_3,AASAAEMIAG,0.44978562
527,75_4,SGIGDGEGEE,0.40608695
528,75_5,LDKGGGGGGG,0.43766424
529,75_6,HHKHEGYKNK,0.37761998
530,75_7,DGKGNLKPSQ,0.43798465
531,75_8,CGGECRRRCS,0.41745102
532,75_9,KTHHKKPCLF,0.44768324
533,75_10,FCNKCCAKCL,0.4177388
534,75_11,CVPPGTYGNK,0.39495012
535,75_12,ETCPCYNNWK,0.44159833
536,75_13,TKKGGPKCP,0.4671571
537,76_1,MVVVVVEGNP,0.40491974
538,76_2,ICCSNRKVQI,0.4330172
539,76_3,FICIVPSFVF,0.46073502
540,76_4,IGFCFCANNG,0.44591746
541,76_5,RGSTEGKGHV,0.47946957
542,76_6,HMVHFGF,0.35705107
543,77_1,MAGLRMKFVA,0.48283803
544,77_2,VAAMAAALVA,0.41732255
545,77_3,SAAAAEAPAP,0.4218977
546,77_4,APASDAAAAV,0.41531882
547,77_5,PLAAASLAAA,0.4655866
548,77_6,AFGYLFC,0.44359967
549,78_1,MRHGTRLLCA,0.46496373
550,78_2,LALTLLCMAT,0.45681664
551,78_3,HFQGASCRGG,0.38917923
552,78_4,GGGGRGGGGG,0.40431082
553,78_5,GGGGGGGRGG,0.39882946
554,78_6,GSGTGGGRSG,0.4061925
555,78_7,RGRSGRPFLG,0.49790636
556,78_8,GVGAGAAAGV,0.38891327
557,78_9,GARTAAGGSH,0.441356
558,78_10,GHRSVAAGGA,0.40016726
559,78_11,GGPGVWRVAG,0.42504355
560,78_12,AGAALTAALL,0.42971846
561,78_13,A,0.38353392
562,79_1,MRWVMYQLIL,0.50658673
563,79_2,FHKPNKNVKS,0.4127931
564,79_3,EKMDQLIPQT,0.48050785
565,79_4,KHPISYQGET,0.45603803
566,79_5,SCCFHLCLAF,0.41734102
567,79_6,SKATFKHECF,0.42826843
568,79_7,YILPIPFIIF,0.4659798
569,79_8,PLLTNLVIVN,0.49659455
570,79_9,HQLKCYLFFA,0.41590247
571,79_10,RNEGQHFSLV,0.47020933
572,79_11,KCSN,0.40755454
573,80_1,MTKRTKKAGI,0.46464917
574,80_2,VGKYGTRYGA,0.41825047
575,80_3,SLRKQIKKME,0.48929143
576,80_4,VSQHSKFFCE,0.3962608
577,80_5,FCGKYAVKRK,0.43646255
578,80_6,AVGIWGCKDC,0.43427578
579,80_7,GKVKAGGAYT,0.4088078
580,80_8,LK,0.40831262
