Index,symbol,Sequences,UmP
1,1_1,MRSILSLCLS,0.040977594
2,1_2,STWSNGLLSA,0.04848652
3,1_3,IPSMVTCSRL,0.00046382516
4,1_4,DSPFTTKTNN,0.0050790366
5,1_5,PQQQIKFKFM,0.053238515
6,1_6,IMLSFQCGQF,0.26333895
7,1_7,VSISCSK,0.03295221
8,2_1,MDMKKVTCAL,0.26550257
9,2_2,LIAAASMSAA,0.21720265
10,2_3,VAAAEAPAPS,0.69168365
11,2_4,PGPGPSSGAS,4.9686546e-06
12,2_5,APLVGSLIGA,0.0033623786
13,2_6,SVLSFFALFQ,0.111806914
14,3_1,MLKGVMLKGV,0.9703432
15,3_2,MLSNLSTIIY,0.7955332
16,3_3,EFAIMCPVLL,0.25555223
17,3_4,SECSLKLLLR,0.9551287
18,3_5,LQIKESGNCY,0.026199477
19,3_6,CTTMF,2.7320995e-05
20,4_1,MKQETTSDGS,0.7727768
21,4_2,GTMVLRKCVL,0.024102738
22,4_3,LFWNQRQRCT,0.004656679
23,4_4,RWVLFFEGVG,0.15134943
24,4_5,INFVIIFALI,0.011447776
25,4_6,RG,0.99400985
26,5_1,MDMKKITCAL,0.27788785
27,5_2,LIAATSVSAA,0.057094697
28,5_3,VAATEVPASA,0.04740303
29,5_4,PGPGPSSGAS,4.9686546e-06
30,5_5,APLVGSLIGA,0.0033623786
31,5_6,SVLSFFALFQ,0.111806914
32,6_1,MRSILSLCLS,0.040977594
33,6_2,STWSNGLLSA,0.04848652
34,6_3,IPSMVTCSRL,0.00046382516
35,6_4,DSPFTTKTNN,0.0050790366
36,6_5,PQQQIKFKFM,0.053238515
37,6_6,IMLSFQCGQF,0.26333895
38,6_7,VSISCSK,0.03295221
39,7_1,MDKANKLSAG,0.83492714
40,7_2,AGEKATKSRS,0.11147465
41,7_3,HGSTALFVAV,0.0072485073
42,7_4,DYAFLLAFAG,0.16842091
43,7_5,FLAYLVGSRI,0.74792266
44,7_6,LPSAAGSA,0.0026945125
45,8_1,MTKCQKRASI,0.008536994
46,8_2,QGLWLLSMVL,0.18857847
47,8_3,LASSSLVCAS,0.5179799
48,8_4,MAVDGQTKED,0.8731354
49,8_5,INATSVTSMN,0.033516854
50,8_6,MTRSSSASYN,0.0060589723
51,8_7,MTGGGGELNR,0.06161562
52,8_8,GPCVVRSGFY,0.00011029731
53,8_9,WCQNIGYPTM,0.025450893
54,8_10,SECLKNCES,0.7934205
55,9_1,MRAQRIMERV,0.0016499
56,9_2,QEEQRRWYGV,0.0016154498
57,9_3,KEPGQTNCCS,0.097905695
58,9_4,ARRTSRICLF,0.00036748318
59,9_5,QSMALLASPQ,0.9891971
60,9_6,GI,0.99566466
61,10_1,MRAQRIMERV,0.0016499
62,10_2,QEEQRRWYGV,0.0016154498
63,10_3,KEPGQTNCCS,0.097905695
64,10_4,ARRTSRICLF,0.00036748318
65,10_5,QSMALLASPQ,0.9891971
66,10_6,GI,0.99566466
67,11_1,MASNISPSAF,0.69309443
68,11_2,DKEQIFGMAE,0.4540324
69,11_3,KEMEYRVELF,0.99197805
70,11_4,NKMTQTCFNK,0.22943425
71,11_5,CVDNRYKESE,0.00017327529
72,11_6,LNMGENSCID,0.09195784
73,11_7,RCVSKYWHVT,3.452622e-05
74,11_8,NLIGQLLGSG,0.55216473
75,11_9,KPAM,0.9162412
76,12_1,MSKITVLFFT,0.011762607
77,12_2,VLFLCCMITH,0.91406053
78,12_3,STRPQPAFHK,0.018785784
79,12_4,ESLVSTLHQD,0.47638255
80,12_5,AEEVDESCEG,0.12336627
81,12_6,IKEEECLIRR,0.27596185
82,12_7,TLTAHIDYIY,0.054839633
83,12_8,TQKHNNP,0.98878866
84,13_1,MASSSYSNSP,0.64997536
85,13_2,YDACKFLRRK,0.14821917
86,13_3,CMLDCIFSPY,0.0027383324
87,13_4,FPPKEPQKFT,0.05883903
88,13_5,NVHKIFRASF,0.0003531725
89,14_1,MLLLDFVHPK,0.9969324
90,14_2,LILQKLVEHL,0.91999507
91,14_3,LKRIEANLRR,0.03398578
92,14_4,ELYYWHAYYD,0.44714776
93,14_5,RRLPPGITAL,2.6597798e-05
94,14_6,LKLEEFVAKF,0.9446091
95,14_7,MSMCRKNSGS,0.07949148
96,14_8,RKYV,0.99688077
97,15_1,MDSSGARRAD,0.69091237
98,15_2,LRAKAKAMAE,0.10754052
99,15_3,KPRVLLAACG,0.0030212326
100,15_4,SVCAVKFGNV,0.032356087
101,15_5,CRSFAEWAVV,6.937449e-05
102,15_6,KVVLIKSALR,0.9978532
103,15_7,FIDEQTLPQD,0.818051
104,15_8,VTVYRDEKDW,0.0010503888
105,15_9,RTWKKLGDPM,0.0058422284
106,15_10,LHIELCNWAE,0.22542469
107,15_11,IMVIAPLSAN,0.24119778
108,15_12,TLSKVINQT,0.9320179
109,16_1,MADIVDEAIT,0.900754
110,16_2,FFRANVFFKK,0.034795806
111,16_3,FHVKSSADKL,0.4941655
112,16_4,LIYLTFYIHI,0.286895
113,16_5,ALKRLEGCQT,0.21858054
114,16_6,LAVGTKAIIN,0.11387737
115,16_7,LGLEKVPVPG,0.9887355
116,16_8,EPGFPFPGLF,0.98771286
117,16_9,TLPQSQEEAE,0.5614668
118,16_10,LLRNYLKQIR,0.6005128
119,16_11,EETSGRLLNC,0.031380102
120,16_12,AYRANGFPNK,0.043558873
121,16_13,WWLAFAKRKF,0.0015478396
122,16_14,MNIVIL,0.740131
123,17_1,MGAVVTAVIA,0.030607264
124,17_2,IAAVVLGWIT,0.008723132
125,17_3,IEMACKPCLE,0.6193936
126,17_4,TGRRAMDRAL,0.00020956594
127,17_5,DPNHDPDSPT,0.08379529
128,17_6,NAGGASANEP,0.013946115
129,17_7,LLADLSASTA,0.911446
130,17_8,PPAKAI,0.003754691
131,18_1,MGGDVHSDDD,0.2784097
132,18_2,DEEGDEREVD,0.017579708
133,18_3,DGVDDDGDGA,0.18395285
134,18_4,GLQVAELHQV,0.96347755
135,18_5,VAAGELDEQP,0.7931957
136,18_6,RREQHEQHQP,0.15945904
137,18_7,DHHGAPVRHL,0.041246723
138,18_8,ARSTMNCLPT,0.001789178
139,18_9,YWSLWLVRGV,0.024261955
140,18_10,AGAWGSEEDE,0.0037692827
141,18_11,GRPGGEGGLL,0.65789187
142,18_12,VWFAGARSRL,0.00044171332
143,19_1,MSKITVLFFT,0.011762607
144,19_2,VLFLCCMITH,0.91406053
145,19_3,STRPQPAFHK,0.018785784
146,19_4,ESLVSTLHQD,0.47638255
147,19_5,AEEVDESCEG,0.12336627
148,19_6,IKEEECLIRR,0.27596185
149,19_7,TLTAHIDYIY,0.054839633
150,19_8,TQKHNNP,0.98878866
151,20_1,MTTEPQGSHQ,0.25388274
152,20_2,HGSKRDLPSC,0.011019457
153,20_3,RKNVPGTSFV,3.6509755e-05
154,20_4,SDLRDHIHEF,0.8410695
155,20_5,INASSDEHMT,0.27507794
156,20_6,CFTKTIKKMF,2.0151956e-05
157,20_7,GMSMTVAHKS,0.14867222
158,20_8,SKAEEAGPA,0.4975244
159,21_1,MCSTIYEPPH,0.05039014
160,21_2,TTDDQSRHAI,0.09255409
161,21_3,HPPILVELDG,0.9938437
162,21_4,YIFCVFCVFC,0.0014507585
163,21_5,FLLCFSVLLF,0.3860888
164,21_6,RSVLKFICTT,0.008796828
165,21_7,GK,0.9847221
166,22_1,MCPRWPCTSR,6.131301e-05
167,22_2,PIRPVVCVSV,5.920981e-07
168,22_3,WVPILVELEG,0.998293
169,22_4,APEELSRLEI,0.16057684
170,23_1,MTATGCIIYA,0.0060968455
171,23_2,CWRCDRVAGR,3.5305642e-05
172,23_3,SLPILVELDG,0.6966738
173,23_4,WLLCAHTM,0.10989607
174,24_1,MCGRAFIRRL,0.00018800113
175,24_2,FGSVFARGFF,0.026427943
176,24_3,CSPILVELDG,0.0060765175
177,24_4,LSDGECRFIT,0.04538181
178,24_5,LLRF,0.96091485
179,25_1,MGGRAGGHYL,0.0083365785
180,25_2,SVCVAVVRVS,0.044316836
181,25_3,SWPILVELDG,0.3962393
182,25_4,SLSIVGLCTI,0.5404817
183,25_5,TCVQRFRRR,5.5904e-05
184,26_1,MGQSYAKSPD,0.33457714
185,26_2,GTVGTARPPY,0.0005216646
186,26_3,PRPILVELDG,0.12693149
187,26_4,FFLFLSLLFF,0.4315622
188,26_5,WLSLLFLV,0.88701046
189,27_1,MCPRWPCTSR,6.131301e-05
190,27_2,PIRPVVCVSV,5.920981e-07
191,27_3,WVPILVELDG,0.99285734
192,27_4,APEELRRLER,0.055600297
193,27_5,SLNSRP,0.56503737
194,28_1,MCPRWPCTSR,6.131301e-05
195,28_2,PIRPVVCVSV,5.920981e-07
196,28_3,WLPILVELDG,0.846431
197,28_4,APEELSRLAR,0.016805578
198,28_5,S,0.22070931
199,29_1,MFLVRRVWGF,0.0021110936
200,29_2,RGCLIGGRGA,0.00085537025
201,29_3,VWPILVELDG,0.71193916
202,29_4,DVNGHKFSVR,0.0071785776
203,29_5,GEGEGDATNG,0.018039627
204,29_6,KLTLKFICTT,0.29612157
205,29_7,GK,0.9847221
206,30_1,MAQCASSALL,0.9293687
207,30_2,GSSWEGRGFA,0.006847934
208,30_3,ERPILVELDG,0.6589613
209,31_1,MCCGGRVCML,0.0031162407
210,31_2,CTCLVLVVIA,0.0014951149
211,31_3,IGLLFGFGVF,0.99185175
212,31_4,KHGFHKIKDT,0.67785114
213,31_5,VSFCDSCGGG,0.011825211
214,31_6,AAGGGRPFIG,0.12107734
215,31_7,YAPPPLF,0.7529547
216,32_1,MATRIIGLSF,0.0019775887
217,32_2,FLGFLCIALL,0.2806331
218,32_3,FASGSAQIVC,0.87494403
219,32_4,QQKGICPNTI,0.013944973
220,32_5,ACYNYCLGLG,0.36030585
221,32_6,FQGYGRCDDN,0.9279101
222,32_7,GLCCCKKG,0.114344634
223,33_1,MSHSLVSVIL,0.28731918
224,33_2,VKVILAAMII,0.90405405
225,33_3,VLFSHAVRSQ,0.48846996
226,33_4,QICLASCKDT,0.10112275
227,33_5,PSCDAHCKFI,0.00017249589
228,33_6,GYGKGTCFIV,0.0075247763
229,33_7,SPTYSKCCCF,0.12369534
230,34_1,MIMNTKSKLI,0.57883245
231,34_2,TLWVLLYFCS,0.25919828
232,34_3,ITNSLAASKK,0.6477302
233,34_4,CNFPAIFNFG,8.1815e-06
234,34_5,DSNSDTGGLS,0.1749368
235,34_6,AAFSSWRVLL,0.0005159486
236,34_7,PSPCWSLL,9.537971e-07
237,35_1,MDKARFGLFF,0.0028564755
238,35_2,MLLILLASRK,0.96272314
239,35_3,PLSMHLRSHR,0.012291052
240,35_4,FKGMCLSEHN,0.57846177
241,35_5,CASVSHLEGF,0.04470791
242,35_6,TGGKCWGFRR,0.008424373
243,35_7,RCFCSKHC,0.00042040026
244,36_1,MRSILSLCLS,0.040977594
245,36_2,STWSNGLLSA,0.04848652
246,36_3,IPSMVTCSRL,0.00046382516
247,36_4,DSPFTTKTNN,0.0050790366
248,36_5,PQQQIKFKFM,0.053238515
249,36_6,IMLSFQCGQF,0.26333895
250,36_7,VSISCSK,0.03295221
251,37_1,MRNISNLVLP,0.18257082
252,37_2,SLASLGPSFP,0.15622069
253,37_3,GFTWYSICLC,0.020380812
254,37_4,LVHFLLRSFH,0.08736111
255,37_5,LSFSYIAKEF,0.056318022
256,37_6,KTFVTIGKGG,0.0015761259
257,37_7,IGC,0.9970788
258,38_1,MIKTVFRNST,0.0016884763
259,38_2,SLLLYIMHAS,0.9295973
260,38_3,FPSVILCVVC,0.022351258
261,38_4,NKVAIKAVIQ,0.925308
262,38_5,KCCIYMLCKI,0.060490355
263,38_6,LL,0.9624421
264,39_1,MKVAFVAVLL,0.93742055
265,39_2,ICLVLSSSLF,0.012026129
266,39_3,EVSMAGSAFC,0.023050725
267,39_4,SSKCAKRCSR,0.4337113
268,39_5,AGMKDRCTRF,0.019936558
269,39_6,CGICCSKCRC,0.00019940356
270,39_7,VPSGTYGNKH,0.0024134503
271,39_8,ECPCYRDMKN,0.014598841
272,39_9,SKGKPKCP,0.47433296
273,40_1,MAAKGNQNTN,0.7889584
274,40_2,RNTKPNSVIC,0.0016939
275,40_3,ADCDGNDNCL,0.17878452
276,40_4,LILRAVLCSQ,0.054550674
277,40_5,CKGSGVNSVD,0.00012620303
278,40_6,IFNGQFKAGD,0.14556146
279,40_7,TCWLCGGRKE,0.0037580032
280,40_8,MLCGNCNGTG,0.1030722
281,40_9,FVGGFLSTYD,0.13003157
282,40_10,Q,0.013884689
283,41_1,MTKASLFFPC,0.23674333
284,41_2,LIILFIVASG,0.04697669
285,41_3,TTGFANACNF,0.004424505
286,41_4,PCHSPNGCGN,1.12221305e-05
287,41_5,LHCPGCVKQC,0.03515471
288,41_6,VNFCCLCDCS,0.02797873
289,41_7,PPPNGNVS,1.5708673e-06
290,42_1,MKTSSKSIGQ,0.112242036
291,42_2,LYKPLSVMKE,0.9670716
292,42_3,CNHCQMVCNK,0.0048198947
293,42_4,FSCNFFVLKL,0.58544785
294,42_5,CQAGKKCKQD,0.022212856
295,42_6,SFIWC,0.31378952
296,43_1,MADTGGGDAV,0.7130147
297,43_2,RPVVICDNKC,0.004190804
298,43_3,GCTLPCTGGS,0.0010628313
299,43_4,TCRCTSAGTA,0.0006563922
300,43_5,TGGGATGGGD,0.1520865
301,43_6,HVTCSCGEHC,0.0014305946
302,43_7,GCNPCSCPKI,0.0038211842
303,43_8,AAAGSGCRCG,0.0062088785
304,43_9,TDCACASCRT,0.079837255
305,44_1,MHNSGLHISE,0.4633255
306,44_2,LCIHNFGMST,0.0010110572
307,44_3,LENMFFGLSI,0.016972607
308,44_4,SELCMHNFRM,0.40545738
309,44_5,DNHKCEFFVF,0.013966811
310,44_6,QIF,0.9555883
311,45_1,MLLRNFFLHP,0.8202203
312,45_2,CIKLAISNIH,0.0019797375
313,45_3,PCNVISLSIF,1.6289865e-06
314,45_4,ITSTILSRHS,0.011798361
315,45_5,CTQRNYINKI,0.00015520153
316,45_6,SVI,0.94126445
317,46_1,MNQSGASLSK,0.7072375
318,46_2,SKSKVTKSNK,0.76103425
319,46_3,VRVCIIYCHG,0.00045467922
320,46_4,VRPSSTSLTL,6.40575e-05
321,46_5,HCICGISIRR,0.001477817
322,46_6,NP,0.3735168
323,47_1,MLLLLLLEMS,0.9979334
324,47_2,KFDFHFGYEV,0.23483206
325,47_3,ACHVMNYGLV,0.039798867
326,47_4,GELVLLCFWI,0.38419324
327,47_5,LSPCLSFNCC,0.013800847
328,47_6,CYSSMC,0.0043401686
329,48_1,MARDFLDAHA,0.20149079
330,48_2,NEAGLVLHSG,0.706449
331,48_3,PIFLFLMIVA,0.07583291
332,48_4,SLSIISMIIF,0.06738624
333,48_5,ACGKKGGGGG,0.16258591
334,48_6,GGGCGGDGGG,0.05383949
335,48_7,GGGDGGGGDG,0.120089956
336,48_8,GGGDGGGGGG,0.28799063
337,48_9,GGCGGGGGGG,0.597121
338,48_10,GC,0.48332238
339,49_1,MQGKTDANAI,0.04703695
340,49_2,IRLRPSRRRH,7.869982e-05
341,49_3,QDSCQCPFFF,0.3863138
342,49_4,HISEFHSCAS,0.01673796
343,49_5,SPLLIHTCWI,0.09224434
344,49_6,FCGTSIG,0.10942486
345,50_1,MCLDIICGPA,0.15663294
346,50_2,AAKIHRPLST,0.0038003344
347,50_3,CLRCFHHLLG,8.470605e-05
348,50_4,CWLTFEQHGQ,6.4197964e-05
349,50_5,FLLYTGCPLQ,0.9500837
350,50_6,LYLTRLL,0.4410614
351,51_1,MSALFNFHSF,0.5531762
352,51_2,LTVILLGICA,0.15949036
353,51_3,CTYFKMQFPA,0.00029628715
354,51_4,ILDQKTGFRG,0.021522202
355,51_5,FFWKAARIGR,0.006409103
356,51_6,CLLFSLFI,0.004695358
357,52_1,MLKGVMLKGV,0.9703432
358,52_2,MLSNLSTIIY,0.7955332
359,52_3,EFAIMCPVLL,0.25555223
360,52_4,SECSLKLLLR,0.9551287
361,52_5,LQIKESGNCY,0.026199477
362,52_6,CTTMF,2.7320995e-05
363,53_1,MFGVRSRALA,0.0043690517
364,53_2,PSLSKSHGCC,0.0013140116
365,53_3,SASSNVSAFL,0.086260125
366,53_4,TSNHCTWGGG,0.013014922
367,53_5,GHARSCCSDM,0.020112256
368,53_6,FTSHLTWVSF,0.1639695
369,53_7,VVHLLLHGTT,0.99858034
370,54_1,MKFGGCSCLG,0.11582638
371,54_2,TGSVGLGDTT,0.18033199
372,54_3,ILGGGGAYWF,0.19744538
373,54_4,GCGRSRWRLV,4.625474e-05
374,54_5,VERRWDWWWY,2.6343392e-05
375,54_6,LCRRWRFGRE,4.2846725e-05
376,54_7,CGGYGGC,0.04617322
377,55_1,MVNHISNCSL,0.18649468
378,55_2,LFVMLALTIT,0.15850337
379,55_3,GLIEVKGNTC,0.6396864
380,55_4,SQPLGGCGPM,0.6327294
381,55_5,GQCDQRCKAL,0.00890751
382,55_6,HIDGQGSCDL,0.23554698
383,55_7,GLCTCYYGCA,0.054249827
384,55_8,DPPPSPTPPK,0.00012430179
385,55_9,MCNNGLGVCS,0.07920782
386,55_10,VQCGDACCNA,0.0061996025
387,55_11,KCASKYNQGT,0.38677895
388,55_12,GMCSTIGNNN,0.005308271
389,55_13,LCTCQYRCG,0.01237314
390,56_1,MSHSLVSVIL,0.28731918
391,56_2,VKVILAAMII,0.90405405
392,56_3,VLFSHAVRSQ,0.48846996
393,56_4,QICLASCKDT,0.10112275
394,56_5,PSCDAHCKFI,0.00017249589
395,56_6,GYGKGTCFIV,0.0075247763
396,56_7,SPTYSKCCCF,0.12369534
397,57_1,MRSILSLCLS,0.040977594
398,57_2,STWSNGLLSA,0.04848652
399,57_3,IPSMVTCSRL,0.00046382516
400,57_4,DSPFTTKTNN,0.0050790366
401,57_5,PQQQIKFKFM,0.053238515
402,57_6,IMLSFQCGQF,0.26333895
403,57_7,VSISCSK,0.03295221
404,58_1,MRNISNLVLP,0.18257082
405,58_2,SLASLGPSFP,0.15622069
406,58_3,GFTWYSICLC,0.020380812
407,58_4,LVHFLLRSFH,0.08736111
408,58_5,LSFSYIAKEF,0.056318022
409,58_6,KTFVTIGKGG,0.0015761259
410,58_7,IGC,0.9970788
411,59_1,MLGSTGLGIV,0.31703463
412,59_2,IAAGVFGAAA,0.01568893
413,59_3,SLLLAYFFWQ,0.27106532
414,59_4,CTGKGKGGRR,7.468303e-05
415,59_5,RHRRGTSESG,1.7023856e-05
416,59_6,GGEDGSWWTE,0.026036376
417,59_7,RLRAAHNRLV,6.546314e-05
418,59_8,PVSLF,0.010345055
419,60_1,MTKASLFFPC,0.23674333
420,60_2,LIILFIVASG,0.04697669
421,60_3,TTGFANACNF,0.004424505
422,60_4,PCHSPNGCGN,1.12221305e-05
423,60_5,LHCPGCVKQC,0.03515471
424,60_6,VNFCCLCDCS,0.02797873
425,60_7,PPPNGNVS,1.5708673e-06
426,61_1,MSCSSGKCDC,0.5961485
427,61_2,GSSCSCGSSC,0.029434122
428,61_3,NCMSPNVETA,0.19091585
429,61_4,AASSIKTTVL,0.005314123
430,61_5,AAPTTKASAG,0.001395642
431,61_6,GFEAATEGGG,0.15298524
432,61_7,CDCNTCNCGT,0.0007383153
433,61_8,SCGCSCCSCN,0.5754319
434,62_1,MQGKTDANAI,0.04703695
435,62_2,IRLRPSRRRH,7.869982e-05
436,62_3,QDSCQCPFFF,0.3863138
437,62_4,HISEFHSCAS,0.01673796
438,62_5,SPLLIHTCWI,0.09224434
439,62_6,FCGTSIG,0.10942486
440,63_1,MDKANKLSAG,0.83492714
441,63_2,AGEKATKSRS,0.11147465
442,63_3,HGSTALFVAV,0.0072485073
443,63_4,DYAFLLAFAG,0.16842091
444,63_5,FLAYLVGSRI,0.74792266
445,63_6,LPSAAGSA,0.0026945125
446,64_1,MSALFNFHSF,0.5531762
447,64_2,LTVILLGICA,0.15949036
448,64_3,CTYFKMQFPA,0.00029628715
449,64_4,ILDQKTGFRG,0.021522202
450,64_5,FFWKAARIGR,0.006409103
451,64_6,CLLFSLFI,0.004695358
452,65_1,MVNHISNCSL,0.18649468
453,65_2,LFVMLALTIT,0.15850337
454,65_3,GLIEVKGNTC,0.6396864
455,65_4,SQPLGGCGPM,0.6327294
456,65_5,GQCDQRCKAL,0.00890751
457,65_6,HIDGQGSCDL,0.23554698
458,65_7,GLCTCYYGCA,0.054249827
459,65_8,DPPPSPTPPK,0.00012430179
460,65_9,MCNNGLGVCS,0.07920782
461,65_10,VQCGDACCNA,0.0061996025
462,65_11,KCASKYNQGT,0.38677895
463,65_12,GMCSTIGNNN,0.005308271
464,65_13,LCTCQYRCG,0.01237314
465,66_1,MVVVVVEGNP,0.6923735
466,66_2,ICCSNRKVQI,0.0019457836
467,66_3,FICIVPSFVF,0.0014462611
468,66_4,IGFCFCANNG,0.015655594
469,66_5,RGSTGKALQI,0.018217806
470,66_6,IGTFFFF,0.043520983
471,67_1,MTSCSFSCII,0.033094484
472,67_2,SNNNALLRSS,0.5869903
473,67_3,ATLVVFTFGV,0.00027977265
474,67_4,VPRSCSSFSS,5.3576532e-05
475,67_5,GCNVRVCHLP,0.0007289741
476,67_6,QSLPLVG,0.9958221
477,68_1,MGGLSTKLFV,0.06726316
478,68_2,VLLLLVCYTG,0.99599034
479,68_3,TQGGPVTMVS,0.06376394
480,68_4,ARKCESQSFR,0.009916581
481,68_5,FKGPCSRDAN,0.022996496
482,68_6,CANVCLTEGF,0.00033358106
483,68_7,TGGVCKGLRH,0.4882173
484,68_8,RCFCTRDC,3.361942e-05
485,69_1,MSAQGKRRYD,0.26568934
486,69_2,RKQSGHGGQT,0.031071423
487,69_3,KPVFHKKAKT,0.9123399
488,69_4,TKKIVLKLQC,0.9999856
489,69_5,QSCKHYSQHA,0.644604
490,69_6,IKRCKHFEIG,0.027630957
491,69_7,GDKNGKGTSL,0.0050477698
492,69_8,F,0.97657835
493,70_1,MYQLGEFKLH,0.99559057
494,70_2,FYLCILTLTF,0.36890236
495,70_3,ILLCFLFLCS,0.2661127
496,70_4,TCCFCVLQFW,0.00632957
497,70_5,LGWGLLTGFH,0.025920352
498,70_6,ITIDCFCNNL,0.0093779825
499,70_7,LHWKNFSCA,0.0013191616
500,71_1,MRDNFFVKKG,0.028488459
501,71_2,TLFHVSGREG,0.07331418
502,71_3,RVPLQTIRAK,0.0005485603
503,71_4,IDYCCYTVRA,0.04809088
504,71_5,IYGILGIKVW,0.83901906
505,71_6,IFSK,0.9394872
506,72_1,MPMSWALTVS,0.004335837
507,72_2,VVDTVFAALA,0.0012674412
508,72_3,AWVSACLSAA,0.0029831976
509,72_4,TAVTRSPRTG,0.00017468569
510,72_5,VMGRFAFLLS,0.00021546938
511,72_6,A,0.45019975
512,73_1,MSSCFTMRLV,0.01936113
513,73_2,ISMSFSLGIN,0.12732702
514,73_3,SFKKAISATE,0.14989984
515,73_4,TKCHSTIGVM,0.014889631
516,73_5,KKSRKLLLDA,0.929178
517,73_6,KKNGTITT,0.08061542
518,74_1,MTHLICLIYL,0.04021767
519,74_2,KCSCLHVQTL,0.27672157
520,74_3,LNVISPILYN,0.019809008
521,74_4,IGLNTKIIFI,0.09200457
522,74_5,IFYIRFQIRV,0.035328846
523,74_6,S,0.22070931
524,75_1,MASRNKAAAL,0.5968067
525,75_2,LLCFLFLAAV,0.09315277
526,75_3,AASAAEMIAG,0.012763021
527,75_4,SGIGDGEGEE,0.7539679
528,75_5,LDKGGGGGGG,0.7849775
529,75_6,HHKHEGYKNK,0.9548047
530,75_7,DGKGNLKPSQ,0.40361974
531,75_8,CGGECRRRCS,0.00013589165
532,75_9,KTHHKKPCLF,0.29119927
533,75_10,FCNKCCAKCL,0.0932639
534,75_11,CVPPGTYGNK,9.153003e-06
535,75_12,ETCPCYNNWK,0.022273503
536,75_13,TKKGGPKCP,0.19994456
537,76_1,MVVVVVEGNP,0.6923735
538,76_2,ICCSNRKVQI,0.0019457836
539,76_3,FICIVPSFVF,0.0014462611
540,76_4,IGFCFCANNG,0.015655594
541,76_5,RGSTEGKGHV,0.017340245
542,76_6,HMVHFGF,0.40394577
543,77_1,MAGLRMKFVA,0.04380798
544,77_2,VAAMAAALVA,0.6479945
545,77_3,SAAAAEAPAP,0.085373506
546,77_4,APASDAAAAV,0.002684425
547,77_5,PLAAASLAAA,0.011544103
548,77_6,AFGYLFC,0.27222615
549,78_1,MRHGTRLLCA,0.003729521
550,78_2,LALTLLCMAT,0.46126845
551,78_3,HFQGASCRGG,0.038780972
552,78_4,GGGGRGGGGG,0.930226
553,78_5,GGGGGGGRGG,0.8900309
554,78_6,GSGTGGGRSG,0.021065408
555,78_7,RGRSGRPFLG,0.00086236
556,78_8,GVGAGAAAGV,0.012205764
557,78_9,GARTAAGGSH,0.012795734
558,78_10,GHRSVAAGGA,0.0069007855
559,78_11,GGPGVWRVAG,0.0003634759
560,78_12,AGAALTAALL,0.03931153
561,78_13,A,0.45019975
562,79_1,MRWVMYQLIL,0.011134376
563,79_2,FHKPNKNVKS,0.9463328
564,79_3,EKMDQLIPQT,0.7839564
565,79_4,KHPISYQGET,0.6940463
566,79_5,SCCFHLCLAF,0.2372754
567,79_6,SKATFKHECF,0.11407048
568,79_7,YILPIPFIIF,0.80462706
569,79_8,PLLTNLVIVN,0.16555107
570,79_9,HQLKCYLFFA,0.18374456
571,79_10,RNEGQHFSLV,0.0005684074
572,79_11,KCSN,0.7747591
573,80_1,MTKRTKKAGI,0.0031310874
574,80_2,VGKYGTRYGA,0.0027025794
575,80_3,SLRKQIKKME,0.66693306
576,80_4,VSQHSKFFCE,0.013349588
577,80_5,FCGKYAVKRK,0.11821377
578,80_6,AVGIWGCKDC,0.0039958213
579,80_7,GKVKAGGAYT,0.06296188
580,80_8,LK,0.9604939
