Index,symbol,Sequences,ADP
1,1_1,MRSILSLCLS,0.92446595
2,1_2,STWSNGLLSA,0.9607678
3,1_3,IPSMVTCSRL,0.93529516
4,1_4,DSPFTTKTNN,0.76229554
5,1_5,PQQQIKFKFM,0.92931247
6,1_6,IMLSFQCGQF,0.24651693
7,1_7,VSISCSK,0.09501681
8,2_1,MDMKKVTCAL,0.47840452
9,2_2,LIAAASMSAA,0.97946703
10,2_3,VAAAEAPAPS,0.9431727
11,2_4,PGPGPSSGAS,0.9470623
12,2_5,APLVGSLIGA,0.91614664
13,2_6,SVLSFFALFQ,0.41696846
14,3_1,MLKGVMLKGV,0.39328983
15,3_2,MLSNLSTIIY,0.51751953
16,3_3,EFAIMCPVLL,0.96012187
17,3_4,SECSLKLLLR,0.90406716
18,3_5,LQIKESGNCY,0.33606613
19,3_6,CTTMF,0.11485247
20,4_1,MKQETTSDGS,0.25366598
21,4_2,GTMVLRKCVL,0.8917487
22,4_3,LFWNQRQRCT,0.9363411
23,4_4,RWVLFFEGVG,0.93546623
24,4_5,INFVIIFALI,0.121561445
25,4_6,RG,0.041280057
26,5_1,MDMKKITCAL,0.4714277
27,5_2,LIAATSVSAA,0.98046964
28,5_3,VAATEVPASA,0.9287289
29,5_4,PGPGPSSGAS,0.9470623
30,5_5,APLVGSLIGA,0.91614664
31,5_6,SVLSFFALFQ,0.41696846
32,6_1,MRSILSLCLS,0.92446595
33,6_2,STWSNGLLSA,0.9607678
34,6_3,IPSMVTCSRL,0.93529516
35,6_4,DSPFTTKTNN,0.76229554
36,6_5,PQQQIKFKFM,0.92931247
37,6_6,IMLSFQCGQF,0.24651693
38,6_7,VSISCSK,0.09501681
39,7_1,MDKANKLSAG,0.23095849
40,7_2,AGEKATKSRS,0.9513647
41,7_3,HGSTALFVAV,0.9420092
42,7_4,DYAFLLAFAG,0.9750191
43,7_5,FLAYLVGSRI,0.9265704
44,7_6,LPSAAGSA,0.55134225
45,8_1,MTKCQKRASI,0.39684072
46,8_2,QGLWLLSMVL,0.96590215
47,8_3,LASSSLVCAS,0.97268087
48,8_4,MAVDGQTKED,0.369228
49,8_5,INATSVTSMN,0.9479074
50,8_6,MTRSSSASYN,0.87111914
51,8_7,MTGGGGELNR,0.13380152
52,8_8,GPCVVRSGFY,0.8998417
53,8_9,WCQNIGYPTM,0.21031843
54,8_10,SECLKNCES,0.112144336
55,9_1,MRAQRIMERV,0.58379525
56,9_2,QEEQRRWYGV,0.9077809
57,9_3,KEPGQTNCCS,0.9275892
58,9_4,ARRTSRICLF,0.96522343
59,9_5,QSMALLASPQ,0.80770427
60,9_6,GI,0.1944701
61,10_1,MRAQRIMERV,0.58379525
62,10_2,QEEQRRWYGV,0.9077809
63,10_3,KEPGQTNCCS,0.9275892
64,10_4,ARRTSRICLF,0.96522343
65,10_5,QSMALLASPQ,0.80770427
66,10_6,GI,0.1944701
67,11_1,MASNISPSAF,0.61502916
68,11_2,DKEQIFGMAE,0.9588619
69,11_3,KEMEYRVELF,0.9616354
70,11_4,NKMTQTCFNK,0.9171211
71,11_5,CVDNRYKESE,0.9345337
72,11_6,LNMGENSCID,0.8791466
73,11_7,RCVSKYWHVT,0.9782777
74,11_8,NLIGQLLGSG,0.061222885
75,11_9,KPAM,0.14659663
76,12_1,MSKITVLFFT,0.9042774
77,12_2,VLFLCCMITH,0.9746148
78,12_3,STRPQPAFHK,0.9615106
79,12_4,ESLVSTLHQD,0.97969604
80,12_5,AEEVDESCEG,0.42940155
81,12_6,IKEEECLIRR,0.8693001
82,12_7,TLTAHIDYIY,0.8363227
83,12_8,TQKHNNP,0.09659651
84,13_1,MASSSYSNSP,0.3474484
85,13_2,YDACKFLRRK,0.9441818
86,13_3,CMLDCIFSPY,0.7444085
87,13_4,FPPKEPQKFT,0.46817976
88,13_5,NVHKIFRASF,0.6055552
89,14_1,MLLLDFVHPK,0.30601704
90,14_2,LILQKLVEHL,0.9278067
91,14_3,LKRIEANLRR,0.9688071
92,14_4,ELYYWHAYYD,0.9827252
93,14_5,RRLPPGITAL,0.94205546
94,14_6,LKLEEFVAKF,0.9715399
95,14_7,MSMCRKNSGS,0.15439884
96,14_8,RKYV,0.115986146
97,15_1,MDSSGARRAD,0.29265648
98,15_2,LRAKAKAMAE,0.44326192
99,15_3,KPRVLLAACG,0.9564995
100,15_4,SVCAVKFGNV,0.92412347
101,15_5,CRSFAEWAVV,0.812794
102,15_6,KVVLIKSALR,0.98464566
103,15_7,FIDEQTLPQD,0.8854768
104,15_8,VTVYRDEKDW,0.84468764
105,15_9,RTWKKLGDPM,0.91743004
106,15_10,LHIELCNWAE,0.9694299
107,15_11,IMVIAPLSAN,0.60875654
108,15_12,TLSKVINQT,0.38874412
109,16_1,MADIVDEAIT,0.11172045
110,16_2,FFRANVFFKK,0.9315472
111,16_3,FHVKSSADKL,0.95443225
112,16_4,LIYLTFYIHI,0.98259914
113,16_5,ALKRLEGCQT,0.83568627
114,16_6,LAVGTKAIIN,0.64157254
115,16_7,LGLEKVPVPG,0.67437536
116,16_8,EPGFPFPGLF,0.863902
117,16_9,TLPQSQEEAE,0.54895806
118,16_10,LLRNYLKQIR,0.84304833
119,16_11,EETSGRLLNC,0.95863825
120,16_12,AYRANGFPNK,0.66780335
121,16_13,WWLAFAKRKF,0.5330648
122,16_14,MNIVIL,0.04178077
123,17_1,MGAVVTAVIA,0.5571306
124,17_2,IAAVVLGWIT,0.8603525
125,17_3,IEMACKPCLE,0.547734
126,17_4,TGRRAMDRAL,0.9674792
127,17_5,DPNHDPDSPT,0.89613855
128,17_6,NAGGASANEP,0.96249753
129,17_7,LLADLSASTA,0.8292514
130,17_8,PPAKAI,0.4900698
131,18_1,MGGDVHSDDD,0.41090137
132,18_2,DEEGDEREVD,0.40406373
133,18_3,DGVDDDGDGA,0.4444299
134,18_4,GLQVAELHQV,0.93821204
135,18_5,VAAGELDEQP,0.87459534
136,18_6,RREQHEQHQP,0.96619415
137,18_7,DHHGAPVRHL,0.98339266
138,18_8,ARSTMNCLPT,0.9344449
139,18_9,YWSLWLVRGV,0.9827381
140,18_10,AGAWGSEEDE,0.56276155
141,18_11,GRPGGEGGLL,0.72247875
142,18_12,VWFAGARSRL,0.40237075
143,19_1,MSKITVLFFT,0.9042774
144,19_2,VLFLCCMITH,0.9746148
145,19_3,STRPQPAFHK,0.9615106
146,19_4,ESLVSTLHQD,0.97969604
147,19_5,AEEVDESCEG,0.42940155
148,19_6,IKEEECLIRR,0.8693001
149,19_7,TLTAHIDYIY,0.8363227
150,19_8,TQKHNNP,0.09659651
151,20_1,MTTEPQGSHQ,0.70202446
152,20_2,HGSKRDLPSC,0.96152794
153,20_3,RKNVPGTSFV,0.98321277
154,20_4,SDLRDHIHEF,0.96095556
155,20_5,INASSDEHMT,0.39448774
156,20_6,CFTKTIKKMF,0.88931257
157,20_7,GMSMTVAHKS,0.8330291
158,20_8,SKAEEAGPA,0.6136364
159,21_1,MCSTIYEPPH,0.8321984
160,21_2,TTDDQSRHAI,0.8667066
161,21_3,HPPILVELDG,0.67779213
162,21_4,YIFCVFCVFC,0.8650023
163,21_5,FLLCFSVLLF,0.95555496
164,21_6,RSVLKFICTT,0.93623716
165,21_7,GK,0.1444668
166,22_1,MCPRWPCTSR,0.20429325
167,22_2,PIRPVVCVSV,0.97258437
168,22_3,WVPILVELEG,0.9563389
169,22_4,APEELSRLEI,0.6296429
170,23_1,MTATGCIIYA,0.110814385
171,23_2,CWRCDRVAGR,0.91454774
172,23_3,SLPILVELDG,0.88674766
173,23_4,WLLCAHTM,0.52705944
174,24_1,MCGRAFIRRL,0.39844087
175,24_2,FGSVFARGFF,0.93657
176,24_3,CSPILVELDG,0.91864866
177,24_4,LSDGECRFIT,0.21307921
178,24_5,LLRF,0.068763986
179,25_1,MGGRAGGHYL,0.5794736
180,25_2,SVCVAVVRVS,0.9276109
181,25_3,SWPILVELDG,0.9390005
182,25_4,SLSIVGLCTI,0.60650295
183,25_5,TCVQRFRRR,0.0901868
184,26_1,MGQSYAKSPD,0.5792283
185,26_2,GTVGTARPPY,0.8992321
186,26_3,PRPILVELDG,0.91438824
187,26_4,FFLFLSLLFF,0.38658947
188,26_5,WLSLLFLV,0.22262189
189,27_1,MCPRWPCTSR,0.20429325
190,27_2,PIRPVVCVSV,0.96772176
191,27_3,WVPILVELDG,0.8820978
192,27_4,APEELRRLER,0.46877328
193,27_5,SLNSRP,0.083683416
194,28_1,MCPRWPCTSR,0.20429325
195,28_2,PIRPVVCVSV,0.9654879
196,28_3,WLPILVELDG,0.90336114
197,28_4,APEELSRLAR,0.5268022
198,28_5,S,0.16184309
199,29_1,MFLVRRVWGF,0.6437944
200,29_2,RGCLIGGRGA,0.7425449
201,29_3,VWPILVELDG,0.82701
202,29_4,DVNGHKFSVR,0.9689344
203,29_5,GEGEGDATNG,0.7425771
204,29_6,KLTLKFICTT,0.8939623
205,29_7,GK,0.1444668
206,30_1,MAQCASSALL,0.5826864
207,30_2,GSSWEGRGFA,0.832154
208,30_3,ERPILVELDG,0.8855893
209,31_1,MCCGGRVCML,0.103248715
210,31_2,CTCLVLVVIA,0.8543246
211,31_3,IGLLFGFGVF,0.24937198
212,31_4,KHGFHKIKDT,0.9777419
213,31_5,VSFCDSCGGG,0.26293147
214,31_6,AAGGGRPFIG,0.05256927
215,31_7,YAPPPLF,0.0674032
216,32_1,MATRIIGLSF,0.09336627
217,32_2,FLGFLCIALL,0.8877175
218,32_3,FASGSAQIVC,0.89181536
219,32_4,QQKGICPNTI,0.49529773
220,32_5,ACYNYCLGLG,0.59282357
221,32_6,FQGYGRCDDN,0.13168888
222,32_7,GLCCCKKG,0.030716412
223,33_1,MSHSLVSVIL,0.8861765
224,33_2,VKVILAAMII,0.97623116
225,33_3,VLFSHAVRSQ,0.9763401
226,33_4,QICLASCKDT,0.5711512
227,33_5,PSCDAHCKFI,0.36056244
228,33_6,GYGKGTCFIV,0.8072552
229,33_7,SPTYSKCCCF,0.14759578
230,34_1,MIMNTKSKLI,0.14008337
231,34_2,TLWVLLYFCS,0.9535022
232,34_3,ITNSLAASKK,0.8878324
233,34_4,CNFPAIFNFG,0.46363553
234,34_5,DSNSDTGGLS,0.945875
235,34_6,AAFSSWRVLL,0.5700325
236,34_7,PSPCWSLL,0.49324244
237,35_1,MDKARFGLFF,0.51091725
238,35_2,MLLILLASRK,0.9218763
239,35_3,PLSMHLRSHR,0.970511
240,35_4,FKGMCLSEHN,0.94278294
241,35_5,CASVSHLEGF,0.7868426
242,35_6,TGGKCWGFRR,0.038972534
243,35_7,RCFCSKHC,0.044270992
244,36_1,MRSILSLCLS,0.92446595
245,36_2,STWSNGLLSA,0.9607678
246,36_3,IPSMVTCSRL,0.93529516
247,36_4,DSPFTTKTNN,0.76229554
248,36_5,PQQQIKFKFM,0.92931247
249,36_6,IMLSFQCGQF,0.24651693
250,36_7,VSISCSK,0.09501681
251,37_1,MRNISNLVLP,0.9312189
252,37_2,SLASLGPSFP,0.8416473
253,37_3,GFTWYSICLC,0.91282797
254,37_4,LVHFLLRSFH,0.98219717
255,37_5,LSFSYIAKEF,0.8533927
256,37_6,KTFVTIGKGG,0.802734
257,37_7,IGC,0.03247758
258,38_1,MIKTVFRNST,0.7556743
259,38_2,SLLLYIMHAS,0.9417124
260,38_3,FPSVILCVVC,0.49713063
261,38_4,NKVAIKAVIQ,0.79763806
262,38_5,KCCIYMLCKI,0.6292889
263,38_6,LL,0.106517054
264,39_1,MKVAFVAVLL,0.68034214
265,39_2,ICLVLSSSLF,0.92531693
266,39_3,EVSMAGSAFC,0.9435744
267,39_4,SSKCAKRCSR,0.93472767
268,39_5,AGMKDRCTRF,0.2640034
269,39_6,CGICCSKCRC,0.54029614
270,39_7,VPSGTYGNKH,0.3864099
271,39_8,ECPCYRDMKN,0.15518571
272,39_9,SKGKPKCP,0.07824497
273,40_1,MAAKGNQNTN,0.39461806
274,40_2,RNTKPNSVIC,0.86661893
275,40_3,ADCDGNDNCL,0.06364312
276,40_4,LILRAVLCSQ,0.9720062
277,40_5,CKGSGVNSVD,0.782359
278,40_6,IFNGQFKAGD,0.35204622
279,40_7,TCWLCGGRKE,0.38459072
280,40_8,MLCGNCNGTG,0.2262665
281,40_9,FVGGFLSTYD,0.6176941
282,40_10,Q,0.08481025
283,41_1,MTKASLFFPC,0.59612876
284,41_2,LIILFIVASG,0.96154994
285,41_3,TTGFANACNF,0.5890547
286,41_4,PCHSPNGCGN,0.27009892
287,41_5,LHCPGCVKQC,0.088040866
288,41_6,VNFCCLCDCS,0.017513331
289,41_7,PPPNGNVS,0.27726424
290,42_1,MKTSSKSIGQ,0.8715321
291,42_2,LYKPLSVMKE,0.9182185
292,42_3,CNHCQMVCNK,0.6131672
293,42_4,FSCNFFVLKL,0.42835614
294,42_5,CQAGKKCKQD,0.054679792
295,42_6,SFIWC,0.17758717
296,43_1,MADTGGGDAV,0.058455497
297,43_2,RPVVICDNKC,0.6786593
298,43_3,GCTLPCTGGS,0.8441515
299,43_4,TCRCTSAGTA,0.851649
300,43_5,TGGGATGGGD,0.8453722
301,43_6,HVTCSCGEHC,0.27742872
302,43_7,GCNPCSCPKI,0.071670756
303,43_8,AAAGSGCRCG,0.47000164
304,43_9,TDCACASCRT,0.20147364
305,44_1,MHNSGLHISE,0.9145796
306,44_2,LCIHNFGMST,0.96554625
307,44_3,LENMFFGLSI,0.95780975
308,44_4,SELCMHNFRM,0.80992305
309,44_5,DNHKCEFFVF,0.08357761
310,44_6,QIF,0.04336367
311,45_1,MLLRNFFLHP,0.38215438
312,45_2,CIKLAISNIH,0.93108183
313,45_3,PCNVISLSIF,0.9790775
314,45_4,ITSTILSRHS,0.9591351
315,45_5,CTQRNYINKI,0.4285788
316,45_6,SVI,0.097635195
317,46_1,MNQSGASLSK,0.88810366
318,46_2,SKSKVTKSNK,0.9352669
319,46_3,VRVCIIYCHG,0.97287637
320,46_4,VRPSSTSLTL,0.96025145
321,46_5,HCICGISIRR,0.4458624
322,46_6,NP,0.036247104
323,47_1,MLLLLLLEMS,0.89077556
324,47_2,KFDFHFGYEV,0.96996474
325,47_3,ACHVMNYGLV,0.75062895
326,47_4,GELVLLCFWI,0.783673
327,47_5,LSPCLSFNCC,0.1191852
328,47_6,CYSSMC,0.103038155
329,48_1,MARDFLDAHA,0.35088155
330,48_2,NEAGLVLHSG,0.8007821
331,48_3,PIFLFLMIVA,0.9725804
332,48_4,SLSIISMIIF,0.6608599
333,48_5,ACGKKGGGGG,0.07761146
334,48_6,GGGCGGDGGG,0.3295496
335,48_7,GGGDGGGGDG,0.28886828
336,48_8,GGGDGGGGGG,0.29766983
337,48_9,GGCGGGGGGG,0.10996086
338,48_10,GC,0.0823582
339,49_1,MQGKTDANAI,0.117089026
340,49_2,IRLRPSRRRH,0.9180439
341,49_3,QDSCQCPFFF,0.7046036
342,49_4,HISEFHSCAS,0.95847666
343,49_5,SPLLIHTCWI,0.81898075
344,49_6,FCGTSIG,0.19814041
345,50_1,MCLDIICGPA,0.3671155
346,50_2,AAKIHRPLST,0.91287386
347,50_3,CLRCFHHLLG,0.9688548
348,50_4,CWLTFEQHGQ,0.92778635
349,50_5,FLLYTGCPLQ,0.6772773
350,50_6,LYLTRLL,0.13235785
351,51_1,MSALFNFHSF,0.81354946
352,51_2,LTVILLGICA,0.9380895
353,51_3,CTYFKMQFPA,0.8541905
354,51_4,ILDQKTGFRG,0.35308647
355,51_5,FFWKAARIGR,0.41783223
356,51_6,CLLFSLFI,0.10255415
357,52_1,MLKGVMLKGV,0.39328983
358,52_2,MLSNLSTIIY,0.51751953
359,52_3,EFAIMCPVLL,0.96012187
360,52_4,SECSLKLLLR,0.90406716
361,52_5,LQIKESGNCY,0.33606613
362,52_6,CTTMF,0.11485247
363,53_1,MFGVRSRALA,0.89580995
364,53_2,PSLSKSHGCC,0.956996
365,53_3,SASSNVSAFL,0.95691633
366,53_4,TSNHCTWGGG,0.9158458
367,53_5,GHARSCCSDM,0.9571785
368,53_6,FTSHLTWVSF,0.98169005
369,53_7,VVHLLLHGTT,0.96566755
370,54_1,MKFGGCSCLG,0.48159298
371,54_2,TGSVGLGDTT,0.82702893
372,54_3,ILGGGGAYWF,0.6414133
373,54_4,GCGRSRWRLV,0.9086543
374,54_5,VERRWDWWWY,0.9663744
375,54_6,LCRRWRFGRE,0.26096162
376,54_7,CGGYGGC,0.03824057
377,55_1,MVNHISNCSL,0.9438473
378,55_2,LFVMLALTIT,0.9644038
379,55_3,GLIEVKGNTC,0.81011343
380,55_4,SQPLGGCGPM,0.13559294
381,55_5,GQCDQRCKAL,0.3680117
382,55_6,HIDGQGSCDL,0.35808054
383,55_7,GLCTCYYGCA,0.51216567
384,55_8,DPPPSPTPPK,0.14074837
385,55_9,MCNNGLGVCS,0.08048517
386,55_10,VQCGDACCNA,0.12552819
387,55_11,KCASKYNQGT,0.9552361
388,55_12,GMCSTIGNNN,0.1457773
389,55_13,LCTCQYRCG,0.100007124
390,56_1,MSHSLVSVIL,0.8861765
391,56_2,VKVILAAMII,0.97623116
392,56_3,VLFSHAVRSQ,0.9763401
393,56_4,QICLASCKDT,0.5711512
394,56_5,PSCDAHCKFI,0.36056244
395,56_6,GYGKGTCFIV,0.8072552
396,56_7,SPTYSKCCCF,0.14759578
397,57_1,MRSILSLCLS,0.92446595
398,57_2,STWSNGLLSA,0.9607678
399,57_3,IPSMVTCSRL,0.93529516
400,57_4,DSPFTTKTNN,0.76229554
401,57_5,PQQQIKFKFM,0.92931247
402,57_6,IMLSFQCGQF,0.24651693
403,57_7,VSISCSK,0.09501681
404,58_1,MRNISNLVLP,0.9312189
405,58_2,SLASLGPSFP,0.8416473
406,58_3,GFTWYSICLC,0.91282797
407,58_4,LVHFLLRSFH,0.98219717
408,58_5,LSFSYIAKEF,0.8533927
409,58_6,KTFVTIGKGG,0.802734
410,58_7,IGC,0.03247758
411,59_1,MLGSTGLGIV,0.16797356
412,59_2,IAAGVFGAAA,0.9229724
413,59_3,SLLLAYFFWQ,0.88183427
414,59_4,CTGKGKGGRR,0.9490872
415,59_5,RHRRGTSESG,0.9840276
416,59_6,GGEDGSWWTE,0.49511433
417,59_7,RLRAAHNRLV,0.76785564
418,59_8,PVSLF,0.20240164
419,60_1,MTKASLFFPC,0.59612876
420,60_2,LIILFIVASG,0.96154994
421,60_3,TTGFANACNF,0.5890547
422,60_4,PCHSPNGCGN,0.27009892
423,60_5,LHCPGCVKQC,0.088040866
424,60_6,VNFCCLCDCS,0.017513331
425,60_7,PPPNGNVS,0.27726424
426,61_1,MSCSSGKCDC,0.32980382
427,61_2,GSSCSCGSSC,0.45187858
428,61_3,NCMSPNVETA,0.8679778
429,61_4,AASSIKTTVL,0.95602065
430,61_5,AAPTTKASAG,0.8592509
431,61_6,GFEAATEGGG,0.81532604
432,61_7,CDCNTCNCGT,0.0679554
433,61_8,SCGCSCCSCN,0.04456574
434,62_1,MQGKTDANAI,0.117089026
435,62_2,IRLRPSRRRH,0.9180439
436,62_3,QDSCQCPFFF,0.7046036
437,62_4,HISEFHSCAS,0.95847666
438,62_5,SPLLIHTCWI,0.81898075
439,62_6,FCGTSIG,0.19814041
440,63_1,MDKANKLSAG,0.23095849
441,63_2,AGEKATKSRS,0.9513647
442,63_3,HGSTALFVAV,0.9420092
443,63_4,DYAFLLAFAG,0.9750191
444,63_5,FLAYLVGSRI,0.9265704
445,63_6,LPSAAGSA,0.55134225
446,64_1,MSALFNFHSF,0.81354946
447,64_2,LTVILLGICA,0.9380895
448,64_3,CTYFKMQFPA,0.8541905
449,64_4,ILDQKTGFRG,0.35308647
450,64_5,FFWKAARIGR,0.41783223
451,64_6,CLLFSLFI,0.10255415
452,65_1,MVNHISNCSL,0.9438473
453,65_2,LFVMLALTIT,0.9644038
454,65_3,GLIEVKGNTC,0.81011343
455,65_4,SQPLGGCGPM,0.13559294
456,65_5,GQCDQRCKAL,0.3680117
457,65_6,HIDGQGSCDL,0.35808054
458,65_7,GLCTCYYGCA,0.51216567
459,65_8,DPPPSPTPPK,0.14074837
460,65_9,MCNNGLGVCS,0.08048517
461,65_10,VQCGDACCNA,0.12552819
462,65_11,KCASKYNQGT,0.9552361
463,65_12,GMCSTIGNNN,0.1457773
464,65_13,LCTCQYRCG,0.100007124
465,66_1,MVVVVVEGNP,0.13384794
466,66_2,ICCSNRKVQI,0.7011528
467,66_3,FICIVPSFVF,0.7486584
468,66_4,IGFCFCANNG,0.10925144
469,66_5,RGSTGKALQI,0.45456353
470,66_6,IGTFFFF,0.042512305
471,67_1,MTSCSFSCII,0.7639408
472,67_2,SNNNALLRSS,0.9490651
473,67_3,ATLVVFTFGV,0.96052414
474,67_4,VPRSCSSFSS,0.44095612
475,67_5,GCNVRVCHLP,0.056630768
476,67_6,QSLPLVG,0.11860727
477,68_1,MGGLSTKLFV,0.3106588
478,68_2,VLLLLVCYTG,0.97053075
479,68_3,TQGGPVTMVS,0.95520854
480,68_4,ARKCESQSFR,0.8868176
481,68_5,FKGPCSRDAN,0.72561544
482,68_6,CANVCLTEGF,0.6998753
483,68_7,TGGVCKGLRH,0.047052704
484,68_8,RCFCTRDC,0.05466582
485,69_1,MSAQGKRRYD,0.6977148
486,69_2,RKQSGHGGQT,0.9647108
487,69_3,KPVFHKKAKT,0.9121926
488,69_4,TKKIVLKLQC,0.9664083
489,69_5,QSCKHYSQHA,0.8145531
490,69_6,IKRCKHFEIG,0.8603345
491,69_7,GDKNGKGTSL,0.24383374
492,69_8,F,0.17145859
493,70_1,MYQLGEFKLH,0.34154335
494,70_2,FYLCILTLTF,0.92626995
495,70_3,ILLCFLFLCS,0.19277893
496,70_4,TCCFCVLQFW,0.57453156
497,70_5,LGWGLLTGFH,0.86309636
498,70_6,ITIDCFCNNL,0.05487863
499,70_7,LHWKNFSCA,0.15026309
500,71_1,MRDNFFVKKG,0.7000363
501,71_2,TLFHVSGREG,0.8908094
502,71_3,RVPLQTIRAK,0.9631969
503,71_4,IDYCCYTVRA,0.563796
504,71_5,IYGILGIKVW,0.57717556
505,71_6,IFSK,0.09313202
506,72_1,MPMSWALTVS,0.8030619
507,72_2,VVDTVFAALA,0.9482726
508,72_3,AWVSACLSAA,0.94655704
509,72_4,TAVTRSPRTG,0.86005276
510,72_5,VMGRFAFLLS,0.09090879
511,72_6,A,0.1359688
512,73_1,MSSCFTMRLV,0.9266209
513,73_2,ISMSFSLGIN,0.90039515
514,73_3,SFKKAISATE,0.958752
515,73_4,TKCHSTIGVM,0.6936676
516,73_5,KKSRKLLLDA,0.91053146
517,73_6,KKNGTITT,0.8224298
518,74_1,MTHLICLIYL,0.90544564
519,74_2,KCSCLHVQTL,0.98289907
520,74_3,LNVISPILYN,0.909184
521,74_4,IGLNTKIIFI,0.23320547
522,74_5,IFYIRFQIRV,0.66468614
523,74_6,S,0.16184309
524,75_1,MASRNKAAAL,0.33973178
525,75_2,LLCFLFLAAV,0.96643627
526,75_3,AASAAEMIAG,0.8854242
527,75_4,SGIGDGEGEE,0.3258953
528,75_5,LDKGGGGGGG,0.8735308
529,75_6,HHKHEGYKNK,0.916031
530,75_7,DGKGNLKPSQ,0.44168353
531,75_8,CGGECRRRCS,0.4645852
532,75_9,KTHHKKPCLF,0.87070155
533,75_10,FCNKCCAKCL,0.19888015
534,75_11,CVPPGTYGNK,0.61146265
535,75_12,ETCPCYNNWK,0.07723403
536,75_13,TKKGGPKCP,0.053423557
537,76_1,MVVVVVEGNP,0.13384794
538,76_2,ICCSNRKVQI,0.7011528
539,76_3,FICIVPSFVF,0.7486584
540,76_4,IGFCFCANNG,0.15861207
541,76_5,RGSTEGKGHV,0.33564696
542,76_6,HMVHFGF,0.1817429
543,77_1,MAGLRMKFVA,0.5666294
544,77_2,VAAMAAALVA,0.9801207
545,77_3,SAAAAEAPAP,0.897364
546,77_4,APASDAAAAV,0.872872
547,77_5,PLAAASLAAA,0.93326783
548,77_6,AFGYLFC,0.041759226
549,78_1,MRHGTRLLCA,0.8851858
550,78_2,LALTLLCMAT,0.9732722
551,78_3,HFQGASCRGG,0.57968134
552,78_4,GGGGRGGGGG,0.28323284
553,78_5,GGGGGGGRGG,0.7169566
554,78_6,GSGTGGGRSG,0.56663996
555,78_7,RGRSGRPFLG,0.9675794
556,78_8,GVGAGAAAGV,0.8837668
557,78_9,GARTAAGGSH,0.9355195
558,78_10,GHRSVAAGGA,0.9118078
559,78_11,GGPGVWRVAG,0.7233656
560,78_12,AGAALTAALL,0.72573316
561,78_13,A,0.1359688
562,79_1,MRWVMYQLIL,0.6912813
563,79_2,FHKPNKNVKS,0.9191317
564,79_3,EKMDQLIPQT,0.97263634
565,79_4,KHPISYQGET,0.9759243
566,79_5,SCCFHLCLAF,0.9216079
567,79_6,SKATFKHECF,0.9102117
568,79_7,YILPIPFIIF,0.57689387
569,79_8,PLLTNLVIVN,0.81668997
570,79_9,HQLKCYLFFA,0.9410976
571,79_10,RNEGQHFSLV,0.42950627
572,79_11,KCSN,0.07357404
573,80_1,MTKRTKKAGI,0.13800912
574,80_2,VGKYGTRYGA,0.8442069
575,80_3,SLRKQIKKME,0.94864714
576,80_4,VSQHSKFFCE,0.8180394
577,80_5,FCGKYAVKRK,0.42443934
578,80_6,AVGIWGCKDC,0.2623226
579,80_7,GKVKAGGAYT,0.54277956
580,80_8,LK,0.12553361
