Index,symbol,Sequences,AGP
1,1_1,MRSILSLCLS,0.6756611
2,1_2,STWSNGLLSA,0.1800514
3,1_3,IPSMVTCSRL,0.44479743
4,1_4,DSPFTTKTNN,0.12612504
5,1_5,PQQQIKFKFM,0.16894794
6,1_6,IMLSFQCGQF,0.10649586
7,1_7,VSISCSK,0.6912777
8,2_1,MDMKKVTCAL,0.42229763
9,2_2,LIAAASMSAA,0.6765702
10,2_3,VAAAEAPAPS,0.5305828
11,2_4,PGPGPSSGAS,0.74562603
12,2_5,APLVGSLIGA,0.35569552
13,2_6,SVLSFFALFQ,0.33010828
14,3_1,MLKGVMLKGV,0.24565585
15,3_2,MLSNLSTIIY,0.3470612
16,3_3,EFAIMCPVLL,0.27839348
17,3_4,SECSLKLLLR,0.31601724
18,3_5,LQIKESGNCY,0.16275884
19,3_6,CTTMF,0.702658
20,4_1,MKQETTSDGS,0.5403247
21,4_2,GTMVLRKCVL,0.5478543
22,4_3,LFWNQRQRCT,0.1387753
23,4_4,RWVLFFEGVG,0.16304336
24,4_5,INFVIIFALI,0.37056464
25,4_6,RG,0.061578605
26,5_1,MDMKKITCAL,0.472055
27,5_2,LIAATSVSAA,0.5882895
28,5_3,VAATEVPASA,0.6041733
29,5_4,PGPGPSSGAS,0.74562603
30,5_5,APLVGSLIGA,0.35569552
31,5_6,SVLSFFALFQ,0.33010828
32,6_1,MRSILSLCLS,0.6756611
33,6_2,STWSNGLLSA,0.1800514
34,6_3,IPSMVTCSRL,0.44479743
35,6_4,DSPFTTKTNN,0.12612504
36,6_5,PQQQIKFKFM,0.16894794
37,6_6,IMLSFQCGQF,0.10649586
38,6_7,VSISCSK,0.6912777
39,7_1,MDKANKLSAG,0.5466816
40,7_2,AGEKATKSRS,0.117459014
41,7_3,HGSTALFVAV,0.48680413
42,7_4,DYAFLLAFAG,0.17812808
43,7_5,FLAYLVGSRI,0.13257635
44,7_6,LPSAAGSA,0.6602295
45,8_1,MTKCQKRASI,0.17693529
46,8_2,QGLWLLSMVL,0.5251558
47,8_3,LASSSLVCAS,0.817643
48,8_4,MAVDGQTKED,0.24567191
49,8_5,INATSVTSMN,0.6300057
50,8_6,MTRSSSASYN,0.5672006
51,8_7,MTGGGGELNR,0.092388906
52,8_8,GPCVVRSGFY,0.22976923
53,8_9,WCQNIGYPTM,0.097454175
54,8_10,SECLKNCES,0.50309247
55,9_1,MRAQRIMERV,0.14303304
56,9_2,QEEQRRWYGV,0.14969948
57,9_3,KEPGQTNCCS,0.14676419
58,9_4,ARRTSRICLF,0.30491883
59,9_5,QSMALLASPQ,0.55921525
60,9_6,GI,0.14048696
61,10_1,MRAQRIMERV,0.14303304
62,10_2,QEEQRRWYGV,0.14969948
63,10_3,KEPGQTNCCS,0.14676419
64,10_4,ARRTSRICLF,0.30491883
65,10_5,QSMALLASPQ,0.55921525
66,10_6,GI,0.14048696
67,11_1,MASNISPSAF,0.6433331
68,11_2,DKEQIFGMAE,0.2077317
69,11_3,KEMEYRVELF,0.15719417
70,11_4,NKMTQTCFNK,0.09196322
71,11_5,CVDNRYKESE,0.2252073
72,11_6,LNMGENSCID,0.3148387
73,11_7,RCVSKYWHVT,0.25159395
74,11_8,NLIGQLLGSG,0.56933033
75,11_9,KPAM,0.8206849
76,12_1,MSKITVLFFT,0.6021121
77,12_2,VLFLCCMITH,0.5591844
78,12_3,STRPQPAFHK,0.05270445
79,12_4,ESLVSTLHQD,0.36950716
80,12_5,AEEVDESCEG,0.12969862
81,12_6,IKEEECLIRR,0.15695985
82,12_7,TLTAHIDYIY,0.27600867
83,12_8,TQKHNNP,0.24388681
84,13_1,MASSSYSNSP,0.72509384
85,13_2,YDACKFLRRK,0.15230957
86,13_3,CMLDCIFSPY,0.48989978
87,13_4,FPPKEPQKFT,0.090307645
88,13_5,NVHKIFRASF,0.18101285
89,14_1,MLLLDFVHPK,0.4837482
90,14_2,LILQKLVEHL,0.16381633
91,14_3,LKRIEANLRR,0.17753968
92,14_4,ELYYWHAYYD,0.15707126
93,14_5,RRLPPGITAL,0.66383415
94,14_6,LKLEEFVAKF,0.21295294
95,14_7,MSMCRKNSGS,0.77967006
96,14_8,RKYV,0.63014203
97,15_1,MDSSGARRAD,0.4799881
98,15_2,LRAKAKAMAE,0.2483867
99,15_3,KPRVLLAACG,0.22368056
100,15_4,SVCAVKFGNV,0.14513174
101,15_5,CRSFAEWAVV,0.15294819
102,15_6,KVVLIKSALR,0.45379835
103,15_7,FIDEQTLPQD,0.23537831
104,15_8,VTVYRDEKDW,0.31375217
105,15_9,RTWKKLGDPM,0.39102086
106,15_10,LHIELCNWAE,0.20927559
107,15_11,IMVIAPLSAN,0.5657613
108,15_12,TLSKVINQT,0.25480637
109,16_1,MADIVDEAIT,0.25015026
110,16_2,FFRANVFFKK,0.07812112
111,16_3,FHVKSSADKL,0.1706217
112,16_4,LIYLTFYIHI,0.47837883
113,16_5,ALKRLEGCQT,0.097437754
114,16_6,LAVGTKAIIN,0.18705153
115,16_7,LGLEKVPVPG,0.87020606
116,16_8,EPGFPFPGLF,0.15764275
117,16_9,TLPQSQEEAE,0.11343229
118,16_10,LLRNYLKQIR,0.14844915
119,16_11,EETSGRLLNC,0.17434762
120,16_12,AYRANGFPNK,0.079860166
121,16_13,WWLAFAKRKF,0.13755949
122,16_14,MNIVIL,0.8781335
123,17_1,MGAVVTAVIA,0.33358538
124,17_2,IAAVVLGWIT,0.2689146
125,17_3,IEMACKPCLE,0.21770956
126,17_4,TGRRAMDRAL,0.19100246
127,17_5,DPNHDPDSPT,0.22606438
128,17_6,NAGGASANEP,0.25116336
129,17_7,LLADLSASTA,0.3185143
130,17_8,PPAKAI,0.43224657
131,18_1,MGGDVHSDDD,0.17784828
132,18_2,DEEGDEREVD,0.13826463
133,18_3,DGVDDDGDGA,0.15680139
134,18_4,GLQVAELHQV,0.12462097
135,18_5,VAAGELDEQP,0.2017498
136,18_6,RREQHEQHQP,0.08010888
137,18_7,DHHGAPVRHL,0.18160419
138,18_8,ARSTMNCLPT,0.3540802
139,18_9,YWSLWLVRGV,0.25460213
140,18_10,AGAWGSEEDE,0.2839213
141,18_11,GRPGGEGGLL,0.11793053
142,18_12,VWFAGARSRL,0.10327313
143,19_1,MSKITVLFFT,0.6021121
144,19_2,VLFLCCMITH,0.5591844
145,19_3,STRPQPAFHK,0.05270445
146,19_4,ESLVSTLHQD,0.36950716
147,19_5,AEEVDESCEG,0.12969862
148,19_6,IKEEECLIRR,0.15695985
149,19_7,TLTAHIDYIY,0.27600867
150,19_8,TQKHNNP,0.24388681
151,20_1,MTTEPQGSHQ,0.1413494
152,20_2,HGSKRDLPSC,0.37273392
153,20_3,RKNVPGTSFV,0.34908107
154,20_4,SDLRDHIHEF,0.16300769
155,20_5,INASSDEHMT,0.48590332
156,20_6,CFTKTIKKMF,0.110188104
157,20_7,GMSMTVAHKS,0.37913156
158,20_8,SKAEEAGPA,0.35640585
159,21_1,MCSTIYEPPH,0.23274861
160,21_2,TTDDQSRHAI,0.39476806
161,21_3,HPPILVELDG,0.31926107
162,21_4,YIFCVFCVFC,0.16723152
163,21_5,FLLCFSVLLF,0.44123676
164,21_6,RSVLKFICTT,0.7583659
165,21_7,GK,0.17998303
166,22_1,MCPRWPCTSR,0.096766874
167,22_2,PIRPVVCVSV,0.44480473
168,22_3,WVPILVELEG,0.2298931
169,22_4,APEELSRLEI,0.18002154
170,23_1,MTATGCIIYA,0.16793105
171,23_2,CWRCDRVAGR,0.079827674
172,23_3,SLPILVELDG,0.2972121
173,23_4,WLLCAHTM,0.7473529
174,24_1,MCGRAFIRRL,0.071190774
175,24_2,FGSVFARGFF,0.10198126
176,24_3,CSPILVELDG,0.34754276
177,24_4,LSDGECRFIT,0.14733104
178,24_5,LLRF,0.26003358
179,25_1,MGGRAGGHYL,0.0798417
180,25_2,SVCVAVVRVS,0.38556585
181,25_3,SWPILVELDG,0.1740265
182,25_4,SLSIVGLCTI,0.27581903
183,25_5,TCVQRFRRR,0.092738576
184,26_1,MGQSYAKSPD,0.2884494
185,26_2,GTVGTARPPY,0.112825595
186,26_3,PRPILVELDG,0.291115
187,26_4,FFLFLSLLFF,0.22084272
188,26_5,WLSLLFLV,0.7389435
189,27_1,MCPRWPCTSR,0.096766874
190,27_2,PIRPVVCVSV,0.44480473
191,27_3,WVPILVELDG,0.24622051
192,27_4,APEELRRLER,0.26200485
193,27_5,SLNSRP,0.68848956
194,28_1,MCPRWPCTSR,0.096766874
195,28_2,PIRPVVCVSV,0.44480473
196,28_3,WLPILVELDG,0.36391369
197,28_4,APEELSRLAR,0.16681677
198,28_5,S,0.15795235
199,29_1,MFLVRRVWGF,0.29589674
200,29_2,RGCLIGGRGA,0.08440079
201,29_3,VWPILVELDG,0.13239434
202,29_4,DVNGHKFSVR,0.21070261
203,29_5,GEGEGDATNG,0.074390374
204,29_6,KLTLKFICTT,0.7674118
205,29_7,GK,0.17998303
206,30_1,MAQCASSALL,0.26792255
207,30_2,GSSWEGRGFA,0.0847642
208,30_3,ERPILVELDG,0.29234332
209,31_1,MCCGGRVCML,0.11711042
210,31_2,CTCLVLVVIA,0.15529707
211,31_3,IGLLFGFGVF,0.23600987
212,31_4,KHGFHKIKDT,0.14375922
213,31_5,VSFCDSCGGG,0.14500873
214,31_6,AAGGGRPFIG,0.13028437
215,31_7,YAPPPLF,0.77546924
216,32_1,MATRIIGLSF,0.27516842
217,32_2,FLGFLCIALL,0.52394867
218,32_3,FASGSAQIVC,0.55155534
219,32_4,QQKGICPNTI,0.23805033
220,32_5,ACYNYCLGLG,0.11125658
221,32_6,FQGYGRCDDN,0.07424551
222,32_7,GLCCCKKG,0.43255454
223,33_1,MSHSLVSVIL,0.725088
224,33_2,VKVILAAMII,0.25330353
225,33_3,VLFSHAVRSQ,0.39669383
226,33_4,QICLASCKDT,0.50389665
227,33_5,PSCDAHCKFI,0.18436296
228,33_6,GYGKGTCFIV,0.047094576
229,33_7,SPTYSKCCCF,0.34994859
230,34_1,MIMNTKSKLI,0.36233634
231,34_2,TLWVLLYFCS,0.35915634
232,34_3,ITNSLAASKK,0.14663386
233,34_4,CNFPAIFNFG,0.1380399
234,34_5,DSNSDTGGLS,0.19739704
235,34_6,AAFSSWRVLL,0.33183077
236,34_7,PSPCWSLL,0.76992726
237,35_1,MDKARFGLFF,0.21491009
238,35_2,MLLILLASRK,0.19895029
239,35_3,PLSMHLRSHR,0.55391496
240,35_4,FKGMCLSEHN,0.11332179
241,35_5,CASVSHLEGF,0.26863638
242,35_6,TGGKCWGFRR,0.060271453
243,35_7,RCFCSKHC,0.112143554
244,36_1,MRSILSLCLS,0.6756611
245,36_2,STWSNGLLSA,0.1800514
246,36_3,IPSMVTCSRL,0.44479743
247,36_4,DSPFTTKTNN,0.12612504
248,36_5,PQQQIKFKFM,0.16894794
249,36_6,IMLSFQCGQF,0.10649586
250,36_7,VSISCSK,0.6912777
251,37_1,MRNISNLVLP,0.4331988
252,37_2,SLASLGPSFP,0.5772572
253,37_3,GFTWYSICLC,0.23992333
254,37_4,LVHFLLRSFH,0.19341695
255,37_5,LSFSYIAKEF,0.37944207
256,37_6,KTFVTIGKGG,0.18730864
257,37_7,IGC,0.08954915
258,38_1,MIKTVFRNST,0.19563295
259,38_2,SLLLYIMHAS,0.5884219
260,38_3,FPSVILCVVC,0.6090596
261,38_4,NKVAIKAVIQ,0.30053738
262,38_5,KCCIYMLCKI,0.57834095
263,38_6,LL,0.42319238
264,39_1,MKVAFVAVLL,0.27778405
265,39_2,ICLVLSSSLF,0.6102758
266,39_3,EVSMAGSAFC,0.20183177
267,39_4,SSKCAKRCSR,0.39307386
268,39_5,AGMKDRCTRF,0.08826483
269,39_6,CGICCSKCRC,0.15571815
270,39_7,VPSGTYGNKH,0.16104099
271,39_8,ECPCYRDMKN,0.11313982
272,39_9,SKGKPKCP,0.82293516
273,40_1,MAAKGNQNTN,0.08481765
274,40_2,RNTKPNSVIC,0.194872
275,40_3,ADCDGNDNCL,0.13690546
276,40_4,LILRAVLCSQ,0.26631755
277,40_5,CKGSGVNSVD,0.27154112
278,40_6,IFNGQFKAGD,0.1461846
279,40_7,TCWLCGGRKE,0.07253855
280,40_8,MLCGNCNGTG,0.14298084
281,40_9,FVGGFLSTYD,0.112463854
282,40_10,Q,0.06816831
283,41_1,MTKASLFFPC,0.35751575
284,41_2,LIILFIVASG,0.51185954
285,41_3,TTGFANACNF,0.100775026
286,41_4,PCHSPNGCGN,0.11196393
287,41_5,LHCPGCVKQC,0.15303363
288,41_6,VNFCCLCDCS,0.24313898
289,41_7,PPPNGNVS,0.5441444
290,42_1,MKTSSKSIGQ,0.33580744
291,42_2,LYKPLSVMKE,0.16974148
292,42_3,CNHCQMVCNK,0.087021485
293,42_4,FSCNFFVLKL,0.16065696
294,42_5,CQAGKKCKQD,0.15819892
295,42_6,SFIWC,0.28764358
296,43_1,MADTGGGDAV,0.24111426
297,43_2,RPVVICDNKC,0.44236508
298,43_3,GCTLPCTGGS,0.1769596
299,43_4,TCRCTSAGTA,0.10435686
300,43_5,TGGGATGGGD,0.11256656
301,43_6,HVTCSCGEHC,0.104734555
302,43_7,GCNPCSCPKI,0.12779167
303,43_8,AAAGSGCRCG,0.15647933
304,43_9,TDCACASCRT,0.11084504
305,44_1,MHNSGLHISE,0.33403644
306,44_2,LCIHNFGMST,0.2841455
307,44_3,LENMFFGLSI,0.6909165
308,44_4,SELCMHNFRM,0.12388662
309,44_5,DNHKCEFFVF,0.1804894
310,44_6,QIF,0.5102341
311,45_1,MLLRNFFLHP,0.23295696
312,45_2,CIKLAISNIH,0.4818417
313,45_3,PCNVISLSIF,0.38674146
314,45_4,ITSTILSRHS,0.3911579
315,45_5,CTQRNYINKI,0.098932944
316,45_6,SVI,0.6598088
317,46_1,MNQSGASLSK,0.32136485
318,46_2,SKSKVTKSNK,0.19724214
319,46_3,VRVCIIYCHG,0.11943758
320,46_4,VRPSSTSLTL,0.8641192
321,46_5,HCICGISIRR,0.15204549
322,46_6,NP,0.5683319
323,47_1,MLLLLLLEMS,0.3788993
324,47_2,KFDFHFGYEV,0.09431522
325,47_3,ACHVMNYGLV,0.19106832
326,47_4,GELVLLCFWI,0.1279104
327,47_5,LSPCLSFNCC,0.68872553
328,47_6,CYSSMC,0.44095212
329,48_1,MARDFLDAHA,0.17023382
330,48_2,NEAGLVLHSG,0.47546768
331,48_3,PIFLFLMIVA,0.5463187
332,48_4,SLSIISMIIF,0.41669297
333,48_5,ACGKKGGGGG,0.083997935
334,48_6,GGGCGGDGGG,0.067706056
335,48_7,GGGDGGGGDG,0.08355893
336,48_8,GGGDGGGGGG,0.07837248
337,48_9,GGCGGGGGGG,0.061690353
338,48_10,GC,0.05291884
339,49_1,MQGKTDANAI,0.16674
340,49_2,IRLRPSRRRH,0.28804567
341,49_3,QDSCQCPFFF,0.08285932
342,49_4,HISEFHSCAS,0.13355336
343,49_5,SPLLIHTCWI,0.17860293
344,49_6,FCGTSIG,0.13811004
345,50_1,MCLDIICGPA,0.55004984
346,50_2,AAKIHRPLST,0.25229764
347,50_3,CLRCFHHLLG,0.13543817
348,50_4,CWLTFEQHGQ,0.1638725
349,50_5,FLLYTGCPLQ,0.2040099
350,50_6,LYLTRLL,0.8762202
351,51_1,MSALFNFHSF,0.44819003
352,51_2,LTVILLGICA,0.583038
353,51_3,CTYFKMQFPA,0.12240076
354,51_4,ILDQKTGFRG,0.14083166
355,51_5,FFWKAARIGR,0.08868295
356,51_6,CLLFSLFI,0.58487076
357,52_1,MLKGVMLKGV,0.24565585
358,52_2,MLSNLSTIIY,0.3470612
359,52_3,EFAIMCPVLL,0.27839348
360,52_4,SECSLKLLLR,0.31601724
361,52_5,LQIKESGNCY,0.16275884
362,52_6,CTTMF,0.702658
363,53_1,MFGVRSRALA,0.19769654
364,53_2,PSLSKSHGCC,0.48158374
365,53_3,SASSNVSAFL,0.44651634
366,53_4,TSNHCTWGGG,0.13379155
367,53_5,GHARSCCSDM,0.16455428
368,53_6,FTSHLTWVSF,0.3102509
369,53_7,VVHLLLHGTT,0.5536994
370,54_1,MKFGGCSCLG,0.13255584
371,54_2,TGSVGLGDTT,0.6141826
372,54_3,ILGGGGAYWF,0.1204438
373,54_4,GCGRSRWRLV,0.0768103
374,54_5,VERRWDWWWY,0.11445255
375,54_6,LCRRWRFGRE,0.05223751
376,54_7,CGGYGGC,0.08454225
377,55_1,MVNHISNCSL,0.21904755
378,55_2,LFVMLALTIT,0.7732033
379,55_3,GLIEVKGNTC,0.13155906
380,55_4,SQPLGGCGPM,0.11304782
381,55_5,GQCDQRCKAL,0.16101049
382,55_6,HIDGQGSCDL,0.15615965
383,55_7,GLCTCYYGCA,0.08708329
384,55_8,DPPPSPTPPK,0.77440846
385,55_9,MCNNGLGVCS,0.12262873
386,55_10,VQCGDACCNA,0.14549607
387,55_11,KCASKYNQGT,0.10797587
388,55_12,GMCSTIGNNN,0.12328056
389,55_13,LCTCQYRCG,0.094758086
390,56_1,MSHSLVSVIL,0.725088
391,56_2,VKVILAAMII,0.25330353
392,56_3,VLFSHAVRSQ,0.39669383
393,56_4,QICLASCKDT,0.50389665
394,56_5,PSCDAHCKFI,0.18436296
395,56_6,GYGKGTCFIV,0.047094576
396,56_7,SPTYSKCCCF,0.34994859
397,57_1,MRSILSLCLS,0.6756611
398,57_2,STWSNGLLSA,0.1800514
399,57_3,IPSMVTCSRL,0.44479743
400,57_4,DSPFTTKTNN,0.12612504
401,57_5,PQQQIKFKFM,0.16894794
402,57_6,IMLSFQCGQF,0.10649586
403,57_7,VSISCSK,0.6912777
404,58_1,MRNISNLVLP,0.4331988
405,58_2,SLASLGPSFP,0.5772572
406,58_3,GFTWYSICLC,0.23992333
407,58_4,LVHFLLRSFH,0.19341695
408,58_5,LSFSYIAKEF,0.37944207
409,58_6,KTFVTIGKGG,0.18730864
410,58_7,IGC,0.08954915
411,59_1,MLGSTGLGIV,0.43245775
412,59_2,IAAGVFGAAA,0.3175467
413,59_3,SLLLAYFFWQ,0.2372798
414,59_4,CTGKGKGGRR,0.046722855
415,59_5,RHRRGTSESG,0.17056163
416,59_6,GGEDGSWWTE,0.15380359
417,59_7,RLRAAHNRLV,0.20594645
418,59_8,PVSLF,0.8175364
419,60_1,MTKASLFFPC,0.35751575
420,60_2,LIILFIVASG,0.51185954
421,60_3,TTGFANACNF,0.100775026
422,60_4,PCHSPNGCGN,0.11196393
423,60_5,LHCPGCVKQC,0.15303363
424,60_6,VNFCCLCDCS,0.24313898
425,60_7,PPPNGNVS,0.5441444
426,61_1,MSCSSGKCDC,0.33454835
427,61_2,GSSCSCGSSC,0.21708727
428,61_3,NCMSPNVETA,0.53474426
429,61_4,AASSIKTTVL,0.58420527
430,61_5,AAPTTKASAG,0.2967142
431,61_6,GFEAATEGGG,0.10409102
432,61_7,CDCNTCNCGT,0.085377134
433,61_8,SCGCSCCSCN,0.09350273
434,62_1,MQGKTDANAI,0.16674
435,62_2,IRLRPSRRRH,0.28804567
436,62_3,QDSCQCPFFF,0.08285932
437,62_4,HISEFHSCAS,0.13355336
438,62_5,SPLLIHTCWI,0.17860293
439,62_6,FCGTSIG,0.13811004
440,63_1,MDKANKLSAG,0.5466816
441,63_2,AGEKATKSRS,0.117459014
442,63_3,HGSTALFVAV,0.48680413
443,63_4,DYAFLLAFAG,0.17812808
444,63_5,FLAYLVGSRI,0.13257635
445,63_6,LPSAAGSA,0.6602295
446,64_1,MSALFNFHSF,0.44819003
447,64_2,LTVILLGICA,0.583038
448,64_3,CTYFKMQFPA,0.12240076
449,64_4,ILDQKTGFRG,0.14083166
450,64_5,FFWKAARIGR,0.08868295
451,64_6,CLLFSLFI,0.58487076
452,65_1,MVNHISNCSL,0.21904755
453,65_2,LFVMLALTIT,0.7732033
454,65_3,GLIEVKGNTC,0.13155906
455,65_4,SQPLGGCGPM,0.11304782
456,65_5,GQCDQRCKAL,0.16101049
457,65_6,HIDGQGSCDL,0.15615965
458,65_7,GLCTCYYGCA,0.08708329
459,65_8,DPPPSPTPPK,0.77440846
460,65_9,MCNNGLGVCS,0.12262873
461,65_10,VQCGDACCNA,0.14549607
462,65_11,KCASKYNQGT,0.10797587
463,65_12,GMCSTIGNNN,0.12328056
464,65_13,LCTCQYRCG,0.094758086
465,66_1,MVVVVVEGNP,0.3587629
466,66_2,ICCSNRKVQI,0.25273076
467,66_3,FICIVPSFVF,0.711995
468,66_4,IGFCFCANNG,0.06050772
469,66_5,RGSTGKALQI,0.12476705
470,66_6,IGTFFFF,0.37201443
471,67_1,MTSCSFSCII,0.3446302
472,67_2,SNNNALLRSS,0.4832378
473,67_3,ATLVVFTFGV,0.26196215
474,67_4,VPRSCSSFSS,0.7713559
475,67_5,GCNVRVCHLP,0.11246802
476,67_6,QSLPLVG,0.63939947
477,68_1,MGGLSTKLFV,0.20846388
478,68_2,VLLLLVCYTG,0.39766082
479,68_3,TQGGPVTMVS,0.5314745
480,68_4,ARKCESQSFR,0.16143599
481,68_5,FKGPCSRDAN,0.2312531
482,68_6,CANVCLTEGF,0.37639856
483,68_7,TGGVCKGLRH,0.14764842
484,68_8,RCFCTRDC,0.11795509
485,69_1,MSAQGKRRYD,0.20583698
486,69_2,RKQSGHGGQT,0.1310727
487,69_3,KPVFHKKAKT,0.16851497
488,69_4,TKKIVLKLQC,0.14929608
489,69_5,QSCKHYSQHA,0.13104315
490,69_6,IKRCKHFEIG,0.17853871
491,69_7,GDKNGKGTSL,0.09502441
492,69_8,F,0.090295896
493,70_1,MYQLGEFKLH,0.19257331
494,70_2,FYLCILTLTF,0.6575423
495,70_3,ILLCFLFLCS,0.47543448
496,70_4,TCCFCVLQFW,0.10540918
497,70_5,LGWGLLTGFH,0.3426415
498,70_6,ITIDCFCNNL,0.22253577
499,70_7,LHWKNFSCA,0.14460585
500,71_1,MRDNFFVKKG,0.187618
501,71_2,TLFHVSGREG,0.15919614
502,71_3,RVPLQTIRAK,0.21461628
503,71_4,IDYCCYTVRA,0.05948691
504,71_5,IYGILGIKVW,0.16127166
505,71_6,IFSK,0.5548189
506,72_1,MPMSWALTVS,0.8025542
507,72_2,VVDTVFAALA,0.287305
508,72_3,AWVSACLSAA,0.22583243
509,72_4,TAVTRSPRTG,0.54369295
510,72_5,VMGRFAFLLS,0.11116739
511,72_6,A,0.15482953
512,73_1,MSSCFTMRLV,0.56261003
513,73_2,ISMSFSLGIN,0.78650945
514,73_3,SFKKAISATE,0.13472137
515,73_4,TKCHSTIGVM,0.22617055
516,73_5,KKSRKLLLDA,0.53827167
517,73_6,KKNGTITT,0.5915513
518,74_1,MTHLICLIYL,0.4437384
519,74_2,KCSCLHVQTL,0.5617329
520,74_3,LNVISPILYN,0.58776844
521,74_4,IGLNTKIIFI,0.26013377
522,74_5,IFYIRFQIRV,0.09755265
523,74_6,S,0.15795235
524,75_1,MASRNKAAAL,0.22954844
525,75_2,LLCFLFLAAV,0.4190423
526,75_3,AASAAEMIAG,0.19403942
527,75_4,SGIGDGEGEE,0.13151321
528,75_5,LDKGGGGGGG,0.115722306
529,75_6,HHKHEGYKNK,0.106515385
530,75_7,DGKGNLKPSQ,0.46947387
531,75_8,CGGECRRRCS,0.14706787
532,75_9,KTHHKKPCLF,0.43313345
533,75_10,FCNKCCAKCL,0.17666556
534,75_11,CVPPGTYGNK,0.22715242
535,75_12,ETCPCYNNWK,0.16049813
536,75_13,TKKGGPKCP,0.3386811
537,76_1,MVVVVVEGNP,0.3587629
538,76_2,ICCSNRKVQI,0.25273076
539,76_3,FICIVPSFVF,0.711995
540,76_4,IGFCFCANNG,0.06050772
541,76_5,RGSTEGKGHV,0.14123999
542,76_6,HMVHFGF,0.3238782
543,77_1,MAGLRMKFVA,0.46353075
544,77_2,VAAMAAALVA,0.3620379
545,77_3,SAAAAEAPAP,0.37853643
546,77_4,APASDAAAAV,0.47805643
547,77_5,PLAAASLAAA,0.4733346
548,77_6,AFGYLFC,0.14661337
549,78_1,MRHGTRLLCA,0.46948668
550,78_2,LALTLLCMAT,0.829443
551,78_3,HFQGASCRGG,0.100997254
552,78_4,GGGGRGGGGG,0.04980552
553,78_5,GGGGGGGRGG,0.046832737
554,78_6,GSGTGGGRSG,0.08981357
555,78_7,RGRSGRPFLG,0.18111835
556,78_8,GVGAGAAAGV,0.22775875
557,78_9,GARTAAGGSH,0.12705283
558,78_10,GHRSVAAGGA,0.22782749
559,78_11,GGPGVWRVAG,0.10904218
560,78_12,AGAALTAALL,0.5087719
561,78_13,A,0.15482953
562,79_1,MRWVMYQLIL,0.339049
563,79_2,FHKPNKNVKS,0.11089733
564,79_3,EKMDQLIPQT,0.2782049
565,79_4,KHPISYQGET,0.1891136
566,79_5,SCCFHLCLAF,0.14173557
567,79_6,SKATFKHECF,0.109224565
568,79_7,YILPIPFIIF,0.42054045
569,79_8,PLLTNLVIVN,0.56012225
570,79_9,HQLKCYLFFA,0.14377034
571,79_10,RNEGQHFSLV,0.16101685
572,79_11,KCSN,0.6271289
573,80_1,MTKRTKKAGI,0.26980925
574,80_2,VGKYGTRYGA,0.121549256
575,80_3,SLRKQIKKME,0.084821574
576,80_4,VSQHSKFFCE,0.15911822
577,80_5,FCGKYAVKRK,0.06892979
578,80_6,AVGIWGCKDC,0.13859594
579,80_7,GKVKAGGAYT,0.11929993
580,80_8,LK,0.5892426
