Index,symbol,Sequences,ACP
1,1_1,MRSILSLCLS,0.3579068
2,1_2,STWSNGLLSA,0.6981875
3,1_3,IPSMVTCSRL,0.5993758
4,1_4,DSPFTTKTNN,0.35251468
5,1_5,PQQQIKFKFM,0.47567973
6,1_6,IMLSFQCGQF,0.62495875
7,1_7,VSISCSK,0.73128295
8,2_1,MDMKKVTCAL,0.2305503
9,2_2,LIAAASMSAA,0.82057637
10,2_3,VAAAEAPAPS,0.60396844
11,2_4,PGPGPSSGAS,0.50837404
12,2_5,APLVGSLIGA,0.39415008
13,2_6,SVLSFFALFQ,0.5394159
14,3_1,MLKGVMLKGV,0.5545617
15,3_2,MLSNLSTIIY,0.5360887
16,3_3,EFAIMCPVLL,0.76525074
17,3_4,SECSLKLLLR,0.5643868
18,3_5,LQIKESGNCY,0.63320494
19,3_6,CTTMF,0.43619335
20,4_1,MKQETTSDGS,0.84109837
21,4_2,GTMVLRKCVL,0.34643993
22,4_3,LFWNQRQRCT,0.42732018
23,4_4,RWVLFFEGVG,0.32401857
24,4_5,INFVIIFALI,0.6900909
25,4_6,RG,0.61456275
26,5_1,MDMKKITCAL,0.19574265
27,5_2,LIAATSVSAA,0.6897276
28,5_3,VAATEVPASA,0.8010523
29,5_4,PGPGPSSGAS,0.50837404
30,5_5,APLVGSLIGA,0.39415008
31,5_6,SVLSFFALFQ,0.5394159
32,6_1,MRSILSLCLS,0.3579068
33,6_2,STWSNGLLSA,0.6981875
34,6_3,IPSMVTCSRL,0.5993758
35,6_4,DSPFTTKTNN,0.35251468
36,6_5,PQQQIKFKFM,0.47567973
37,6_6,IMLSFQCGQF,0.62495875
38,6_7,VSISCSK,0.73128295
39,7_1,MDKANKLSAG,0.15519391
40,7_2,AGEKATKSRS,0.41719076
41,7_3,HGSTALFVAV,0.73024184
42,7_4,DYAFLLAFAG,0.44436797
43,7_5,FLAYLVGSRI,0.55541086
44,7_6,LPSAAGSA,0.80431324
45,8_1,MTKCQKRASI,0.2414288
46,8_2,QGLWLLSMVL,0.6269552
47,8_3,LASSSLVCAS,0.87992615
48,8_4,MAVDGQTKED,0.6546884
49,8_5,INATSVTSMN,0.36472234
50,8_6,MTRSSSASYN,0.56555134
51,8_7,MTGGGGELNR,0.6258592
52,8_8,GPCVVRSGFY,0.38778117
53,8_9,WCQNIGYPTM,0.42913127
54,8_10,SECLKNCES,0.8136559
55,9_1,MRAQRIMERV,0.51895064
56,9_2,QEEQRRWYGV,0.46018726
57,9_3,KEPGQTNCCS,0.46850327
58,9_4,ARRTSRICLF,0.36641383
59,9_5,QSMALLASPQ,0.7587066
60,9_6,GI,0.686038
61,10_1,MRAQRIMERV,0.51895064
62,10_2,QEEQRRWYGV,0.46018726
63,10_3,KEPGQTNCCS,0.46850327
64,10_4,ARRTSRICLF,0.36641383
65,10_5,QSMALLASPQ,0.7587066
66,10_6,GI,0.686038
67,11_1,MASNISPSAF,0.759606
68,11_2,DKEQIFGMAE,0.74636173
69,11_3,KEMEYRVELF,0.56199086
70,11_4,NKMTQTCFNK,0.3436256
71,11_5,CVDNRYKESE,0.7862196
72,11_6,LNMGENSCID,0.65036094
73,11_7,RCVSKYWHVT,0.5116769
74,11_8,NLIGQLLGSG,0.57722867
75,11_9,KPAM,0.75743496
76,12_1,MSKITVLFFT,0.32181755
77,12_2,VLFLCCMITH,0.42442453
78,12_3,STRPQPAFHK,0.8650168
79,12_4,ESLVSTLHQD,0.90607333
80,12_5,AEEVDESCEG,0.7846998
81,12_6,IKEEECLIRR,0.70234835
82,12_7,TLTAHIDYIY,0.5172915
83,12_8,TQKHNNP,0.59268355
84,13_1,MASSSYSNSP,0.4812786
85,13_2,YDACKFLRRK,0.4542703
86,13_3,CMLDCIFSPY,0.20790136
87,13_4,FPPKEPQKFT,0.18579653
88,13_5,NVHKIFRASF,0.70432884
89,14_1,MLLLDFVHPK,0.75154907
90,14_2,LILQKLVEHL,0.63561726
91,14_3,LKRIEANLRR,0.57593787
92,14_4,ELYYWHAYYD,0.64460504
93,14_5,RRLPPGITAL,0.7079634
94,14_6,LKLEEFVAKF,0.6008258
95,14_7,MSMCRKNSGS,0.5411771
96,14_8,RKYV,0.6022879
97,15_1,MDSSGARRAD,0.69105417
98,15_2,LRAKAKAMAE,0.6323984
99,15_3,KPRVLLAACG,0.40650705
100,15_4,SVCAVKFGNV,0.6336502
101,15_5,CRSFAEWAVV,0.7353686
102,15_6,KVVLIKSALR,0.65068316
103,15_7,FIDEQTLPQD,0.78866524
104,15_8,VTVYRDEKDW,0.81257284
105,15_9,RTWKKLGDPM,0.65643
106,15_10,LHIELCNWAE,0.59067833
107,15_11,IMVIAPLSAN,0.523245
108,15_12,TLSKVINQT,0.65027237
109,16_1,MADIVDEAIT,0.70598316
110,16_2,FFRANVFFKK,0.9341617
111,16_3,FHVKSSADKL,0.8410376
112,16_4,LIYLTFYIHI,0.53935444
113,16_5,ALKRLEGCQT,0.55510193
114,16_6,LAVGTKAIIN,0.50471175
115,16_7,LGLEKVPVPG,0.72089684
116,16_8,EPGFPFPGLF,0.42112458
117,16_9,TLPQSQEEAE,0.83489466
118,16_10,LLRNYLKQIR,0.7205886
119,16_11,EETSGRLLNC,0.47651833
120,16_12,AYRANGFPNK,0.3609403
121,16_13,WWLAFAKRKF,0.61150926
122,16_14,MNIVIL,0.5531894
123,17_1,MGAVVTAVIA,0.27105802
124,17_2,IAAVVLGWIT,0.23989604
125,17_3,IEMACKPCLE,0.6066194
126,17_4,TGRRAMDRAL,0.83154535
127,17_5,DPNHDPDSPT,0.70351815
128,17_6,NAGGASANEP,0.807491
129,17_7,LLADLSASTA,0.70192266
130,17_8,PPAKAI,0.7110567
131,18_1,MGGDVHSDDD,0.8355712
132,18_2,DEEGDEREVD,0.73255813
133,18_3,DGVDDDGDGA,0.8158291
134,18_4,GLQVAELHQV,0.8220511
135,18_5,VAAGELDEQP,0.8904465
136,18_6,RREQHEQHQP,0.79346764
137,18_7,DHHGAPVRHL,0.703607
138,18_8,ARSTMNCLPT,0.32179865
139,18_9,YWSLWLVRGV,0.45478556
140,18_10,AGAWGSEEDE,0.7730557
141,18_11,GRPGGEGGLL,0.6360152
142,18_12,VWFAGARSRL,0.47066635
143,19_1,MSKITVLFFT,0.32181755
144,19_2,VLFLCCMITH,0.42442453
145,19_3,STRPQPAFHK,0.8650168
146,19_4,ESLVSTLHQD,0.90607333
147,19_5,AEEVDESCEG,0.7846998
148,19_6,IKEEECLIRR,0.70234835
149,19_7,TLTAHIDYIY,0.5172915
150,19_8,TQKHNNP,0.59268355
151,20_1,MTTEPQGSHQ,0.51305664
152,20_2,HGSKRDLPSC,0.66075766
153,20_3,RKNVPGTSFV,0.6472363
154,20_4,SDLRDHIHEF,0.6560031
155,20_5,INASSDEHMT,0.5897144
156,20_6,CFTKTIKKMF,0.31468675
157,20_7,GMSMTVAHKS,0.6690919
158,20_8,SKAEEAGPA,0.8411172
159,21_1,MCSTIYEPPH,0.56462073
160,21_2,TTDDQSRHAI,0.78444195
161,21_3,HPPILVELDG,0.46233246
162,21_4,YIFCVFCVFC,0.518735
163,21_5,FLLCFSVLLF,0.5331723
164,21_6,RSVLKFICTT,0.64989334
165,21_7,GK,0.6832251
166,22_1,MCPRWPCTSR,0.22484232
167,22_2,PIRPVVCVSV,0.45959857
168,22_3,WVPILVELEG,0.5942741
169,22_4,APEELSRLEI,0.6923723
170,23_1,MTATGCIIYA,0.2551491
171,23_2,CWRCDRVAGR,0.39673823
172,23_3,SLPILVELDG,0.6890133
173,23_4,WLLCAHTM,0.45943445
174,24_1,MCGRAFIRRL,0.2918721
175,24_2,FGSVFARGFF,0.5044307
176,24_3,CSPILVELDG,0.4955826
177,24_4,LSDGECRFIT,0.6480117
178,24_5,LLRF,0.6182732
179,25_1,MGGRAGGHYL,0.40959385
180,25_2,SVCVAVVRVS,0.57590157
181,25_3,SWPILVELDG,0.5173358
182,25_4,SLSIVGLCTI,0.62933785
183,25_5,TCVQRFRRR,0.41720662
184,26_1,MGQSYAKSPD,0.44121101
185,26_2,GTVGTARPPY,0.42670444
186,26_3,PRPILVELDG,0.35322198
187,26_4,FFLFLSLLFF,0.36870214
188,26_5,WLSLLFLV,0.28242198
189,27_1,MCPRWPCTSR,0.22484232
190,27_2,PIRPVVCVSV,0.4382983
191,27_3,WVPILVELDG,0.41698384
192,27_4,APEELRRLER,0.595788
193,27_5,SLNSRP,0.64981073
194,28_1,MCPRWPCTSR,0.22484232
195,28_2,PIRPVVCVSV,0.40448663
196,28_3,WLPILVELDG,0.47019204
197,28_4,APEELSRLAR,0.6397047
198,28_5,S,0.65613925
199,29_1,MFLVRRVWGF,0.15212241
200,29_2,RGCLIGGRGA,0.4410956
201,29_3,VWPILVELDG,0.41380048
202,29_4,DVNGHKFSVR,0.66964316
203,29_5,GEGEGDATNG,0.6562286
204,29_6,KLTLKFICTT,0.655487
205,29_7,GK,0.6832251
206,30_1,MAQCASSALL,0.31901115
207,30_2,GSSWEGRGFA,0.7001588
208,30_3,ERPILVELDG,0.63202804
209,31_1,MCCGGRVCML,0.46545288
210,31_2,CTCLVLVVIA,0.3595928
211,31_3,IGLLFGFGVF,0.7067791
212,31_4,KHGFHKIKDT,0.56124717
213,31_5,VSFCDSCGGG,0.5226303
214,31_6,AAGGGRPFIG,0.37142235
215,31_7,YAPPPLF,0.47821498
216,32_1,MATRIIGLSF,0.1635775
217,32_2,FLGFLCIALL,0.38125965
218,32_3,FASGSAQIVC,0.71465313
219,32_4,QQKGICPNTI,0.39906666
220,32_5,ACYNYCLGLG,0.28807884
221,32_6,FQGYGRCDDN,0.43280146
222,32_7,GLCCCKKG,0.66963947
223,33_1,MSHSLVSVIL,0.4148624
224,33_2,VKVILAAMII,0.43268225
225,33_3,VLFSHAVRSQ,0.7703532
226,33_4,QICLASCKDT,0.61058587
227,33_5,PSCDAHCKFI,0.5719798
228,33_6,GYGKGTCFIV,0.52027065
229,33_7,SPTYSKCCCF,0.77986974
230,34_1,MIMNTKSKLI,0.23356852
231,34_2,TLWVLLYFCS,0.34868953
232,34_3,ITNSLAASKK,0.40048468
233,34_4,CNFPAIFNFG,0.34357384
234,34_5,DSNSDTGGLS,0.75444824
235,34_6,AAFSSWRVLL,0.3135246
236,34_7,PSPCWSLL,0.46763256
237,35_1,MDKARFGLFF,0.29403418
238,35_2,MLLILLASRK,0.29374936
239,35_3,PLSMHLRSHR,0.66275513
240,35_4,FKGMCLSEHN,0.6074754
241,35_5,CASVSHLEGF,0.3680395
242,35_6,TGGKCWGFRR,0.41491294
243,35_7,RCFCSKHC,0.63381565
244,36_1,MRSILSLCLS,0.3579068
245,36_2,STWSNGLLSA,0.6981875
246,36_3,IPSMVTCSRL,0.5993758
247,36_4,DSPFTTKTNN,0.35251468
248,36_5,PQQQIKFKFM,0.47567973
249,36_6,IMLSFQCGQF,0.62495875
250,36_7,VSISCSK,0.73128295
251,37_1,MRNISNLVLP,0.4247102
252,37_2,SLASLGPSFP,0.4492278
253,37_3,GFTWYSICLC,0.3506304
254,37_4,LVHFLLRSFH,0.75445515
255,37_5,LSFSYIAKEF,0.7236278
256,37_6,KTFVTIGKGG,0.48745605
257,37_7,IGC,0.7404076
258,38_1,MIKTVFRNST,0.42861915
259,38_2,SLLLYIMHAS,0.44660375
260,38_3,FPSVILCVVC,0.47418395
261,38_4,NKVAIKAVIQ,0.2480572
262,38_5,KCCIYMLCKI,0.7916583
263,38_6,LL,0.56981003
264,39_1,MKVAFVAVLL,0.33401453
265,39_2,ICLVLSSSLF,0.6710724
266,39_3,EVSMAGSAFC,0.40718868
267,39_4,SSKCAKRCSR,0.70543456
268,39_5,AGMKDRCTRF,0.23455688
269,39_6,CGICCSKCRC,0.50629073
270,39_7,VPSGTYGNKH,0.28086713
271,39_8,ECPCYRDMKN,0.5466832
272,39_9,SKGKPKCP,0.68504167
273,40_1,MAAKGNQNTN,0.07730748
274,40_2,RNTKPNSVIC,0.5794777
275,40_3,ADCDGNDNCL,0.40958992
276,40_4,LILRAVLCSQ,0.5948737
277,40_5,CKGSGVNSVD,0.73660654
278,40_6,IFNGQFKAGD,0.588782
279,40_7,TCWLCGGRKE,0.4287355
280,40_8,MLCGNCNGTG,0.56631017
281,40_9,FVGGFLSTYD,0.4653269
282,40_10,Q,0.67182493
283,41_1,MTKASLFFPC,0.2897713
284,41_2,LIILFIVASG,0.37424845
285,41_3,TTGFANACNF,0.45701176
286,41_4,PCHSPNGCGN,0.38387927
287,41_5,LHCPGCVKQC,0.6822549
288,41_6,VNFCCLCDCS,0.50906223
289,41_7,PPPNGNVS,0.19424094
290,42_1,MKTSSKSIGQ,0.39908862
291,42_2,LYKPLSVMKE,0.5736728
292,42_3,CNHCQMVCNK,0.52338696
293,42_4,FSCNFFVLKL,0.5570953
294,42_5,CQAGKKCKQD,0.7338507
295,42_6,SFIWC,0.47937128
296,43_1,MADTGGGDAV,0.47207677
297,43_2,RPVVICDNKC,0.6071802
298,43_3,GCTLPCTGGS,0.6728975
299,43_4,TCRCTSAGTA,0.6656039
300,43_5,TGGGATGGGD,0.6626059
301,43_6,HVTCSCGEHC,0.7262107
302,43_7,GCNPCSCPKI,0.5195144
303,43_8,AAAGSGCRCG,0.44676527
304,43_9,TDCACASCRT,0.43071142
305,44_1,MHNSGLHISE,0.3850531
306,44_2,LCIHNFGMST,0.69568574
307,44_3,LENMFFGLSI,0.6689215
308,44_4,SELCMHNFRM,0.6142029
309,44_5,DNHKCEFFVF,0.413106
310,44_6,QIF,0.6407839
311,45_1,MLLRNFFLHP,0.4300274
312,45_2,CIKLAISNIH,0.43192214
313,45_3,PCNVISLSIF,0.5612115
314,45_4,ITSTILSRHS,0.46584806
315,45_5,CTQRNYINKI,0.45736194
316,45_6,SVI,0.61526024
317,46_1,MNQSGASLSK,0.37055925
318,46_2,SKSKVTKSNK,0.3698204
319,46_3,VRVCIIYCHG,0.4893604
320,46_4,VRPSSTSLTL,0.5887733
321,46_5,HCICGISIRR,0.6255785
322,46_6,NP,0.5493188
323,47_1,MLLLLLLEMS,0.38205642
324,47_2,KFDFHFGYEV,0.64659584
325,47_3,ACHVMNYGLV,0.6525032
326,47_4,GELVLLCFWI,0.39456195
327,47_5,LSPCLSFNCC,0.7857801
328,47_6,CYSSMC,0.57986784
329,48_1,MARDFLDAHA,0.7282521
330,48_2,NEAGLVLHSG,0.56920063
331,48_3,PIFLFLMIVA,0.6640068
332,48_4,SLSIISMIIF,0.5301787
333,48_5,ACGKKGGGGG,0.4712335
334,48_6,GGGCGGDGGG,0.75196326
335,48_7,GGGDGGGGDG,0.67731124
336,48_8,GGGDGGGGGG,0.59600735
337,48_9,GGCGGGGGGG,0.59813935
338,48_10,GC,0.637464
339,49_1,MQGKTDANAI,0.32924414
340,49_2,IRLRPSRRRH,0.6309131
341,49_3,QDSCQCPFFF,0.6189562
342,49_4,HISEFHSCAS,0.72145337
343,49_5,SPLLIHTCWI,0.68469906
344,49_6,FCGTSIG,0.43021116
345,50_1,MCLDIICGPA,0.35798928
346,50_2,AAKIHRPLST,0.1914152
347,50_3,CLRCFHHLLG,0.4429933
348,50_4,CWLTFEQHGQ,0.3347418
349,50_5,FLLYTGCPLQ,0.4658671
350,50_6,LYLTRLL,0.6241405
351,51_1,MSALFNFHSF,0.623642
352,51_2,LTVILLGICA,0.48309714
353,51_3,CTYFKMQFPA,0.5020651
354,51_4,ILDQKTGFRG,0.5306096
355,51_5,FFWKAARIGR,0.65846324
356,51_6,CLLFSLFI,0.41674912
357,52_1,MLKGVMLKGV,0.5545617
358,52_2,MLSNLSTIIY,0.5360887
359,52_3,EFAIMCPVLL,0.76525074
360,52_4,SECSLKLLLR,0.5643868
361,52_5,LQIKESGNCY,0.63320494
362,52_6,CTTMF,0.43619335
363,53_1,MFGVRSRALA,0.38068524
364,53_2,PSLSKSHGCC,0.69451
365,53_3,SASSNVSAFL,0.50723964
366,53_4,TSNHCTWGGG,0.495082
367,53_5,GHARSCCSDM,0.61894935
368,53_6,FTSHLTWVSF,0.51450455
369,53_7,VVHLLLHGTT,0.49089086
370,54_1,MKFGGCSCLG,0.37023377
371,54_2,TGSVGLGDTT,0.5291436
372,54_3,ILGGGGAYWF,0.4632989
373,54_4,GCGRSRWRLV,0.3039681
374,54_5,VERRWDWWWY,0.23432751
375,54_6,LCRRWRFGRE,0.60896325
376,54_7,CGGYGGC,0.575955
377,55_1,MVNHISNCSL,0.44318503
378,55_2,LFVMLALTIT,0.56018573
379,55_3,GLIEVKGNTC,0.5045175
380,55_4,SQPLGGCGPM,0.76049066
381,55_5,GQCDQRCKAL,0.7602991
382,55_6,HIDGQGSCDL,0.6927922
383,55_7,GLCTCYYGCA,0.52011424
384,55_8,DPPPSPTPPK,0.19593199
385,55_9,MCNNGLGVCS,0.45951173
386,55_10,VQCGDACCNA,0.52817327
387,55_11,KCASKYNQGT,0.6736457
388,55_12,GMCSTIGNNN,0.66914916
389,55_13,LCTCQYRCG,0.71022266
390,56_1,MSHSLVSVIL,0.4148624
391,56_2,VKVILAAMII,0.43268225
392,56_3,VLFSHAVRSQ,0.7703532
393,56_4,QICLASCKDT,0.61058587
394,56_5,PSCDAHCKFI,0.5719798
395,56_6,GYGKGTCFIV,0.52027065
396,56_7,SPTYSKCCCF,0.77986974
397,57_1,MRSILSLCLS,0.3579068
398,57_2,STWSNGLLSA,0.6981875
399,57_3,IPSMVTCSRL,0.5993758
400,57_4,DSPFTTKTNN,0.35251468
401,57_5,PQQQIKFKFM,0.47567973
402,57_6,IMLSFQCGQF,0.62495875
403,57_7,VSISCSK,0.73128295
404,58_1,MRNISNLVLP,0.4247102
405,58_2,SLASLGPSFP,0.4492278
406,58_3,GFTWYSICLC,0.3506304
407,58_4,LVHFLLRSFH,0.75445515
408,58_5,LSFSYIAKEF,0.7236278
409,58_6,KTFVTIGKGG,0.48745605
410,58_7,IGC,0.7404076
411,59_1,MLGSTGLGIV,0.498848
412,59_2,IAAGVFGAAA,0.28515804
413,59_3,SLLLAYFFWQ,0.3134907
414,59_4,CTGKGKGGRR,0.32279637
415,59_5,RHRRGTSESG,0.7622258
416,59_6,GGEDGSWWTE,0.5545911
417,59_7,RLRAAHNRLV,0.68795377
418,59_8,PVSLF,0.6088306
419,60_1,MTKASLFFPC,0.2897713
420,60_2,LIILFIVASG,0.37424845
421,60_3,TTGFANACNF,0.45701176
422,60_4,PCHSPNGCGN,0.38387927
423,60_5,LHCPGCVKQC,0.6822549
424,60_6,VNFCCLCDCS,0.50906223
425,60_7,PPPNGNVS,0.19424094
426,61_1,MSCSSGKCDC,0.6723106
427,61_2,GSSCSCGSSC,0.84889895
428,61_3,NCMSPNVETA,0.62919146
429,61_4,AASSIKTTVL,0.3152761
430,61_5,AAPTTKASAG,0.5317278
431,61_6,GFEAATEGGG,0.51096797
432,61_7,CDCNTCNCGT,0.44316757
433,61_8,SCGCSCCSCN,0.8140996
434,62_1,MQGKTDANAI,0.32924414
435,62_2,IRLRPSRRRH,0.6309131
436,62_3,QDSCQCPFFF,0.6189562
437,62_4,HISEFHSCAS,0.72145337
438,62_5,SPLLIHTCWI,0.68469906
439,62_6,FCGTSIG,0.43021116
440,63_1,MDKANKLSAG,0.15519391
441,63_2,AGEKATKSRS,0.41719076
442,63_3,HGSTALFVAV,0.73024184
443,63_4,DYAFLLAFAG,0.44436797
444,63_5,FLAYLVGSRI,0.55541086
445,63_6,LPSAAGSA,0.80431324
446,64_1,MSALFNFHSF,0.623642
447,64_2,LTVILLGICA,0.48309714
448,64_3,CTYFKMQFPA,0.5020651
449,64_4,ILDQKTGFRG,0.5306096
450,64_5,FFWKAARIGR,0.65846324
451,64_6,CLLFSLFI,0.41674912
452,65_1,MVNHISNCSL,0.44318503
453,65_2,LFVMLALTIT,0.56018573
454,65_3,GLIEVKGNTC,0.5045175
455,65_4,SQPLGGCGPM,0.76049066
456,65_5,GQCDQRCKAL,0.7602991
457,65_6,HIDGQGSCDL,0.6927922
458,65_7,GLCTCYYGCA,0.52011424
459,65_8,DPPPSPTPPK,0.19593199
460,65_9,MCNNGLGVCS,0.45951173
461,65_10,VQCGDACCNA,0.52817327
462,65_11,KCASKYNQGT,0.6736457
463,65_12,GMCSTIGNNN,0.66914916
464,65_13,LCTCQYRCG,0.71022266
465,66_1,MVVVVVEGNP,0.2795746
466,66_2,ICCSNRKVQI,0.5795873
467,66_3,FICIVPSFVF,0.32793456
468,66_4,IGFCFCANNG,0.5857908
469,66_5,RGSTGKALQI,0.7163212
470,66_6,IGTFFFF,0.5250699
471,67_1,MTSCSFSCII,0.5379512
472,67_2,SNNNALLRSS,0.5371596
473,67_3,ATLVVFTFGV,0.25363466
474,67_4,VPRSCSSFSS,0.46949512
475,67_5,GCNVRVCHLP,0.45488772
476,67_6,QSLPLVG,0.6338127
477,68_1,MGGLSTKLFV,0.65746474
478,68_2,VLLLLVCYTG,0.57191366
479,68_3,TQGGPVTMVS,0.6083001
480,68_4,ARKCESQSFR,0.3613662
481,68_5,FKGPCSRDAN,0.56317
482,68_6,CANVCLTEGF,0.55115956
483,68_7,TGGVCKGLRH,0.54781926
484,68_8,RCFCTRDC,0.5415604
485,69_1,MSAQGKRRYD,0.2659626
486,69_2,RKQSGHGGQT,0.42074978
487,69_3,KPVFHKKAKT,0.48822495
488,69_4,TKKIVLKLQC,0.46196786
489,69_5,QSCKHYSQHA,0.55258733
490,69_6,IKRCKHFEIG,0.59743
491,69_7,GDKNGKGTSL,0.6449484
492,69_8,F,0.5628948
493,70_1,MYQLGEFKLH,0.66079175
494,70_2,FYLCILTLTF,0.5256448
495,70_3,ILLCFLFLCS,0.6346447
496,70_4,TCCFCVLQFW,0.4512013
497,70_5,LGWGLLTGFH,0.37888828
498,70_6,ITIDCFCNNL,0.55269146
499,70_7,LHWKNFSCA,0.7579669
500,71_1,MRDNFFVKKG,0.6111274
501,71_2,TLFHVSGREG,0.8259736
502,71_3,RVPLQTIRAK,0.50849104
503,71_4,IDYCCYTVRA,0.4880446
504,71_5,IYGILGIKVW,0.5909611
505,71_6,IFSK,0.78690875
506,72_1,MPMSWALTVS,0.53642887
507,72_2,VVDTVFAALA,0.45831424
508,72_3,AWVSACLSAA,0.5949134
509,72_4,TAVTRSPRTG,0.5140143
510,72_5,VMGRFAFLLS,0.61970305
511,72_6,A,0.5779043
512,73_1,MSSCFTMRLV,0.6821895
513,73_2,ISMSFSLGIN,0.7684285
514,73_3,SFKKAISATE,0.61783075
515,73_4,TKCHSTIGVM,0.59029067
516,73_5,KKSRKLLLDA,0.68625396
517,73_6,KKNGTITT,0.5404267
518,74_1,MTHLICLIYL,0.23908606
519,74_2,KCSCLHVQTL,0.70694155
520,74_3,LNVISPILYN,0.4816151
521,74_4,IGLNTKIIFI,0.5280257
522,74_5,IFYIRFQIRV,0.6544477
523,74_6,S,0.65613925
524,75_1,MASRNKAAAL,0.19134483
525,75_2,LLCFLFLAAV,0.6426452
526,75_3,AASAAEMIAG,0.89709526
527,75_4,SGIGDGEGEE,0.8590818
528,75_5,LDKGGGGGGG,0.3831895
529,75_6,HHKHEGYKNK,0.33149236
530,75_7,DGKGNLKPSQ,0.32258433
531,75_8,CGGECRRRCS,0.27253985
532,75_9,KTHHKKPCLF,0.49256566
533,75_10,FCNKCCAKCL,0.5221569
534,75_11,CVPPGTYGNK,0.207363
535,75_12,ETCPCYNNWK,0.5245398
536,75_13,TKKGGPKCP,0.5300696
537,76_1,MVVVVVEGNP,0.2795746
538,76_2,ICCSNRKVQI,0.5795873
539,76_3,FICIVPSFVF,0.32793456
540,76_4,IGFCFCANNG,0.5363378
541,76_5,RGSTEGKGHV,0.6572518
542,76_6,HMVHFGF,0.39876968
543,77_1,MAGLRMKFVA,0.5518367
544,77_2,VAAMAAALVA,0.783525
545,77_3,SAAAAEAPAP,0.7900472
546,77_4,APASDAAAAV,0.56706965
547,77_5,PLAAASLAAA,0.9170457
548,77_6,AFGYLFC,0.2127575
549,78_1,MRHGTRLLCA,0.43739492
550,78_2,LALTLLCMAT,0.41770795
551,78_3,HFQGASCRGG,0.40897417
552,78_4,GGGGRGGGGG,0.39578497
553,78_5,GGGGGGGRGG,0.52820635
554,78_6,GSGTGGGRSG,0.49439713
555,78_7,RGRSGRPFLG,0.45290047
556,78_8,GVGAGAAAGV,0.47878465
557,78_9,GARTAAGGSH,0.31950775
558,78_10,GHRSVAAGGA,0.59397703
559,78_11,GGPGVWRVAG,0.6339709
560,78_12,AGAALTAALL,0.47030592
561,78_13,A,0.5779043
562,79_1,MRWVMYQLIL,0.38625675
563,79_2,FHKPNKNVKS,0.72693974
564,79_3,EKMDQLIPQT,0.44742584
565,79_4,KHPISYQGET,0.76447123
566,79_5,SCCFHLCLAF,0.7627025
567,79_6,SKATFKHECF,0.44374824
568,79_7,YILPIPFIIF,0.55693007
569,79_8,PLLTNLVIVN,0.5478227
570,79_9,HQLKCYLFFA,0.6047485
571,79_10,RNEGQHFSLV,0.65638906
572,79_11,KCSN,0.7787986
573,80_1,MTKRTKKAGI,0.09516526
574,80_2,VGKYGTRYGA,0.4995211
575,80_3,SLRKQIKKME,0.5538344
576,80_4,VSQHSKFFCE,0.551429
577,80_5,FCGKYAVKRK,0.5733292
578,80_6,AVGIWGCKDC,0.20889717
579,80_7,GKVKAGGAYT,0.36408344
580,80_8,LK,0.63263756
